NCBI_ID	Rank	Parent_NCBI_ID	Parent_name	Parent_rank
999891	strain	1390	Bacillus amyloliquefaciens	species
999630	strain	184117	Thermoproteus uzoniensis	species
999628	strain	378211	Methyloversatilis universalis	species
999627	species	1541818	Sedimentitalea	genus
999611	strain	476529	Leisingera aquimarina	species
999552	strain	133924	Leisingera methylohalidivorans	species
999550	strain	385492	Pseudophaeobacter arcticus	species
999549	strain	506591	Leisingera caerulea	species
999548	strain	221822	Phaeobacter inhibens	species
999547	strain	405746	Leisingera daeponensis	species
999543	strain	351187	Salinispora pacifica	species
999542	strain	351187	Salinispora pacifica	species
999541	strain	28095	Burkholderia gladioli	species
999488	genus	118882	Brucellaceae	family
999430	strain	158	Treponema denticola	species
999429	strain	158	Treponema denticola	species
999428	strain	158	Treponema denticola	species
999425	species	1301	Streptococcus	genus
999424	species	1301	Streptococcus	genus
999423	species	970	Selenomonas	genus
999415	strain	31973	Eggerthia catenaformis	species
999413	strain	1522	[Clostridium] innocuum	species
999412	strain	154046	Hungatella hathewayi	species
999386	strain	758826	Acidovorax radicis	species
999378	strain	1582	Lacticaseibacillus casei	species
99919	species	28263	Arcanobacterium	genus
999183	species	28263	Arcanobacterium	genus
999151	species	40222	Methylophaga	genus
999141	species	2745	Halomonas	genus
99907	species	99906	Alkalibacterium	genus
99906	genus	186828	Carnobacteriaceae	family
999	species	1937972	Bernardetia	genus
998845	species	237	Flavobacterium	genus
998820	strain	1582	Lacticaseibacillus casei	species
998674	strain	45248	Leucothrix mucor	species
998092	strain	1773	Mycobacterium tuberculosis	species
998088	strain	654	Aeromonas veronii	species
998084	species	1883	Streptomyces	genus
99807	species	1716	Corynebacterium	genus
998	species	992	Flexibacter	genus
997894	strain	208479	Enterocloster bolteae	species
997888	strain	338188	Bacteroides finegoldii	species
997877	strain	357276	Phocaeicola dorei	species
997761	strain	61624	Paenibacillus mucilaginosus	species
997355	strain	33010	Cutibacterium avidum	species
997353	strain	60133	Prevotella pallens	species
997352	strain	28133	Prevotella nigrescens	species
997350	strain	33030	Peptoniphilus indolicus	species
997349	strain	138595	Olsenella profusa	species
997348	strain	496	Neisseria macacae	species
997347	strain	76859	Fusobacterium animalis	species
997346	species	500614	Desmospora	genus
997296	strain	1471	Bacillus methanolicus	species
997	species	1937963	Eisenibacter	genus
996801	species	52959	Polaribacter	genus
996634	strain	65058	Corynebacterium ulcerans	species
99656	species	1506553	Lachnoclostridium	genus
99655	species	1073	Rhodopseudomonas	genus
99653	species	1827	Rhodococcus	genus
996285	strain	316	Stutzerimonas stutzeri	species
996	species	237	Flavobacterium	genus
99598	species	1186	Calothrix	genus
99597	species	13687	Sphingomonas	genus
99593	genus	2848916	Thermohalobacteraceae	family
995	species	929509	Solitalea	genus
994874	species	1386	Bacillus	genus
994873	species	1386	Bacillus	genus
99481	species	99479	Tetrasphaera	genus
99480	species	99479	Tetrasphaera	genus
99479	genus	85021	Intrasporangiaceae	family
994696	species	33055	Candidatus Kinetoplastibacterium	genus
994695	species	33055	Candidatus Kinetoplastibacterium	genus
994692	species	33055	Candidatus Kinetoplastibacterium	genus
994573	strain	1408819	Youngiibacter fragilis	species
994484	strain	930166	Pseudomonas brassicacearum	species
994479	strain	60894	Saccharopolyspora spinosa	species
994476	strain	630	Yersinia enterocolitica	species
994315	species	33882	Microbacterium	genus
993692	species	2767879	Companilactobacillus	genus
993517	strain	265606	Rhodopirellula baltica	species
993516	strain	265606	Rhodopirellula baltica	species
993512	strain	1307	Streptococcus suis	species
993073	species	33882	Microbacterium	genus
992942	species	1827	Rhodococcus	genus
99287	strain	28901	Salmonella enterica	species
99286	species	237	Flavobacterium	genus
992406	strain	34085	Riemerella anatipestifer	species
992012	species	662	Vibrio	genus
992	genus	2762284	Flexibacteraceae	family
991905	strain	991904	Polymorphum gilvum	species
991904	species	991903	Polymorphum	genus
991791	strain	1488	Clostridium acetobutylicum	species
991789	strain	28446	Anaerotignum propionicum	species
991778	strain	265606	Rhodopirellula baltica	species
99117	species	29404	Microlunatus	genus
991023	species	1386	Bacillus	genus
991	species	237	Flavobacterium	genus
990998	strain	28174	Vibrio ordalii	species
990372	species	279	Xanthobacter	genus
990371	species	2762385	Daejeonella	genus
990367	species	286	Pseudomonas	genus
990317	strain	315405	Streptococcus gallolyticus	species
990316	strain	2223	Methanothrix soehngenii	species
990315	strain	339	Xanthomonas campestris	species
990288	strain	33059	Acidithiobacillus caldus	species
990287	strain	578290	Rhizobium endophyticum	species
990285	strain	1120045	Rhizobium grahamii	species
990284	strain	1079800	Rhizobium mesoamericanum	species
990282	strain	28901	Salmonella enterica	species
990268	species	662	Vibrio	genus
99007	species	2276	Pyrobaculum	genus
99	genus	335928	Xanthobacteraceae	family
989	species	59738	Marinilabilia	genus
988812	strain	42444	Marinovum algicola	species
988	species	283735	Leeuwenhoekiella	genus
987059	strain	316997	Rubrivivax benzoatilyticus	species
987045	strain	281473	Jiangella gansuensis	species
987	species	290174	Aquimarina	genus
98672	species	1663	Arthrobacter	genus
98671	species	1742991	Pseudoglutamicibacter	genus
98668	species	1866885	Mycolicibacterium	genus
986075	strain	296745	Caldalkalibacillus thermarum	species
986	species	237	Flavobacterium	genus
985762	species	1279	Staphylococcus	genus
985665	strain	159743	Paenibacillus terrae	species
98513	species	20	Phenylobacterium	genus
985079	strain	87883	Burkholderia multivorans	species
985053	strain	985052	Vulcanisaeta moutnovskia	species
985052	species	164450	Vulcanisaeta	genus
985008	strain	732	Aggregatibacter aphrophilus	species
985006	strain	1280	Staphylococcus aureus	species
985002	species	1279	Staphylococcus	genus
985001	genus	85018	Dermatophilaceae	family
985	species	978	Cytophaga	genus
984991	species	2093	Mycoplasma	genus
984892	strain	283734	Staphylococcus pseudintermedius	species
984307	species	1822464	Paraburkholderia	genus
984262	strain	1008	Saprospira grandis	species
984129	strain	263	Francisella tularensis	species
984	species	84567	Pedobacter	genus
983920	strain	378548	Novosphingobium nitrogenifigens	species
983917	strain	28068	Rubrivivax gelatinosus	species
983594	strain	292	Burkholderia cepacia	species
983548	species	326319	Dokdonia	genus
983545	species	89404	Glaciecola	genus
983544	species	291183	Lacinutrix	genus
983328	strain	196	Campylobacter fetus	species
983	species	237	Flavobacterium	genus
98228	species	1386	Bacillus	genus
982	species	1618113	Saccharicrinis	genus
981540	strain	197614	Streptococcus pasteurianus	species
981539	strain	315405	Streptococcus gallolyticus	species
981386	species	234	Brucella	genus
981384	species	97050	Ruegeria	genus
981383	strain	1147159	Ornithinibacillus scapharcae	species
981369	strain	405783	Streptacidiphilus rugosus	species
981368	strain	456327	Xanthomonas euvesicatoria	species
981336	strain	108980	Acinetobacter ursingii	species
981334	strain	40216	Acinetobacter radioresistens	species
981333	strain	134533	Acinetobacter parvus	species
981331	strain	471	Acinetobacter calcoaceticus	species
981327	strain	28090	Acinetobacter lwoffii	species
981324	strain	106648	Acinetobacter bereziniae	species
981222	strain	458033	Chloracidobacterium thermophilum	species
980584	species	290174	Aquimarina	genus
980518	strain	539813	Enterobacter mori	species
980514	strain	470	Acinetobacter baumannii	species
980445	strain	361111	Desulfoglaeba alkanexedens	species
980427	species	1298	Deinococcus	genus
980422	strain	59748	Candidatus Phytoplasma australiense	species
979982	species	1243	Leuconostoc	genus
979556	strain	2033	Microbacterium testaceum	species
979226	strain	400776	Cohnella panacarvi	species
979	species	104264	Cellulophaga	genus
978	genus	89373	Cytophagaceae	family
977880	strain	164546	Cupriavidus taiwanensis	species
97485	species	35143	Prymnesium	genus
97481	species	745	Pasteurella	genus
97478	species	2742598	Limosilactobacillus	genus
97477	species	49894	Acetomicrobium	genus
97398	species	1883	Streptomyces	genus
97393	species	74968	Ferroplasma	genus
973	genus	53434	Halobacteroidaceae	family
97253	species	1730	Eubacterium	genus
97138	species	1485	Clostridium	genus
971	species	970	Selenomonas	genus
97084	species	1652133	Halobacteriovorax	genus
97050	genus	2854170	Roseobacteraceae	family
970	genus	1843491	Selenomonadaceae	family
96908	species	96907	Eutreptia	genus
96773	species	33057	Thauera	genus
967	genus	119068	Spirillaceae	family
966	species	965	Oceanospirillum	genus
96563	strain	316	Stutzerimonas stutzeri	species
96562	strain	316	Stutzerimonas stutzeri	species
96561	strain	181663	Desulfosudis oleivorans	species
965	genus	135620	Oceanospirillaceae	family
96492	genus	85023	Microbacteriaceae	family
96472	species	1030	Thiothrix	genus
96468	species	1817	Nocardia	genus
964	species	963	Herbaspirillum	genus
96345	species	237	Flavobacterium	genus
96344	species	106589	Cupriavidus	genus
963	genus	75682	Oxalobacteraceae	family
96230	species	445	Legionella	genus
96229	species	445	Legionella	genus
96101	species	1988	Actinomadura	genus
96	genus	90627	Gallionellaceae	family
959	species	958	Bdellovibrio	genus
958	genus	213483	Pseudobdellovibrionaceae	family
956483	strain	28903	Mycoplasmopsis bovis	species
95641	species	2822410	Methylotuvimicrobium	genus
956149	strain	28141	Cronobacter sakazakii	species
955	species	953	Wolbachia	genus
95486	species	32008	Burkholderia	genus
95485	species	32008	Burkholderia	genus
953739	strain	54571	Streptomyces venezuelae	species
95300	species	286	Pseudomonas	genus
953	genus	942	Anaplasmataceae	family
95172	species	1663	Arthrobacter	genus
95162	species	1817	Nocardia	genus
95160	species	1988	Actinomadura	genus
95149	species	209	Helicobacter	genus
951	species	33993	Neorickettsia	genus
950	species	33993	Neorickettsia	genus
948922	species	37098	Isochrysis	genus
948458	strain	1386098	Actinotalea ferrariae	species
948107	species	1822464	Paraburkholderia	genus
948077	species	490567	Arenimonas	genus
948	species	768	Anaplasma	genus
947969	strain	1386092	Cellulomonas carbonis	species
947525	genus	125316	Beutenbergiaceae	family
947034	strain	206045	Vulcanithermus mediatlanticus	species
947010	strain	342448	Pelotomaculum isophthalicicum	species
947009	strain	206393	Pelotomaculum terephthalicicum	species
946483	strain	1436290	Candidatus Symbiobacter mobilis	species
946333	species	1114981	Piscinibacter	genus
94627	species	234	Brucella	genus
94626	species	234	Brucella	genus
94625	species	234	Brucella	genus
94624	species	517	Bordetella	genus
946235	strain	1465765	Oceanobacillus massiliensis	species
946077	strain	1165090	Imtechella halotolerans	species
945982	species	28231	Geobacter	genus
945713	strain	591197	Ignavibacterium album	species
945712	strain	65058	Corynebacterium ulcerans	species
945711	strain	65058	Corynebacterium ulcerans	species
945704	strain	1307	Streptococcus suis	species
945692	species	2053	Gordonia	genus
945556	strain	470	Acinetobacter baumannii	species
945550	strain	379097	Vibrio sinaloensis	species
945543	strain	170652	Vibrio brasiliensis	species
945021	strain	51669	Tetragenococcus halophilus	species
945	species	943	Ehrlichia	genus
944564	strain	671229	Veillonella sp. oral taxon 780	species
944559	species	44249	Paenibacillus	genus
944547	species	28196	Arcobacter	genus
944546	strain	28197	Aliarcobacter butzleri	species
944481	species	84404	Hippea	genus
944480	strain	1279027	Hippea alviniae	species
944471	species	1883	Streptomyces	genus
944	species	943	Ehrlichia	genus
943945	strain	2115	Mycoplasmopsis fermentans	species
943347	species	670486	Dehalogenimonas	genus
943	genus	942	Anaplasmataceae	family
942938	strain	46356	Alkalispirochaeta alkalica	species
942866	species	106589	Cupriavidus	genus
942865	species	106589	Cupriavidus	genus
94254	species	120831	Dyadobacter	genus
942513	strain	487	Neisseria meningitidis	species
942150	species	2767842	Lactiplantibacillus	genus
941968	strain	1491	Clostridium botulinum	species
941967	strain	29459	Brucella melitensis	species
941824	strain	53422	Thermobrachium celere	species
941640	strain	29501	Mycoplasma haemofelis	species
941639	strain	1398	Heyndrickxia coagulans	species
941638	strain	35794	Rickettsia slovaca	species
941449	species	872	Desulfovibrio	genus
94139	genus	641	Vibrionaceae	family
94138	species	1279	Staphylococcus	genus
94137	species	160794	Filobacillus	genus
94136	species	331654	Alkalibacillus	genus
941322	strain	562	Escherichia coli	species
94132	species	174951	Ramlibacter	genus
94122	species	22	Shewanella	genus
941193	strain	287	Pseudomonas aeruginosa	species
941183	species	1817	Nocardia	genus
941182	species	1817	Nocardia	genus
940615	species	940557	Granulicella	genus
940614	species	940557	Granulicella	genus
940557	genus	204434	Acidobacteriaceae	family
940295	strain	54259	Ignicoccus islandicus	species
940294	strain	114376	Ignicoccus pacificus	species
940284	strain	33995	Komagataeibacter europaeus	species
940283	strain	33995	Komagataeibacter europaeus	species
940265	strain	438	Acetobacter pasteurianus	species
940190	strain	33970	Melissococcus plutonius	species
94008	genus	539003	Bacillales Family X. Incertae Sedis	family
940	species	939	Hydrogenobacter	genus
94	species	93	Stella	genus
93973	species	22	Shewanella	genus
93929	species	2335	Thermotoga	genus
939	genus	64898	Aquificaceae	family
938412	species	44249	Paenibacillus	genus
938294	strain	1465826	Anaerococcus pacaensis	species
938293	species	165779	Anaerococcus	genus
938289	species	1715798	Levyella	genus
938288	species	1686313	Fenollaria	genus
937777	strain	432329	Deinococcus peraridilitoris	species
937775	strain	2315	Methanoplanus limicola	species
937774	strain	29575	Taylorella equigenitalis	species
937773	strain	283734	Staphylococcus pseudintermedius	species
937593	strain	1422	Geobacillus stearothermophilus	species
93684	species	93682	Roseivivax	genus
93683	species	93682	Roseivivax	genus
93682	genus	2854170	Roseobacteraceae	family
93681	genus	2975441	Sphaerotilaceae	family
936595	species	1164882	Lachnoanaerobaculum	genus
936594	species	1164882	Lachnoanaerobaculum	genus
936589	species	29465	Veillonella	genus
936573	species	970	Selenomonas	genus
936572	species	970	Selenomonas	genus
936476	species	28253	Marinomonas	genus
936456	species	393029	Desulfurispirillum	genus
936351	strain	1685	Bifidobacterium breve	species
936337	species	33882	Microbacterium	genus
936156	strain	1423	Bacillus subtilis	species
936155	strain	214	Helicobacter felis	species
936154	strain	1348	Streptococcus parauberis	species
936153	strain	1351	Enterococcus faecalis	species
936140	strain	1612	Companilactobacillus farciminis	species
936139	strain	2100	Mesomycoplasma hyorhinis	species
936135	strain	375	Bradyrhizobium japonicum	species
936048	species	1743	Propionibacterium	genus
936047	species	1743	Propionibacterium	genus
936	genus	2771471	Sulfurimonadaceae	family
935948	strain	44256	Caldanaerobius polysaccharolyticus	species
935942	strain	66849	Desulfonatronum lacustre	species
935938	strain	363870	Heyndrickxia ginsengihumi	species
935897	strain	727	Haemophilus influenzae	species
935863	species	83614	Luteimonas	genus
935837	species	1386	Bacillus	genus
935697	strain	1719	Corynebacterium pseudotuberculosis	species
935599	strain	487	Neisseria meningitidis	species
935593	strain	487	Neisseria meningitidis	species
935591	strain	487	Neisseria meningitidis	species
935589	strain	487	Neisseria meningitidis	species
935588	strain	487	Neisseria meningitidis	species
935557	strain	76745	Sinorhizobium arboris	species
935546	strain	381	Mesorhizobium loti	species
935298	strain	1719	Corynebacterium pseudotuberculosis	species
935297	strain	666	Vibrio cholerae	species
935296	strain	548	Klebsiella aerogenes	species
935295	strain	33968	Leuconostoc pseudomesenteroides	species
935294	strain	1246	Leuconostoc lactis	species
935293	species	629	Yersinia	genus
935200	genus	2772226	Sulfuricellaceae	family
935198	strain	1491	Clostridium botulinum	species
93466	species	2422	Fervidobacterium	genus
93461	species	2295	Desulfobacterium	genus
934089	species	2005	Microbispora	genus
933801	strain	563177	Acidianus hospitalis	species
93380	species	93368	Pseudaminobacter	genus
93378	species	635	Edwardsiella	genus
93369	species	93368	Pseudaminobacter	genus
93368	genus	69277	Phyllobacteriaceae	family
933262	species	2299	Desulfosarcina	genus
933093	strain	446	Legionella pneumophila	species
933091	strain	446	Legionella pneumophila	species
933085	strain	446	Legionella pneumophila	species
933071	species	1827	Rhodococcus	genus
933	genus	135616	Piscirickettsiaceae	family
932920	strain	1639	Listeria monocytogenes	species
932919	strain	1639	Listeria monocytogenes	species
932678	strain	136094	Thermocrinis albus	species
932677	strain	553	Pantoea ananatis	species
93222	species	93217	Pandoraea	genus
932213	species	613	Serratia	genus
93221	species	93217	Pandoraea	genus
93220	species	93217	Pandoraea	genus
93219	species	93217	Pandoraea	genus
93218	species	93217	Pandoraea	genus
93217	genus	119060	Burkholderiaceae	family
931626	strain	33952	Acetobacterium woodii	species
931281	strain	303	Pseudomonas putida	species
931277	strain	2250	Halococcus morrhuae	species
931202	strain	34021	Candidatus Liberibacter asiaticus	species
931089	strain	1408191	Corynebacterium deserti	species
931	species	919	Thiobacillus	genus
930946	strain	1631	Fructobacillus fructosus	species
930945	strain	43080	Sulfolobus islandicus	species
930944	strain	630	Yersinia enterocolitica	species
930943	strain	43080	Sulfolobus islandicus	species
930942	strain	1605	Ligilactobacillus animalis	species
930805	species	1217416	Halioglobus	genus
930782	strain	1639	Listeria monocytogenes	species
930781	strain	1639	Listeria monocytogenes	species
93065	species	165697	Sphingopyxis	genus
93064	species	13687	Sphingomonas	genus
93063	species	13687	Sphingomonas	genus
93062	strain	1280	Staphylococcus aureus	species
93061	strain	1280	Staphylococcus aureus	species
93060	strain	1219	Prochlorococcus marinus	species
93059	strain	1219	Prochlorococcus marinus	species
930404	species	286	Pseudomonas	genus
930171	strain	361575	Pseudarthrobacter phenanthrenivorans	species
930170	strain	1428	Bacillus thuringiensis	species
930169	strain	285091	Alloalcanivorax dieselolei	species
930166	species	286	Pseudomonas	genus
930138	species	1647178	Aliicoccus	genus
930	species	119977	Acidithiobacillus	genus
93	genus	2844601	Stellaceae	family
929813	species	929812	Gibbsiella	genus
929794	strain	1468418	Bartonella senegalensis	species
929713	strain	446683	Niabella soli	species
929712	strain	298163	Patulibacter minatonensis	species
929705	strain	28034	Sulfobacillus thermosulfidooxidans	species
929704	strain	256	Myroides odoratus	species
929703	strain	103	Flectobacillus major	species
929563	strain	183	Leptonema illini	species
929562	strain	312279	Emticicia oligotrophica	species
929558	strain	1176482	Sulfurimonas gotlandica	species
929557	strain	83554	Chlamydia psittaci	species
929556	strain	995	Solitalea canadensis	species
929509	genus	84566	Sphingobacteriaceae	family
929506	strain	1491	Clostridium botulinum	species
92947	species	92944	Ketogulonicigenium	genus
92945	species	92944	Ketogulonicigenium	genus
92944	genus	2854170	Roseobacteraceae	family
92938	species	1190	Fischerella	genus
929102	strain	1358	Lactococcus lactis	species
929098	species	2675233	Metabacillus	genus
929	species	119979	Thermithiobacillus	genus
928729	strain	129922	Saccharomonospora halophila	species
928724	strain	40990	Saccharomonospora glauca	species
928723	strain	382	Sinorhizobium meliloti	species
928722	strain	382	Sinorhizobium meliloti	species
928	species	32012	Thiomonas	genus
927704	strain	971	Selenomonas ruminantium	species
927694	strain	178001	Leuconostoc inhae	species
927691	strain	1244	Leuconostoc gelidum	species
927666	strain	1303	Streptococcus oralis	species
927665	strain	328812	Parabacteroides goldsteinii	species
927664	strain	998	Flexibacter flexilis	species
927661	strain	80871	Cryptosporangium arvum	species
927658	strain	286730	Alkaliflexus imshenetskii	species
927655	strain	36808	Corynebacterium bovis	species
92759	species	89583	Gluconacetobacter	genus
927585	species	1386	Bacillus	genus
927083	species	1055688	Sandaracinus	genus
927	species	109262	Halothiobacillus	genus
926692	strain	150060	Halonatronum saccharophilum	species
926690	strain	376171	Haloplanus natans	species
926571	strain	1034015	Nitrososphaera viennensis	species
926570	strain	62140	Acidiphilium multivorum	species
926569	strain	167964	Anaerolinea thermophila	species
926567	strain	108007	Thermanaerovibrio velox	species
926566	strain	392734	Terriglobus roseus	species
926565	strain	153721	Sporocytophaga myxococcoides	species
926564	strain	440482	Promicromonospora kroppenstedtii	species
926562	strain	253245	Owenweeksia hongkongensis	species
926561	strain	46469	Orenia marismortui	species
926560	strain	52023	Calidithermus chliarophilus	species
926559	strain	453852	Galbibacter orientalis	species
926558	strain	46467	Halocella cellulosilytica	species
926556	strain	390884	Echinicola vietnamensis	species
926554	strain	309888	Deinococcus pimensis	species
926551	strain	28189	Capnocytophaga cynodegmi	species
926550	strain	133453	Caldilinea aerophila	species
926549	strain	299567	Adhaeribacter aquaticus	species
92647	species	1822464	Paraburkholderia	genus
92645	species	963	Herbaspirillum	genus
926359	genus	2976354	Natronoarchaeaceae	family
92608	species	1386	Bacillus	genus
926	species	32012	Thiomonas	genus
925818	species	407	Methylobacterium	genus
925775	strain	56460	Xanthomonas vesicatoria	species
92490	species	2997349	Winslowiella	genus
92487	species	1030	Thiothrix	genus
92442	species	1663	Arthrobacter	genus
92245	species	933	Thiomicrospira	genus
92172	species	662	Vibrio	genus
921	species	99	Ancylobacter	genus
92003	species	551759	Aromatoleum	genus
920	species	119977	Acidithiobacillus	genus
91914	genus	433	Acetobacteraceae	family
919	genus	2008790	Thiobacillaceae	family
91844	species	235572	Portiera	genus
91604	species	1521255	Paracaedibacter	genus
916	species	914	Nitrosomonas	genus
915438	strain	185293	Xylanibacter oryzae	species
915437	strain	456493	Saccharibacillus sacchari	species
915	species	914	Nitrosomonas	genus
91466	species	80865	Delftia	genus
91464	species	1129	Synechococcus	genus
914327	species	2703676	Metalysinibacillus	genus
914150	species	261963	Kangiella	genus
914149	strain	666	Vibrio cholerae	species
914127	strain	672	Vibrio vulnificus	species
914	genus	206379	Nitrosomonadaceae	family
913975	species	880756	Fistulifera	genus
913865	species	79206	Desulfosporosinus	genus
913848	strain	1610	Loigolactobacillus coryniformis	species
91359	species	188143	Enterovibrio	genus
913325	strain	1385522	Lysobacter arseniciresistens	species
913	species	911	Nitrobacter	genus
912594	species	1866885	Mycolicibacterium	genus
912	species	911	Nitrobacter	genus
911242	species	286	Pseudomonas	genus
911241	species	286	Pseudomonas	genus
911238	strain	308354	Staphylococcus simiae	species
911113	genus	1962910	Bryobacteraceae	family
911092	species	249529	Caldanaerobacter	genus
911045	species	258255	Pseudovibrio	genus
911023	strain	158877	Yokenella regensburgei	species
911008	strain	83655	Leclercia adecarboxylata	species
911	genus	41294	Nitrobacteraceae	family
910996	strain	569	Hafnia alvei	species
910964	strain	41202	Ewingella americana	species
910348	strain	562	Escherichia coli	species
910311	species	84111	Eggerthella	genus
910310	species	191303	Turicibacter	genus
909954	strain	33959	Lactobacillus johnsonii	species
909952	strain	1747	Cutibacterium acnes	species
909946	strain	28901	Salmonella enterica	species
909926	species	1443919	Tabrizicola	genus
90974	genus	2004	Streptosporangiaceae	family
909663	strain	328301	Syntrophorhabdus aromaticivorans	species
909420	strain	487	Neisseria meningitidis	species
908937	strain	52227	Prevotella dentalis	species
908935	genus	145357	Dermacoccaceae	family
908809	species	44258	Caloramator	genus
908626	genus	83778	Kineosporiaceae	family
908623	genus	908622	Euzebyaceae	family
908341	species	44249	Paenibacillus	genus
908340	species	1485	Clostridium	genus
908338	strain	54005	Peptoniphilus harei	species
908285	species	908284	Necropsobacter	genus
908238	species	1386	Bacillus	genus
90814	species	2039723	Thiomicrorhabdus	genus
907931	strain	1251	Leuconostoc fallax	species
907583	species	162289	Peptoniphilus	genus
907582	species	162289	Peptoniphilus	genus
907581	species	162289	Peptoniphilus	genus
907580	species	162289	Peptoniphilus	genus
907364	genus	28056	Micromonosporaceae	family
90736	species	58050	Moritella	genus
907348	strain	165	Treponema saccharophilum	species
907287	strain	2099	Mesomycoplasma hyopneumoniae	species
90728	species	1549126	Desulfatiglans	genus
907272	strain	813	Chlamydia trachomatis	species
907271	strain	813	Chlamydia trachomatis	species
907270	strain	813	Chlamydia trachomatis	species
907269	strain	813	Chlamydia trachomatis	species
907268	strain	813	Chlamydia trachomatis	species
907267	strain	813	Chlamydia trachomatis	species
907266	strain	813	Chlamydia trachomatis	species
907265	strain	813	Chlamydia trachomatis	species
907264	strain	813	Chlamydia trachomatis	species
907263	strain	813	Chlamydia trachomatis	species
907240	strain	210	Helicobacter pylori	species
907239	strain	210	Helicobacter pylori	species
907238	strain	210	Helicobacter pylori	species
907237	strain	210	Helicobacter pylori	species
907063	species	13687	Sphingomonas	genus
907	species	906	Megasphaera	genus
906968	strain	81028	Treponema brennaborense	species
906888	species	363408	Nonlabens	genus
906	genus	31977	Veillonellaceae	family
905052	strain	33058	Thauera selenatis	species
905011	species	244127	Anaerotruncus	genus
905	species	904	Acidaminococcus	genus
904708	genus	1617891	Arenicellaceae	family
904314	strain	170573	Staphylococcus pettenkoferi	species
904	genus	909930	Acidaminococcaceae	family
903945	species	469	Acinetobacter	genus
903818	strain	35839	Holophaga foetida	species
903814	strain	1736	Eubacterium limosum	species
90373	species	90372	Thiomargarita	genus
90372	genus	135617	Thiotrichaceae	family
903510	strain	29494	Vibrio furnissii	species
903503	strain	1048758	Candidatus Moranella endobia	species
90262	species	4828	Absidia	genus
90245	species	90243	Oligella	genus
90244	species	90243	Oligella	genus
90243	genus	506	Alcaligenaceae	family
90241	species	475	Moraxella	genus
90240	species	475	Moraxella	genus
90239	species	475	Moraxella	genus
901	species	872	Desulfovibrio	genus
90060	species	551759	Aromatoleum	genus
9	species	32199	Buchnera	genus
89969	species	89966	Hymenobacter	genus
89968	species	89966	Hymenobacter	genus
89967	species	89966	Hymenobacter	genus
89966	genus	1853232	Hymenobacteraceae	family
89958	genus	3118656	Natronincolaceae	family
899	species	898	Desulfomicrobium	genus
898	genus	213116	Desulfomicrobiaceae	family
89786	species	29330	Alicyclobacillus	genus
89784	species	29330	Alicyclobacillus	genus
89772	species	69278	Aquamicrobium	genus
897	species	896	Desulfococcus	genus
896	genus	2931039	Desulfococcaceae	family
89586	species	467749	Neoehrlichia	genus
89584	species	89583	Gluconacetobacter	genus
89583	genus	433	Acetobacteraceae	family
89524	species	89523	Rubrimonas	genus
89523	genus	31989	Paracoccaceae	family
89404	genus	72275	Alteromonadaceae	family
89403	species	28228	Colwellia	genus
89402	species	28228	Colwellia	genus
89401	species	28228	Colwellia	genus
894	species	893	Desulfobulbus	genus
89342	genus	213119	Desulfobacteraceae	family
893	genus	213121	Desulfobulbaceae	family
891968	strain	97477	Acetomicrobium mobile	species
89187	strain	314263	Roseovarius nubinhibens	species
89184	species	97050	Ruegeria	genus
89154	species	1716	Corynebacterium	genus
89153	species	1506553	Lachnoclostridium	genus
89152	species	2743582	Peptacetobacter	genus
891402	strain	115553	Halomonas sulfidaeris	species
891398	strain	189385	Candidatus Tremblaya princeps	species
891391	strain	1579	Lactobacillus acidophilus	species
891	species	890	Desulfuromonas	genus
89092	genus	186827	Aerococcaceae	family
89067	species	58050	Moritella	genus
89065	species	286	Pseudomonas	genus
89061	species	46255	Weissella	genus
89059	species	2767887	Ligilactobacillus	genus
89053	species	2053	Gordonia	genus
89051	species	2053	Gordonia	genus
890402	strain	216816	Bifidobacterium longum	species
89014	species	572511	Blautia	genus
890	genus	213421	Desulfuromonadaceae	family
889933	strain	1280	Staphylococcus aureus	species
889932	strain	1590	Lactiplantibacillus plantarum	species
889738	strain	470	Acinetobacter baumannii	species
889513	strain	1719	Corynebacterium pseudotuberculosis	species
889453	species	1193324	Alkalitalea	genus
889393	species	1177	Nostoc	genus
889391	species	1177	Nostoc	genus
889378	strain	46355	Spirochaeta africana	species
889306	species	157226	Jeotgalibacillus	genus
889247	strain	197	Campylobacter jejuni	species
889206	strain	1343	Streptococcus vestibularis	species
889205	strain	257758	Streptococcus pseudopneumoniae	species
889204	strain	68892	Streptococcus infantis	species
889201	strain	45634	Streptococcus cristatus	species
88916	species	64895	Borreliella	genus
889	species	2910985	Paucidesulfovibrio	genus
888845	species	1649470	Minicystis	genus
888833	strain	113107	Streptococcus australis	species
888832	strain	228604	Segatella salivae	species
888829	genus	49	Polyangiaceae	family
888828	strain	729	Haemophilus parainfluenzae	species
888807	strain	1305	Streptococcus sanguinis	species
88875	genus	2008795	Azonexaceae	family
888746	strain	68891	Streptococcus peroris	species
888745	strain	1311	Streptococcus agalactiae	species
888743	strain	282402	Prevotella multiformis	species
888741	strain	502	Kingella denitrificans	species
88874	species	33983	Luteococcus	genus
888728	strain	197575	Haemophilus aegyptius	species
888727	strain	143393	[Eubacterium] sulci	species
888721	strain	76124	[Eubacterium] minutum	species
88825	strain	1176	Aphanizomenon flos-aquae	species
88824	strain	1176	Aphanizomenon flos-aquae	species
88823	species	1175	Aphanizomenon	genus
888066	strain	37734	Enterococcus casseliflavus	species
888064	strain	246144	Enterococcus italicus	species
888063	strain	158836	Enterobacter hormaechei	species
888062	strain	309120	Dialister micraerophilus	species
888061	strain	132132	Desulfomicrobium orale	species
888060	strain	82203	Centipeda periodontii	species
888057	strain	739	Aggregatibacter segnis	species
888048	strain	1318	Streptococcus parasanguinis	species
888027	strain	1584	Lactobacillus delbrueckii	species
887929	strain	113287	Pseudoramibacter alactolyticus	species
887901	strain	41976	Porphyromonas catoniae	species
887899	strain	144178	Mobiluncus holmesii	species
887898	strain	47671	Lautropia mirabilis	species
887896	strain	181675	Limosilactobacillus coleohominis	species
887712	strain	813	Chlamydia trachomatis	species
887700	strain	435	Acetobacter aceti	species
887327	strain	504	Kingella kingae	species
887325	strain	467210	Lachnoanaerobaculum saburreum	species
887324	strain	723	Actinobacillus ureae	species
887307	strain	195	Campylobacter coli	species
887302	strain	195	Campylobacter coli	species
88724	species	88723	Natrinema	genus
88723	genus	1644061	Natrialbaceae	family
887062	strain	80880	Hylemonella gracilis	species
887061	species	81682	Methylovorus	genus
886882	strain	1406	Paenibacillus polymyxa	species
88688	species	75	Caulobacter	genus
886877	strain	106634	Thioalkalivibrio versutus	species
886872	strain	1246	Leuconostoc lactis	species
886379	strain	177400	Anaerophaga thermohalophila	species
886377	strain	111501	Allomuricauda ruestringensis	species
886293	strain	466153	Singulisphaera acidiphila	species
886	species	1740	Thermodesulfobacterium	genus
88568	species	29404	Microlunatus	genus
885581	species	79206	Desulfosporosinus	genus
885276	strain	562	Escherichia coli	species
885275	strain	562	Escherichia coli	species
885272	strain	428712	Jonquetella anthropi	species
88431	species	189330	Dorea	genus
884215	species	884214	Zinderia	genus
884204	strain	28450	Burkholderia pseudomallei	species
88382	species	43676	Promicromonospora	genus
88376	species	33877	Agromyces	genus
88374	species	33877	Agromyces	genus
88373	species	33877	Agromyces	genus
88364	species	67572	Psychromonas	genus
88358	genus	3031641	Thermodesulforhabdaceae	family
883169	strain	29321	Corynebacterium otitidis	species
883163	strain	13690	Sphingobium yanoikuyae	species
883156	strain	1502943	Veillonella seminalis	species
883155	strain	256	Myroides odoratus	species
883154	strain	76832	Myroides odoratimimus	species
883153	strain	76832	Myroides odoratimimus	species
883152	strain	76832	Myroides odoratimimus	species
883151	strain	76832	Myroides odoratimimus	species
883150	strain	76832	Myroides odoratimimus	species
883126	strain	47229	Massilia timonae	species
883114	strain	40091	Helcococcus kunzii	species
883113	strain	82347	Facklamia languida	species
883112	strain	137730	Falseniella ignava	species
883111	strain	178214	Facklamia hominis	species
883107	strain	242230	Eggerthella sinensis	species
883106	strain	230658	Paraeggerthella hongkongensis	species
883103	strain	29394	Dolosigranulum pigrum	species
883098	strain	1015	Bergeyella zoohelcum	species
883096	strain	1015	Bergeyella zoohelcum	species
883081	strain	1652	Alloiococcus otitis	species
883080	strain	1035	Afipia felis	species
883079	strain	1034	Afipia clevelandensis	species
883078	strain	56946	Afipia broomeae	species
883062	strain	1681	Bifidobacterium bifidum	species
883	strain	881	Nitratidesulfovibrio vulgaris	species
882944	strain	55601	Vibrio anguillarum	species
882800	strain	408	Methylorubrum extorquens	species
882378	strain	412963	Mycetohabitans rhizoxinica	species
882342	species	204037	Dickeya	genus
88233	species	2759736	Lacticaseibacillus	genus
882104	species	395331	Methanoregula	genus
882102	strain	55601	Vibrio anguillarum	species
882097	strain	1639	Listeria monocytogenes	species
882096	strain	1639	Listeria monocytogenes	species
882095	strain	1639	Listeria monocytogenes	species
882094	strain	1639	Listeria monocytogenes	species
882090	strain	263906	Methanolinea tarda	species
882086	strain	75294	Saccharomonospora xinjiangensis	species
882085	strain	369829	Saccharomonospora saliphila	species
882084	strain	52698	Saccharomonospora iraqiensis	species
882083	strain	632569	Saccharomonospora marina	species
882082	strain	40989	Saccharomonospora cyanea	species
882081	strain	40988	Saccharomonospora azurea	species
882080	strain	52698	Saccharomonospora iraqiensis	species
882020	strain	1639	Listeria monocytogenes	species
882	strain	881	Nitratidesulfovibrio vulgaris	species
88190	species	270	Thermus	genus
88189	species	270	Thermus	genus
881621	strain	1638	Listeria ivanovii	species
881616	genus	85023	Microbacteriaceae	family
88139	species	88138	Modestobacter	genus
88138	genus	85030	Geodermatophilaceae	family
88132	species	171412	Eremococcus	genus
881009	species	527198	Mariniflexile	genus
881	species	2802295	Nitratidesulfovibrio	genus
88074	species	2063	Kitasatospora	genus
880724	strain	2189	Methanotorris igneus	species
880633	strain	1587	Lactobacillus helveticus	species
880591	strain	92945	Ketogulonicigenium vulgare	species
88058	species	157	Treponema	genus
880526	strain	28139	Rikenella microfusus	species
880478	strain	106578	Thermoanaerobacter siderophilus	species
880447	strain	2105	Mycoplasma leachii	species
880074	strain	397865	Barnesiella viscericola	species
880073	strain	187145	Caldithrix abyssi	species
880072	strain	60893	Desulfobacca acetoxidans	species
880071	strain	999	Bernardetia litoralis	species
880070	strain	104	Cyclobacterium marinum	species
880	species	2794998	Maridesulfovibrio	genus
88	genus	2975441	Sphaerotilaceae	family
879567	species	2035811	Pseudodesulfovibrio	genus
879308	strain	712430	Peptoniphilus sp. oral taxon 375	species
879305	strain	33034	Anaerococcus prevotii	species
879274	species	323620	Shinella	genus
879243	strain	28123	Porphyromonas asaccharolytica	species
879212	strain	2293	Desulfobacter postgatei	species
879090	strain	1639	Listeria monocytogenes	species
879089	strain	1639	Listeria monocytogenes	species
879088	strain	1639	Listeria monocytogenes	species
879	species	2910978	Megalodesulfovibrio	genus
87883	species	32008	Burkholderia	genus
878220	species	59732	Chryseobacterium	genus
878	species	2910984	Solidesulfovibrio	genus
877468	strain	28901	Salmonella enterica	species
877466	strain	1495650	Thermoflexus hugenholtzii	species
877464	species	237	Flavobacterium	genus
877455	species	2160	Methanobacterium	genus
877422	strain	185008	Butyrivibrio hungatei	species
877411	species	1263	Ruminococcus	genus
87645	species	187	Aquaspirillum	genus
876364	species	106589	Cupriavidus	genus
876270	species	1143004	Methyloferula	genus
876269	strain	876270	Methyloferula stellata	species
87626	strain	314281	Pseudoalteromonas tunicata	species
876091	species	459786	Oscillibacter	genus
876041	species	544	Citrobacter	genus
876	species	872	Desulfovibrio	genus
875454	strain	1175452	Peptoniphilus rhinitidis	species
875453	species	162289	Peptoniphilus	genus
87541	species	1375	Aerococcus	genus
875328	species	1073531	Mycolicibacter	genus
875171	species	875170	Celeribacter	genus
875170	genus	2854170	Roseobacteraceae	family
875093	strain	361101	Streptococcus pseudoporcinus	species
875043	species	67575	Rheinheimera	genus
87461	species	1073	Rhodopseudomonas	genus
873533	strain	28134	Hoylesella oralis	species
873513	strain	28126	Segatella buccae	species
873449	strain	1333	Streptococcus criceti	species
873448	strain	1340	Streptococcus porcinus	species
873	species	2582840	Desulfocurvibacter	genus
872331	strain	2100	Mesomycoplasma hyorhinis	species
872327	species	1578	Lactobacillus	genus
872326	strain	420645	Lactobacillus equicursoris	species
872024	strain	49338	Desulfitobacterium hafniense	species
872	genus	194924	Desulfovibrionaceae	family
871968	strain	142877	Desulfitobacterium metallireducens	species
871963	strain	233055	Desulfitobacterium dichloroeliminans	species
871740	genus	1963268	Haloarculaceae	family
871738	strain	55583	Dehalobacter restrictus	species
871694	species	237	Flavobacterium	genus
871665	species	572511	Blautia	genus
871585	strain	48296	Acinetobacter pittii	species
871572	species	222	Achromobacter	genus
871271	strain	884215	Candidatus Zinderia insecticola	species
870968	strain	142461	Vibrio ichthyoenteri	species
870903	species	392733	Terriglobus	genus
870501	strain	1032072	Malaciobacter molluscorum	species
870476	species	165695	Sphingobium	genus
870187	strain	1031	Thiothrix nivea	species
870	species	869	Dichelobacter	genus
869896	genus	1963271	Halorubraceae	family
869816	strain	1280	Staphylococcus aureus	species
869729	strain	562	Escherichia coli	species
869727	strain	210	Helicobacter pylori	species
869723	species	133925	Olsenella	genus
86959	species	84034	Propionispira	genus
869397	species	423349	Mucilaginibacter	genus
869394	species	1649462	Lacihabitans	genus
869309	strain	1313	Streptococcus pneumoniae	species
869307	strain	1313	Streptococcus pneumoniae	species
869306	strain	1313	Streptococcus pneumoniae	species
869304	strain	1313	Streptococcus pneumoniae	species
869303	strain	1313	Streptococcus pneumoniae	species
869269	strain	1313	Streptococcus pneumoniae	species
869216	strain	1313	Streptococcus pneumoniae	species
869215	strain	1313	Streptococcus pneumoniae	species
869212	strain	29510	Turneriella parva	species
869211	strain	154	Spirochaeta thermophila	species
869210	strain	186192	Marinithermus hydrothermalis	species
869209	strain	167	Treponema succinifaciens	species
869	genus	868	Cardiobacteriaceae	family
868864	strain	64160	Desulfurobacterium thermolithotrophum	species
868597	strain	40324	Stenotrophomonas maltophilia	species
868595	strain	1565	Desulfotomaculum nigrificans	species
86840	species	286	Pseudomonas	genus
868131	species	2160	Methanobacterium	genus
868129	strain	28125	Prevotella bivia	species
86796	species	1839	Nocardioides	genus
86795	genus	85015	Nocardioidaceae	family
867904	strain	101192	Methanomethylovorans hollandica	species
867903	strain	175696	Thermaerobacter subterraneus	species
867902	strain	28251	Ornithobacterium rhinotracheale	species
867900	strain	979	Cellulophaga lytica	species
867682	species	1754	Thermoanaerobacter	genus
867642	species	1386	Bacillus	genus
867607	species	2745	Halomonas	genus
867606	species	2745	Halomonas	genus
867	species	866	Ruminobacter	genus
866913	strain	28901	Salmonella enterica	species
866895	strain	1570	Halobacillus halophilus	species
866796	species	40323	Stenotrophomonas	genus
866790	species	145260	Methanothermobacter	genus
866789	strain	562	Escherichia coli	species
866777	strain	1685	Bifidobacterium breve	species
866768	strain	562	Escherichia coli	species
86671	genus	41295	Rhodospirillaceae	family
86669	species	12916	Acidovorax	genus
86668	species	2675232	Neobacillus	genus
86667	species	157226	Jeotgalibacillus	genus
86665	species	2893055	Halalkalibacterium (ex Joshi et al. 2022)	genus
86664	species	2800373	Priestia	genus
866630	strain	727	Haemophilus influenzae	species
86663	species	1386	Bacillus	genus
866629	strain	2105	Mycoplasma leachii	species
86660	species	2923352	Mesomycoplasma	genus
866565	species	52972	Polaromonas	genus
866564	species	52972	Polaromonas	genus
866536	strain	232259	Belliella baltica	species
866499	strain	508460	Cloacibacillus evryensis	species
866346	strain	210	Helicobacter pylori	species
866345	strain	210	Helicobacter pylori	species
866344	strain	210	Helicobacter pylori	species
86622	species	45989	Methanoculleus	genus
866	genus	83763	Succinivibrionaceae	family
865938	strain	1014	Weeksella virosa	species
865937	strain	195907	Gillisia limnaea	species
865861	strain	45497	Schnuerera ultunensis	species
864803	strain	1520	Clostridium beijerinckii	species
864731	species	434	Acetobacter	genus
864568	strain	1314	Streptococcus pyogenes	species
864565	strain	39498	[Eubacterium] yurii	species
864564	strain	78258	Parascardovia denticolens	species
86416	strain	1501	Clostridium pasteurianum	species
864069	species	186650	Microvirga	genus
864	genus	1843491	Selenomonadaceae	family
863767	strain	1639	Listeria monocytogenes	species
863643	species	278993	Thermincola	genus
863638	strain	1488	Clostridium acetobutylicum	species
863575	species	169133	Citricoccus	genus
863372	species	963	Herbaspirillum	genus
86333	species	86331	Mogibacterium	genus
86331	genus	3030910	Anaerovoracaceae	family
863253	genus	224372	Alcanivoracaceae	family
863239	strain	1032851	Corynebacterium nuruki	species
86304	species	316625	Saccharophagus	genus
863	species	862	Syntrophomonas	genus
862971	strain	1328	Streptococcus anginosus	species
862970	strain	1328	Streptococcus anginosus	species
862969	strain	76860	Streptococcus constellatus	species
862968	strain	76860	Streptococcus constellatus	species
862967	strain	1338	Streptococcus intermedius	species
862966	strain	1338	Streptococcus intermedius	species
862965	strain	729	Haemophilus parainfluenzae	species
862964	strain	727	Haemophilus influenzae	species
862962	strain	817	Bacteroides fragilis	species
862908	strain	97084	Halobacteriovorax marinus	species
862751	species	1883	Streptomyces	genus
862719	strain	193	Azospirillum lipoferum	species
86265	species	286	Pseudomonas	genus
862644	species	2800373	Priestia	genus
862517	strain	507750	Peptoniphilus duerdenii	species
862515	strain	189722	Hoylesella marshii	species
862514	strain	1254	Pediococcus acidilactici	species
862512	strain	38284	Corynebacterium accolens	species
862422	strain	43671	Actinotalea fermentans	species
862259	strain	2102	Mycoplasma mycoides	species
862134	species	13687	Sphingomonas	genus
862114	species	44249	Paenibacillus	genus
862071	genus	543371	Thermoanaerobacterales Family III. Incertae Sedis	family
862	genus	68298	Syntrophomonadaceae	family
86186	species	338	Xanthomonas	genus
86185	species	286	Pseudomonas	genus
86184	species	40323	Stenotrophomonas	genus
86182	species	281915	Curvibacter	genus
86179	species	42054	Chromohalobacter	genus
86175	species	2901189	Halopseudomonas	genus
86173	species	48073	Microbulbifer	genus
86170	species	129001	Syntrophothermus	genus
861450	strain	156456	Anaeroglobus geminatus	species
861445	species	497	Psychrobacter	genus
861379	species	279809	Thiobacter	genus
861365	strain	573	Klebsiella pneumoniae	species
861360	strain	256701	Glutamicibacter arilaitensis	species
861299	species	1706036	Gemmatirosa	genus
861266	species	1742993	Pseudarthrobacter	genus
861109	strain	332055	Sphingobium indicum	species
86104	species	178469	Arenibacter	genus
86103	species	135575	Idiomarina	genus
86102	species	135575	Idiomarina	genus
861	species	848	Fusobacterium	genus
860575	strain	2546360	Crocosphaera subtropica	species
860235	species	2029	Kibdelosporangium	genus
860228	strain	28188	Capnocytophaga canimorsus	species
86004	genus	538998	Pasteuriaceae	family
860	species	848	Fusobacterium	genus
85991	species	810	Chlamydia	genus
85968	species	1866885	Mycolicibacterium	genus
859657	strain	305	Ralstonia solanacearum	species
859656	strain	305	Ralstonia solanacearum	species
859655	strain	305	Ralstonia solanacearum	species
859654	strain	251535	Candidatus Blochmannia vafer	species
85963	strain	210	Helicobacter pylori	species
85962	strain	210	Helicobacter pylori	species
859321	strain	2300	Desulfosarcina variabilis	species
859314	strain	45656	Desulfonema limicola	species
859313	strain	45655	Desulfonema magnum	species
859194	strain	29501	Mycoplasma haemofelis	species
859	species	848	Fusobacterium	genus
85874	species	140458	Thermacetogenium	genus
858619	strain	1727	Corynebacterium variabile	species
858455	strain	1202716	Rhodomicrobium udaipurense	species
85831	species	816	Bacteroides	genus
858215	strain	29329	Thermoanaerobacterium xylanolyticum	species
857580	strain	480	Moraxella catarrhalis	species
857409	species	1696	Brevibacterium	genus
857293	strain	515264	Caloramator australicus	species
857265	species	1433987	Amantichitinum	genus
857087	strain	421	Methylomonas methanica	species
85701	species	773	Bartonella	genus
85698	species	222	Achromobacter	genus
85693	species	1866885	Mycolicibacterium	genus
85688	species	1817	Nocardia	genus
856854	species	33986	Exiguobacterium	genus
85683	species	1434042	Salisediminibacterium	genus
856793	strain	349221	Micavibrio aeruginosavorus	species
856730	strain	856731	Salinisphaera orenii	species
856	species	848	Fusobacterium	genus
85569	strain	28901	Salmonella enterica	species
85558	species	1883	Streptomyces	genus
85413	genus	2831100	Boseaceae	family
85404	species	75984	Mannheimia	genus
85403	species	75984	Mannheimia	genus
85402	species	75984	Mannheimia	genus
85401	species	75984	Mannheimia	genus
854	species	848	Fusobacterium	genus
853	species	216851	Faecalibacterium	genus
85274	genus	2844403	Rhodovibrionaceae	family
85273	genus	1544800	Rhodothalassiaceae	family
85265	genus	41295	Rhodospirillaceae	family
85108	genus	72276	Ectothiorhodospiraceae	family
851	species	848	Fusobacterium	genus
85085	species	1742993	Pseudarthrobacter	genus
85079	genus	1046	Chromatiaceae	family
85078	genus	1046	Chromatiaceae	family
85077	genus	1046	Chromatiaceae	family
85076	genus	1046	Chromatiaceae	family
85074	genus	1046	Chromatiaceae	family
85073	genus	1046	Chromatiaceae	family
85072	genus	1046	Chromatiaceae	family
85044	species	85043	Williamsia	genus
85043	genus	85025	Nocardiaceae	family
850	species	848	Fusobacterium	genus
85	genus	69657	Hyphomonadaceae	family
84980	species	109168	Desulfotalea	genus
84974	species	40413	Desulforhopalus	genus
84973	species	2295	Desulfobacterium	genus
84972	species	2289	Desulfobacter	genus
849	species	848	Fusobacterium	genus
848	genus	203492	Fusobacteriaceae	family
84757	species	84756	Beutenbergia	genus
84756	genus	125316	Beutenbergiaceae	family
847	species	846	Oxalobacter	genus
84647	species	84646	Candidatus Odyssella	genus
84646	genus	1777752	Candidatus Paracaedibacteraceae	family
84643	species	46352	Agrococcus	genus
84634	species	49184	Kineosporia	genus
84633	species	49184	Kineosporia	genus
84632	species	49184	Kineosporia	genus
846	genus	75682	Oxalobacteraceae	family
84599	species	2279	Staphylothermus	genus
84595	species	2053	Gordonia	genus
84590	species	29574	Taylorella	genus
84588	strain	2881428	Parasynechococcus marenigrum	species
84567	genus	84566	Sphingobacteriaceae	family
84565	genus	2812006	Bruguierivoracaceae	family
84531	species	68	Lysobacter	genus
84521	species	171413	Dolosicoccus	genus
84480	species	1813	Amycolatopsis	genus
84407	species	84406	Virgibacillus	genus
84406	genus	186817	Bacillaceae	family
84405	species	84404	Hippea	genus
84404	genus	3048035	Hippeaceae	family
844	species	843	Wolinella	genus
84379	species	29521	Brachyspira	genus
84378	species	29521	Brachyspira	genus
84377	species	29521	Brachyspira	genus
843	genus	72293	Helicobacteraceae	family
84292	species	33882	Microbacterium	genus
84205	species	1091	Chlorobium	genus
84164	species	963	Herbaspirillum	genus
84163	species	84162	Cryptobacterium	genus
84162	genus	1643826	Eggerthellaceae	family
84159	species	3031148	Paramagnetospirillum	genus
84158	species	129577	Oceanimonas	genus
84156	species	2233	Archaeoglobus	genus
84135	species	1378	Gemella	genus
84112	species	84111	Eggerthella	genus
84111	genus	1643826	Eggerthellaceae	family
84110	species	84108	Slackia	genus
84109	species	84108	Slackia	genus
84108	genus	1643826	Eggerthellaceae	family
841	genus	186803	Lachnospiraceae	family
84096	species	2053	Gordonia	genus
84036	genus	186803	Lachnospiraceae	family
84034	genus	1843491	Selenomonadaceae	family
84031	species	1485	Clostridium	genus
84030	species	2719231	Lacrimispora	genus
84025	species	1485	Clostridium	genus
84024	species	1485	Clostridium	genus
84023	species	1485	Clostridium	genus
84022	species	1485	Clostridium	genus
840	species	2974257	Hoylesella	genus
83986	species	45989	Methanoculleus	genus
83984	species	2192	Methanocorpusculum	genus
839	species	558436	Xylanibacter	genus
83867	genus	2259	Thermococcaceae	family
838561	strain	2144	Spiroplasma mirum	species
83828	species	1696	Brevibacterium	genus
83816	species	2172	Methanobrevibacter	genus
838	genus	171552	Prevotellaceae	family
83771	species	83770	Succinivibrio	genus
83770	genus	83763	Succinivibrionaceae	family
83769	species	83768	Succinimonas	genus
83768	genus	83763	Succinivibrionaceae	family
83766	genus	75787	Rhodocyclaceae	family
837	species	836	Porphyromonas	genus
83683	species	1578	Lactobacillus	genus
83681	genus	2004	Streptosporangiaceae	family
83677	genus	83676	Nocardiopsaceae	family
83660	genus	186807	Peptococcaceae	family
83656	species	1883	Streptomyces	genus
83655	species	83654	Leclercia	genus
83654	genus	543	Enterobacteriaceae	family
83619	species	83618	Pseudoxanthomonas	genus
83618	genus	32033	Xanthomonadaceae	family
83617	species	40323	Stenotrophomonas	genus
83615	species	83614	Luteimonas	genus
83614	genus	32033	Xanthomonadaceae	family
83612	genus	49546	Flavobacteriaceae	family
836	genus	171551	Porphyromonadaceae	family
83561	species	34093	Simkania	genus
83560	species	810	Chlamydia	genus
83558	species	810	Chlamydia	genus
83557	species	810	Chlamydia	genus
83556	species	810	Chlamydia	genus
83555	species	810	Chlamydia	genus
83554	species	810	Chlamydia	genus
83552	species	83551	Parachlamydia	genus
83551	genus	92713	Parachlamydiaceae	family
83526	species	2767879	Companilactobacillus	genus
83462	species	83461	Corallococcus	genus
83461	genus	31	Myxococcaceae	family
83456	species	32	Myxococcus	genus
83455	species	32	Myxococcus	genus
83451	species	47	Archangium	genus
83400	genus	41295	Rhodospirillaceae	family
83341	species	2053	Gordonia	genus
83333	strain	562	Escherichia coli	species
83332	strain	1773	Mycobacterium tuberculosis	species
83331	strain	1773	Mycobacterium tuberculosis	species
833	species	832	Fibrobacter	genus
83263	species	31988	Aminobacter	genus
83262	species	670516	Mycobacteroides	genus
83231	species	558436	Xylanibacter	genus
832	genus	204431	Fibrobacteraceae	family
83171	species	196118	Methanocaldococcus	genus
831	species	830	Butyrivibrio	genus
830	genus	186803	Lachnospiraceae	family
82996	species	613	Serratia	genus
82995	species	613	Serratia	genus
82993	species	82976	Buttiauxella	genus
82992	species	82976	Buttiauxella	genus
82991	species	82976	Buttiauxella	genus
82990	species	82976	Buttiauxella	genus
82989	species	82976	Buttiauxella	genus
82988	species	82976	Buttiauxella	genus
82987	species	82986	Tatumella	genus
82986	genus	1903409	Erwiniaceae	family
82985	species	82984	Pragia	genus
82984	genus	1903416	Budviciaceae	family
82983	species	82982	Obesumbacterium	genus
82982	genus	1903412	Hafniaceae	family
82980	genus	1903416	Budviciaceae	family
82979	species	82978	Budvicia	genus
82978	genus	1903416	Budviciaceae	family
82977	species	82976	Buttiauxella	genus
82976	genus	543	Enterobacteriaceae	family
82806	species	1301	Streptococcus	genus
82805	species	89966	Hymenobacter	genus
82802	genus	186828	Carnobacteriaceae	family
82801	species	82800	Desemzia	genus
82800	genus	186828	Carnobacteriaceae	family
82789	species	357	Agrobacterium	genus
827	species	194	Campylobacter	genus
82654	species	1152	Pseudanabaena	genus
82633	species	106589	Cupriavidus	genus
826	species	32068	Sebaldella	genus
82559	genus	1046	Chromatiaceae	family
82541	species	106589	Cupriavidus	genus
824	species	194	Campylobacter	genus
82380	species	33882	Microbacterium	genus
82376	species	151038	Anaeroarcus	genus
82375	species	151037	Anaerosinus	genus
82374	species	82373	Anaerovibrio	genus
82373	genus	1843491	Selenomonadaceae	family
82367	species	265	Paracoccus	genus
82347	species	66831	Facklamia	genus
82346	species	82345	Ornithinicoccus	genus
82345	genus	85021	Intrasporangiaceae	family
823	species	375288	Parabacteroides	genus
82203	species	82202	Centipeda	genus
82202	genus	1843491	Selenomonadaceae	family
82135	species	2767327	Fannyhessea	genus
821	species	909656	Phocaeicola	genus
820	species	816	Bacteroides	genus
81947	species	2737	Vagococcus	genus
81894	genus	2831111	Kaistiaceae	family
81858	species	1866885	Mycolicibacterium	genus
81857	species	1578	Lactobacillus	genus
818	species	816	Bacteroides	genus
817	species	816	Bacteroides	genus
81683	species	81682	Methylovorus	genus
81682	genus	32011	Methylophilaceae	family
816	genus	815	Bacteroidaceae	family
81569	species	97050	Ruegeria	genus
81499	species	29404	Microlunatus	genus
81479	species	28065	Rhodoferax	genus
81476	species	1330546	Pluralibacter	genus
81475	species	70411	Frateuria	genus
81468	species	81466	Aminobacterium	genus
81466	genus	3029087	Aminobacteriaceae	family
81464	species	81463	Anaeromusa	genus
81463	genus	1843490	Sporomusaceae	family
81462	species	81461	Thermanaerovibrio	genus
81461	genus	649777	Synergistaceae	family
81460	strain	138853	Mesoplasma lactucae	species
81425	species	872	Desulfovibrio	genus
81424	species	1506553	Lachnoclostridium	genus
81416	genus	2194	Methanomicrobiaceae	family
81412	species	81411	Aminomonas	genus
81411	genus	649777	Synergistaceae	family
81409	species	1730	Eubacterium	genus
813	species	810	Chlamydia	genus
81037	species	53246	Pseudoalteromonas	genus
81032	species	85	Hyphomonas	genus
81030	species	85	Hyphomonas	genus
81029	species	85	Hyphomonas	genus
81028	species	157	Treponema	genus
810	genus	809	Chlamydiaceae	family
81	genus	45401	Hyphomicrobiaceae	family
80883	species	352449	Giesbergeria	genus
80882	species	352450	Simplicispira	genus
80881	species	352450	Simplicispira	genus
80880	species	232523	Hylemonella	genus
80879	species	281915	Curvibacter	genus
80878	species	12916	Acidovorax	genus
80877	species	187	Aquaspirillum	genus
80869	species	3051137	Paracidovorax	genus
80867	species	3051137	Paracidovorax	genus
80866	species	80865	Delftia	genus
80865	genus	80864	Comamonadaceae	family
80854	species	58050	Moritella	genus
80852	species	511678	Aliivibrio	genus
80849	species	953	Wolbachia	genus
80842	species	963	Herbaspirillum	genus
80816	species	162027	Haliangium	genus
80746	species	642	Aeromonas	genus
807	species	773	Bartonella	genus
80679	species	156885	Thioflavicoccus	genus
803	species	773	Bartonella	genus
79967	species	551	Erwinia	genus
79929	strain	145263	Methanothermobacter marburgensis	species
79912	species	667113	Actinoallomurus	genus
79885	species	2893060	Alkalihalophilus	genus
79883	species	2837511	Sutcliffiella	genus
79882	species	2837511	Sutcliffiella	genus
79881	species	2893059	Alkalicoccobacillus	genus
79880	species	2893057	Shouchella	genus
79879	species	2837485	Evansella	genus
798300	strain	1314	Streptococcus pyogenes	species
798128	strain	274	Thermus thermophilus	species
797304	strain	44930	Natronobacterium gregoryi	species
797303	strain	69525	Natrinema pellirubrum	species
797302	strain	387341	Halovivax ruber	species
797299	strain	353800	Halostagnicola larsenii	species
797291	species	28453	Sphingobacterium	genus
797210	strain	387343	Halopiger xanaduensis	species
797209	strain	367189	Haladaptatus paucihalophilus	species
797114	strain	171164	Halosimplex carlsbadense	species
796944	strain	1501332	Oribacterium asaccharolyticum	species
796943	strain	1501329	Oribacterium parvum	species
796942	species	1213720	Stomatobaculum	genus
796937	species	1913599	Peptoanaerobacter	genus
796606	strain	1471	Bacillus methanolicus	species
79660	species	84406	Virgibacillus	genus
796514	species	32008	Burkholderia	genus
796384	species	1210116	Flavitalea	genus
79604	species	79603	Denitrobacterium	genus
79603	genus	1643826	Eggerthellaceae	family
79598	genus	31984	Heliobacteriaceae	family
795955	species	57494	Nesterenkonia	genus
795830	species	380240	Brocadia	genus
795797	strain	413810	Halalkalicoccus jeotgali	species
795750	genus	795749	Ignavibacteriaceae	family
795665	species	47420	Hydrogenophaga	genus
795359	strain	1295609	Thermodesulfobacterium geofontis	species
794851	strain	210	Helicobacter pylori	species
794846	species	28105	Sinorhizobium	genus
79329	species	79328	Chitinophaga	genus
79328	genus	563835	Chitinophagaceae	family
79264	species	44249	Paenibacillus	genus
79263	species	44249	Paenibacillus	genus
79209	species	79206	Desulfosporosinus	genus
79206	genus	2937909	Desulfitobacteriaceae	family
791161	strain	1352	Enterococcus faecium	species
788929	strain	2371	Xylella fastidiosa	species
788	species	780	Rickettsia	genus
787	species	780	Rickettsia	genus
786	species	780	Rickettsia	genus
78587	species	76890	Asticcacaulis	genus
78554	species	78553	Alterococcus	genus
78553	genus	3056375	Alterococcaceae	family
78544	species	286	Pseudomonas	genus
78543	species	286	Pseudomonas	genus
78527	species	78526	Allorhizobium	genus
785	species	780	Rickettsia	genus
78448	species	1678	Bifidobacterium	genus
784	species	69474	Orientia	genus
78398	species	122277	Pectobacterium	genus
78355	species	1883	Streptomyces	genus
78342	species	1678	Bifidobacterium	genus
78331	species	1763	Mycobacterium	genus
78328	genus	49546	Flavobacteriaceae	family
78327	species	286	Pseudomonas	genus
783	species	780	Rickettsia	genus
78259	species	196081	Scardovia	genus
78258	species	196082	Parascardovia	genus
78245	strain	280	Xanthobacter autotrophicus	species
78229	species	3051137	Paracidovorax	genus
782	species	780	Rickettsia	genus
78120	species	78119	Succinispira	genus
78119	genus	909930	Acidaminococcaceae	family
781	species	780	Rickettsia	genus
78058	species	44249	Paenibacillus	genus
78057	species	44249	Paenibacillus	genus
780	genus	775	Rickettsiaceae	family
77927	species	77924	Hemiselmis	genus
77926	species	77924	Hemiselmis	genus
77925	species	77924	Hemiselmis	genus
77917	species	848	Fusobacterium	genus
779	species	943	Ehrlichia	genus
77777	species	2837507	Robertmurraya	genus
77768	species	2974251	Segatella	genus
777	species	776	Coxiella	genus
77675	species	77674	Paracraurococcus	genus
77674	genus	433	Acetobacteraceae	family
77635	species	1678	Bifidobacterium	genus
77608	species	53246	Pseudoalteromonas	genus
776	genus	118968	Coxiellaceae	family
77585	species	77583	Craurococcus	genus
77583	genus	433	Acetobacteraceae	family
77524	species	28228	Colwellia	genus
77523	species	1386	Bacillus	genus
774	species	773	Bartonella	genus
773	genus	772	Bartonellaceae	family
77298	species	286	Pseudomonas	genus
771875	strain	93466	Fervidobacterium pennivorans	species
77098	species	2745	Halomonas	genus
77097	species	2745	Halomonas	genus
77095	species	2974251	Segatella	genus
77094	species	2383	Candidatus Epulonipiscium	genus
77038	species	953	Wolbachia	genus
77022	species	77021	Cylindrospermopsis	genus
77021	genus	1892259	Aphanizomenonaceae	family
77008	species	238783	Pseudorhodobacter	genus
770	species	768	Anaplasma	genus
76980	species	152180	Ahrensia	genus
76978	species	165696	Novosphingobium	genus
76947	species	165695	Sphingobium	genus
76936	species	209	Helicobacter	genus
76935	species	1884449	Salipaludibacillus	genus
769	species	768	Anaplasma	genus
76891	species	76890	Asticcacaulis	genus
76890	genus	76892	Caulobacteraceae	family
76887	species	76886	Caldivirga	genus
76886	genus	2267	Thermoproteaceae	family
768710	strain	339862	Desulfosporosinus youngiae	species
768706	strain	1563	Desulfosporosinus orientis	species
768704	strain	79209	Desulfosporosinus meridiei	species
768700	strain	57372	Mycoplasma suis	species
76869	strain	303	Pseudomonas putida	species
768679	strain	2271	Thermoproteus tenax	species
768672	strain	94694	Desulfurococcus amylolyticus	species
768671	strain	244573	Thiocapsa marina	species
768670	strain	477976	Calditerrivibrio nitroreducens	species
76862	species	1707	Cellulomonas	genus
76861	species	1707	Cellulomonas	genus
76860	species	1301	Streptococcus	genus
768539	species	33882	Microbacterium	genus
768538	species	33882	Microbacterium	genus
768537	species	33882	Microbacterium	genus
768536	species	33882	Microbacterium	genus
76853	species	648800	Solibacillus	genus
768527	species	22	Shewanella	genus
768494	strain	1392	Bacillus anthracis	species
768493	species	613	Serratia	genus
768492	strain	82996	Serratia plymuthica	species
768490	species	613	Serratia	genus
768486	strain	1354	Enterococcus hirae	species
76848	species	13687	Sphingomonas	genus
76833	genus	2049	Actinomycetaceae	family
76832	species	76831	Myroides	genus
76831	genus	49546	Flavobacteriaceae	family
768066	strain	2746	Halomonas elongata	species
768065	strain	293091	Haloquadratum walsbyi	species
768	genus	942	Anaplasmataceae	family
767892	species	767891	Candidatus Puniceispirillum	genus
767817	strain	102134	Desulfoscipio gibsoniae	species
767706	species	407	Methylobacterium	genus
767704	species	407	Methylobacterium	genus
767699	species	407	Methylobacterium	genus
767696	species	407	Methylobacterium	genus
767691	species	407	Methylobacterium	genus
767685	species	407	Methylobacterium	genus
767682	species	407	Methylobacterium	genus
767680	species	407	Methylobacterium	genus
767679	species	407	Methylobacterium	genus
76761	species	286	Pseudomonas	genus
76760	species	286	Pseudomonas	genus
76759	species	286	Pseudomonas	genus
76758	species	286	Pseudomonas	genus
767468	strain	1590	Lactiplantibacillus plantarum	species
767465	strain	28903	Mycoplasmopsis bovis	species
767463	strain	1308	Streptococcus thermophilus	species
767462	strain	1587	Lactobacillus helveticus	species
767456	strain	1587	Lactobacillus helveticus	species
767455	strain	1584	Lactobacillus delbrueckii	species
767453	strain	1613	Limosilactobacillus fermentum	species
76745	species	28105	Sinorhizobium	genus
767434	strain	81475	Frateuria aurantia	species
76731	species	93681	Roseateles	genus
76728	species	2995707	Wenjunlia	genus
767031	strain	28129	Prevotella denticola	species
767029	strain	1750	Arachnia propionica	species
766760	strain	1648923	Bacillus paralicheniformis	species
76634	genus	85023	Microbacteriaceae	family
76632	genus	186822	Paenibacillaceae	family
765964	strain	210	Helicobacter pylori	species
765963	strain	210	Helicobacter pylori	species
765962	strain	210	Helicobacter pylori	species
765953	strain	71667	Waddlia chondrophila	species
765952	strain	83552	Parachlamydia acanthamoebae	species
76595	species	104264	Cellulophaga	genus
76594	species	104264	Cellulophaga	genus
765914	strain	154347	Thiorhodospira sibirica	species
765913	strain	210408	Thiorhodococcus drewsii	species
765912	strain	80679	Thioflavicoccus mobilis	species
765911	strain	73141	Thiocystis violascens	species
765910	strain	37487	Marichromatium purpuratum	species
765909	strain	61598	Lamprocystis purpurea	species
76588	species	522	Acidiphilium	genus
765874	strain	1719	Corynebacterium pseudotuberculosis	species
765873	strain	421628	Ectothiorhodospira haloalkaliphila	species
765869	strain	959	Bdellovibrio bacteriovorus	species
765840	species	475	Moraxella	genus
765821	species	572511	Blautia	genus
765698	strain	39645	Mesorhizobium ciceri	species
765420	strain	104176	Oscillochloris trichoides	species
765177	strain	2275	Desulfurococcus mucosus	species
76517	species	194	Campylobacter	genus
764299	strain	380397	Streptococcus ictaluri	species
764298	strain	1339	Streptococcus macacae	species
764291	strain	149016	Streptococcus urinalis	species
764290	strain	1317	Streptococcus downei	species
763439	genus	80864	Comamonadaceae	family
76305	species	150830	Roseibium	genus
763034	strain	626930	Bacteroides fluxus	species
762984	strain	626929	Bacteroides clarus	species
762983	strain	626938	Succinatimonas hippei	species
762982	strain	454155	Paraprevotella xylaniphila	species
762968	strain	454154	Paraprevotella clara	species
762967	strain	437898	Sutterella parvirubra	species
762966	strain	487175	Parasutterella excrementihominis	species
762948	strain	2047	Rothia dentocariosa	species
762903	strain	151895	Pseudopedobacter saltans	species
762833	species	2767887	Ligilactobacillus	genus
762633	strain	274	Thermus thermophilus	species
76259	species	88875	Ferribacterium	genus
76258	species	662	Vibrio	genus
762570	strain	29549	Rhodothermus marinus	species
762550	strain	115778	Leuconostoc gasicomitatum	species
762376	strain	85698	Achromobacter xylosoxidans	species
762296	genus	403	Methylococcaceae	family
762261	species	2800679	Altericroceibacterium	genus
762051	strain	136609	Leuconostoc kimchii	species
761659	strain	146919	Salinibacter ruber	species
76123	species	2974257	Hoylesella	genus
76122	species	1283313	Alloprevotella	genus
761193	strain	106	Runella slithyformis	species
76114	strain	551760	Aromatoleum aromaticum	species
76113	species	33057	Thauera	genus
76112	species	33057	Thauera	genus
761	species	745	Pasteurella	genus
760570	strain	1318	Streptococcus parasanguinis	species
760568	strain	58135	Desulfofundulus kuznetsovii	species
76020	species	1813	Amycolatopsis	genus
760192	strain	2350	Haliscomenobacter hydrossis	species
760154	strain	44674	Sulfurospirillum barnesii	species
760142	strain	84405	Hippea maritima	species
76008	genus	543313	Eubacteriales Family XII. Incertae Sedis	family
760011	strain	273376	Parasphaerochaeta coccoides	species
760	species	745	Pasteurella	genus
759914	strain	52584	Brachyspira pilosicoli	species
759913	strain	1334	Streptococcus dysgalactiae	species
759851	species	1569	Sporosarcina	genus
75985	species	75984	Mannheimia	genus
75984	genus	712	Pasteurellaceae	family
759620	species	46255	Weissella	genus
759413	genus	485255	Natranaerobiaceae	family
759411	species	89966	Hymenobacter	genus
759364	strain	813	Chlamydia trachomatis	species
759363	strain	813	Chlamydia trachomatis	species
759362	strain	92945	Ketogulonicigenium vulgare	species
759350	strain	216816	Bifidobacterium longum	species
75922	species	1866885	Mycolicibacterium	genus
75920	species	1763	Mycobacterium	genus
75905	genus	64898	Aquificaceae	family
758847	strain	28183	Leptospira santarosai	species
758826	species	12916	Acidovorax	genus
758820	strain	280473	Aquiflexum balticum	species
758802	species	1866885	Mycolicibacterium	genus
758796	species	32008	Burkholderia	genus
758793	species	1827195	Caballeronia	genus
758678	strain	1491	Clostridium botulinum	species
758601	genus	183710	Deinococcaceae	family
758	species	1960084	Rodentibacter	genus
757425	strain	197	Campylobacter jejuni	species
757424	strain	964	Herbaspirillum seropedicae	species
75697	species	359336	Castellaniella	genus
756892	species	469	Acinetobacter	genus
75688	species	75687	Neptunomonas	genus
75687	genus	135620	Oceanospirillaceae	family
75684	species	75683	Balneatrix	genus
75683	genus	2301193	Balneatrichaceae	family
756828	species	1386	Bacillus	genus
756689	species	1817	Nocardia	genus
75659	species	75654	Duganella	genus
75658	species	194	Campylobacter	genus
75654	genus	75682	Oxalobacteraceae	family
756499	strain	36854	Desulfitobacterium dehalogenans	species
756272	strain	119	Rubinisphaera brasiliensis	species
75612	species	286	Pseudomonas	genus
756	species	745	Pasteurella	genus
75588	species	286	Pseudomonas	genus
755732	strain	191579	Fluviicola taffensis	species
755731	species	1485	Clostridium	genus
755178	strain	379064	Cyanobacterium aponinum	species
755	species	292486	Avibacterium	genus
754523	strain	384	Rhizobium leguminosarum	species
754515	species	2093	Mycoplasma	genus
754507	strain	714	Aggregatibacter actinomycetemcomitans	species
754503	strain	2099	Mesomycoplasma hyopneumoniae	species
754502	strain	948107	Paraburkholderia sprentiae	species
754477	species	40222	Methylophaga	genus
754476	species	40222	Methylophaga	genus
754436	species	657	Photobacterium	genus
754409	species	286104	Winogradskyella	genus
754333	species	561	Escherichia	genus
754331	species	561	Escherichia	genus
754252	strain	1744	Propionibacterium freudenreichii	species
754093	strain	622	Shigella dysenteriae	species
754035	strain	536018	Mesorhizobium australicum	species
754	species	745	Pasteurella	genus
75385	species	116071	Micropruina	genus
75379	strain	926	Thiomonas intermedia	species
75309	genus	1775411	Rhodanobacteraceae	family
753	species	745	Pasteurella	genus
75294	species	1851	Saccharomonospora	genus
75293	species	1883	Streptomyces	genus
75291	species	1847	Pseudonocardia	genus
75289	species	1847	Pseudonocardia	genus
752555	strain	305719	Segatella baroniae	species
752140	species	84567	Pedobacter	genus
752	species	745	Pasteurella	genus
751945	strain	56957	Thermus oshimai	species
751944	species	2239	Halobacterium	genus
751586	strain	293	Brevundimonas diminuta	species
751585	species	33042	Coprococcus	genus
75105	species	1822464	Paraburkholderia	genus
751	species	292486	Avibacterium	genus
750	species	155493	Gallibacterium	genus
75	genus	76892	Caulobacteraceae	family
749927	strain	33910	Amycolatopsis mediterranei	species
74969	species	74968	Ferroplasma	genus
74968	genus	90142	Ferroplasmaceae	family
749517	strain	1351	Enterococcus faecalis	species
749516	strain	1351	Enterococcus faecalis	species
749515	strain	1351	Enterococcus faecalis	species
749513	strain	1351	Enterococcus faecalis	species
749491	strain	1351	Enterococcus faecalis	species
749414	strain	379067	Streptomyces bingchenggensis	species
749222	strain	269261	Nitratifractor salsuginis	species
749219	strain	480	Moraxella catarrhalis	species
748907	species	1663	Arthrobacter	genus
748831	species	1383070	Brevifollis	genus
748811	species	1054211	Sulfuritalea	genus
748727	strain	1538	Clostridium ljungdahlii	species
748672	strain	633	Yersinia pseudotuberculosis	species
748671	strain	47770	Lactobacillus crispatus	species
748658	species	106633	Thioalkalivibrio	genus
748652	species	106633	Thioalkalivibrio	genus
748651	species	106633	Thioalkalivibrio	genus
748449	strain	42422	Halobacteroides halobius	species
74829	species	2901164	Stutzerimonas	genus
748280	species	568394	Pseudogulbenkiania	genus
748247	species	12960	Azoarcus	genus
748224	strain	853	Faecalibacterium prausnitzii	species
747602	species	1485	Clostridium	genus
747601	species	1485	Clostridium	genus
747365	strain	184064	Thermodesulfobium narugense	species
747294	genus	80864	Comamonadaceae	family
747076	species	747074	Tepidamorphus	genus
747074	genus	2844863	Tepidamorphaceae	family
747	species	745	Pasteurella	genus
746697	strain	101385	Aequorivita sublithincola	species
746691	species	182709	Oceanobacillus	genus
74661	species	2745	Halomonas	genus
746361	strain	1359	Lactococcus cremoris	species
746033	species	985001	Piscicoccus	genus
746032	species	984996	Mobilicoccus	genus
745776	strain	502394	Deinococcus gobiensis	species
74570	strain	1076	Rhodopseudomonas palustris	species
74547	strain	1219	Prochlorococcus marinus	species
74546	strain	1219	Prochlorococcus marinus	species
745411	strain	1207039	Gallaecimonas xiamenensis	species
745408	species	1827	Rhodococcus	genus
745368	species	204475	Gemmiger	genus
745362	species	1883	Streptomyces	genus
745310	species	13687	Sphingomonas	genus
745277	strain	34038	Rahnella aquatilis	species
745248	species	375928	Natranaerobius	genus
745153	genus	1706371	Cellvibrionaceae	family
745	genus	712	Pasteurellaceae	family
744980	species	150830	Roseibium	genus
744979	species	152180	Ahrensia	genus
744872	strain	215591	Gracilinema caldarium	species
744724	genus	2236	Halobacteriaceae	family
744370	species	43676	Promicromonospora	genus
74426	species	102106	Collinsella	genus
743973	strain	29575	Taylorella equigenitalis	species
743972	strain	716	Actinobacillus suis	species
743971	strain	2128	Mesomycoplasma flocculare	species
743967	strain	51365	Mycoplasma yeatsii	species
743966	strain	45362	Mesomycoplasma bovoculi	species
743965	strain	2123	Mycoplasma putrefaciens	species
74385	genus	186817	Bacillaceae	family
743835	strain	1392	Bacillus anthracis	species
743740	species	2077	Sporolactobacillus	genus
743739	species	2077	Sporolactobacillus	genus
743738	species	2077	Sporolactobacillus	genus
743722	species	28453	Sphingobacterium	genus
743721	strain	314722	Pseudoxanthomonas suwonensis	species
743720	strain	47880	Pseudomonas fulva	species
743719	strain	228574	Paenibacillus lactis	species
743718	strain	139208	Isoptericola variabilis	species
743714	genus	1240483	Orbaceae	family
743698	strain	315358	Spiroplasma eriocheiris	species
74360	species	13687	Sphingomonas	genus
743525	strain	37636	Thermus scotoductus	species
743454	species	2077	Sporolactobacillus	genus
743453	species	2077	Sporolactobacillus	genus
743299	strain	160808	Acidithiobacillus ferrivorans	species
74329	species	41275	Brevundimonas	genus
743277	strain	520	Bordetella pertussis	species
74318	species	74317	Maricaulis	genus
74317	genus	2800061	Maricaulaceae	family
74316	species	41275	Brevundimonas	genus
74315	species	41275	Brevundimonas	genus
74313	species	41275	Brevundimonas	genus
74312	species	41275	Brevundimonas	genus
74311	species	41275	Brevundimonas	genus
743009	species	33882	Microbacterium	genus
742820	strain	1328	Streptococcus anginosus	species
742818	strain	626934	Slackia piriformis	species
742817	strain	626933	Odoribacter laneus	species
742816	strain	437897	Megamonas funiformis	species
742813	strain	41997	Enterococcus saccharolyticus	species
742767	strain	163665	Dysgonomonas mossii	species
742766	strain	156974	Dysgonomonas gadei	species
742765	strain	39486	Dorea formicigenerans	species
742743	strain	487173	Dialister succinatiphilus	species
742742	strain	626935	Collinsella tanakaei	species
742739	strain	1502	Clostridium perfringens	species
742738	strain	292800	Flavonifractor plautii	species
742737	strain	154046	Hungatella hathewayi	species
742736	strain	1531	Enterocloster clostridioformis	species
742735	strain	1531	Enterocloster clostridioformis	species
742733	strain	358743	Enterocloster citroniae	species
742729	strain	28025	Bifidobacterium animalis	species
742727	strain	626931	Bacteroides oleiciplenus	species
742726	strain	487174	Barnesiella intestinihominis	species
742725	strain	626932	Alistipes indistinctus	species
742719	species	469	Acinetobacter	genus
742054	species	44249	Paenibacillus	genus
742053	species	475794	Haliea	genus
742013	species	80865	Delftia	genus
741655	species	84034	Propionispira	genus
741277	strain	372787	Fischerella thermalis	species
741155	strain	101564	Pseudomonas alcaliphila	species
741093	strain	562	Escherichia coli	species
74109	species	657	Photobacterium	genus
740709	strain	1207041	Idiomarina xiamenensis	species
74033	species	74032	Antarctobacter	genus
74032	genus	2854170	Roseobacteraceae	family
74031	species	74030	Roseovarius	genus
74030	genus	2854170	Roseobacteraceae	family
73919	species	73918	Thermaerobacter	genus
73918	genus	539000	Clostridiales Family XVII. Incertae Sedis	family
739143	species	237	Flavobacterium	genus
73913	species	196118	Methanocaldococcus	genus
739	species	416916	Aggregatibacter	genus
738	species	2094023	Glaesserella	genus
73780	species	73778	Methylocaldum	genus
73779	species	73778	Methylocaldum	genus
73778	genus	403	Methylococcaceae	family
736	species	724	Haemophilus	genus
732236	species	838	Prevotella	genus
732	species	416916	Aggregatibacter	genus
73141	species	13724	Thiocystis	genus
731	species	214906	Histophilus	genus
73098	species	579	Kluyvera	genus
73044	species	1883	Streptomyces	genus
73029	genus	2008795	Azonexaceae	family
73010	species	642	Aeromonas	genus
730	species	724	Haemophilus	genus
729	species	724	Haemophilus	genus
72806	species	85043	Williamsia	genus
728007	species	1060	Rhodobacter	genus
728006	species	1060	Rhodobacter	genus
728005	species	46913	Devosia	genus
728	species	292486	Avibacterium	genus
72763	genus	31957	Propionibacteriaceae	family
727	species	724	Haemophilus	genus
726	species	724	Haemophilus	genus
72572	species	1386	Bacillus	genus
72571	species	1663	Arthrobacter	genus
72557	species	222	Achromobacter	genus
72556	species	222	Achromobacter	genus
72520	species	5748	Nannochloropsis	genus
724	genus	712	Pasteurellaceae	family
723879	strain	1288388	Mycolicibacter algericus	species
72361	species	1386	Bacillus	genus
72360	species	1386	Bacillus	genus
723	species	713	Actinobacillus	genus
722911	strain	216816	Bifidobacterium longum	species
722438	strain	2104	Mycoplasmoides pneumoniae	species
721785	species	238749	Diaphorobacter	genus
72174	species	72173	Citromicrobium	genus
72173	genus	41297	Sphingomonadaceae	family
721133	species	245876	Nitratireductor	genus
720605	species	2745	Halomonas	genus
720555	strain	1452	Bacillus atrophaeus	species
720554	strain	288965	Acetivibrio clariflavus	species
72026	species	31983	Helcococcus	genus
72021	genus	31989	Paracoccaceae	family
72020	species	1121	Aphanothece	genus
72000	species	57493	Kocuria	genus
720	species	713	Actinobacillus	genus
72	species	71	Simonsiella	genus
71999	species	57493	Kocuria	genus
71997	species	2263	Thermococcus	genus
71995	species	44249	Paenibacillus	genus
719	species	713	Actinobacillus	genus
71861	species	54902	Scrippsiella	genus
718274	strain	28901	Salmonella enterica	species
718271	strain	197	Campylobacter jejuni	species
718255	strain	166486	Roseburia intestinalis	species
718254	strain	550	Enterobacter cloacae	species
718252	strain	853	Faecalibacterium prausnitzii	species
718251	strain	636	Edwardsiella tarda	species
718219	strain	813	Chlamydia trachomatis	species
718194	species	630749	Spongiibacter	genus
718	species	713	Actinobacillus	genus
717962	strain	116085	Coprococcus catus	species
717961	strain	39492	[Eubacterium] siraeum	species
717960	strain	39483	Faecalitalea cylindroides	species
717959	strain	328814	Alistipes shahii	species
717849	species	1817	Nocardia	genus
717785	species	81	Hyphomicrobium	genus
717774	strain	119864	Marinomonas mediterranea	species
717773	strain	147268	Thiomicrospira cyclica	species
717772	strain	92245	Thiomicrospira aerophila	species
717609	species	44000	Caldicellulosiruptor	genus
717608	strain	84030	Lacrimispora saccharolytica	species
717606	strain	59840	Paenibacillus curdlanolyticus	species
717605	strain	377615	Thermobacillus composti	species
717522	strain	1773	Mycobacterium tuberculosis	species
717231	strain	2352	Flexistipes sinusarabici	species
717	species	713	Actinobacillus	genus
716928	strain	716925	Sinorhizobium sojae	species
716816	species	1084558	Oceanicoccus	genus
71667	species	71666	Waddlia	genus
71657	species	1082702	Lonsdalea	genus
71656	species	71655	Brenneria	genus
71655	genus	1903410	Pectobacteriaceae	family
716544	strain	71667	Waddlia chondrophila	species
716541	strain	550	Enterobacter cloacae	species
716540	strain	552	Erwinia amylovora	species
716	species	713	Actinobacillus	genus
71546	species	162291	Planomicrobium	genus
715451	species	226	Alteromonas	genus
715222	genus	715221	Caldicoprobacteraceae	family
715199	species	1883	Streptomyces	genus
715	species	713	Actinobacillus	genus
714962	strain	562	Escherichia coli	species
714961	strain	28031	Lysinibacillus fusiformis	species
714943	strain	423351	Mucilaginibacter paludis	species
71453	species	51668	Tetragenococcus	genus
71452	species	1350	Enterococcus	genus
71451	species	1350	Enterococcus	genus
714359	strain	1428	Bacillus thuringiensis	species
71433	species	68287	Mesorhizobium	genus
714315	strain	157692	Pseudoleptotrichia goodfellowii	species
714314	strain	55214	Brenneria salicis	species
714313	strain	1625	Fructilactobacillus sanfranciscensis	species
71421	strain	727	Haemophilus influenzae	species
714196	species	1350	Enterococcus	genus
714083	strain	1079994	Leucobacter chromiiresistens	species
714	species	416916	Aggregatibacter	genus
713887	species	1453359	Atelocyanobacterium	genus
71388	species	662	Vibrio	genus
71383	species	296014	Algicola	genus
713604	strain	33910	Amycolatopsis mediterranei	species
713603	strain	9	Buchnera aphidicola	species
713602	strain	9	Buchnera aphidicola	species
713601	strain	9	Buchnera aphidicola	species
713600	strain	9	Buchnera aphidicola	species
713588	species	2782231	Kaistella	genus
713587	strain	152475	Thioalkalivibrio thiocyanoxidans	species
713586	strain	243063	Thioalkalivibrio thiocyanodenitrificans	species
713585	strain	108010	Thioalkalivibrio paradoxus	species
713030	species	970	Selenomonas	genus
713008	species	543311	Parvimonas	genus
713	genus	712	Pasteurellaceae	family
712961	strain	1624	Ligilactobacillus salivarius	species
712938	strain	1613	Limosilactobacillus fermentum	species
712898	strain	470934	Pantoea vagans	species
71281	species	35798	Nitrosospira	genus
712710	species	195950	Tannerella	genus
712630	species	1301	Streptococcus	genus
712620	species	1301	Streptococcus	genus
71255	species	1663	Arthrobacter	genus
71254	species	1716	Corynebacterium	genus
712538	species	970	Selenomonas	genus
712531	species	970	Selenomonas	genus
71253	species	1663	Arthrobacter	genus
712430	species	162289	Peptoniphilus	genus
712414	species	265975	Oribacterium	genus
712411	species	133925	Olsenella	genus
712383	species	33882	Microbacterium	genus
71237	species	2803850	Mammaliicoccus	genus
712368	species	32067	Leptotrichia	genus
712357	species	32067	Leptotrichia	genus
71235	species	152161	Stappia	genus
712218	species	1016	Capnocytophaga	genus
712216	species	1016	Capnocytophaga	genus
712215	species	1016	Capnocytophaga	genus
712158	species	1380	Atopobium	genus
712156	species	1380	Atopobium	genus
712124	species	1654	Actinomyces	genus
712122	species	1654	Actinomyces	genus
712119	species	1654	Actinomyces	genus
71171	species	162291	Planomicrobium	genus
71151	genus	1460864	Methanocalculaceae	family
710696	strain	53358	Intrasporangium calvum	species
710685	strain	36814	Mycolicibacterium rhodesiae	species
710421	strain	1800	Mycolicibacterium chubuense	species
710393	strain	104628	Helicobacter suis	species
710239	species	1016	Capnocytophaga	genus
710111	species	1854	Frankia	genus
71	genus	481	Neisseriaceae	family
709991	strain	28118	Odoribacter splanchnicus	species
709986	strain	309887	Deinococcus maricopensis	species
70998	species	2993541	Neolewinella	genus
70995	species	70994	Lewinella	genus
70994	genus	1937960	Lewinellaceae	family
70993	species	70992	Flexithrix	genus
70992	genus	200667	Flammeovirgaceae	family
709032	strain	148813	Sulfuricurvum kujiense	species
709015	strain	323450	Pontibacter actiniarum	species
70864	species	22	Shewanella	genus
70863	species	22	Shewanella	genus
708616	strain	2096	Mycoplasmoides gallisepticum	species
70856	species	642	Aeromonas	genus
708424	species	1883	Streptomyces	genus
708248	strain	57372	Mycoplasma suis	species
708186	species	2321111	Aliarcobacter	genus
708126	species	1470540	Jeotgalibaca	genus
70799	species	159191	Nodularia	genus
70775	species	286	Pseudomonas	genus
70774	genus	206349	Hydrogenophilaceae	family
70771	species	2276	Pyrobaculum	genus
707248	strain	117681	Pseudomonas gingeri	species
707241	strain	382	Sinorhizobium meliloti	species
707235	strain	1773	Mycobacterium tuberculosis	species
707232	strain	29430	Acinetobacter haemolyticus	species
707187	strain	813	Chlamydia trachomatis	species
707186	strain	813	Chlamydia trachomatis	species
707185	strain	813	Chlamydia trachomatis	species
707184	strain	813	Chlamydia trachomatis	species
707183	strain	813	Chlamydia trachomatis	species
706587	strain	2358	Desulfomonile tiedjei	species
706434	strain	187326	Megasphaera micronuciformis	species
706433	strain	102148	Solobacterium moorei	species
706194	strain	336810	Candidatus Karelsulcia muelleri	species
706191	strain	553	Pantoea ananatis	species
706186	species	237	Flavobacterium	genus
706183	species	237	Flavobacterium	genus
706182	species	237	Flavobacterium	genus
70601	strain	53953	Pyrococcus horikoshii	species
70586	species	92793	Aquabacterium	genus
70584	species	92793	Aquabacterium	genus
70582	species	92793	Aquabacterium	genus
705328	species	1847	Pseudonocardia	genus
705313	species	44249	Paenibacillus	genus
705310	species	44249	Paenibacillus	genus
705309	species	1678	Bifidobacterium	genus
70450	species	3030	Cryptomonas	genus
70411	genus	1775411	Rhodanobacteraceae	family
703613	strain	28025	Bifidobacterium animalis	species
70348	species	469	Acinetobacter	genus
70347	species	469	Acinetobacter	genus
70346	species	469	Acinetobacter	genus
703342	species	76831	Myroides	genus
703341	species	53457	Janibacter	genus
703339	strain	1280	Staphylococcus aureus	species
703	species	702	Plesiomonas	genus
70258	species	1279	Staphylococcus	genus
70255	species	1279	Staphylococcus	genus
702459	strain	1681	Bifidobacterium bifidum	species
702457	strain	529731	Listeria marthii	species
702450	strain	154288	Turicibacter sanguinis	species
702113	species	165696	Novosphingobium	genus
702	genus	543	Enterobacteriaceae	family
70190	genus	1890464	Chroococcaceae	family
701529	species	162289	Peptoniphilus	genus
701521	strain	187452	Pediococcus claussenii	species
701347	strain	1334193	[Enterobacter] lignolyticus	species
701177	strain	562	Escherichia coli	species
701175	species	662	Vibrio	genus
701043	species	1763	Mycobacterium	genus
701042	species	1763	Mycobacterium	genus
701041	species	1763	Mycobacterium	genus
700598	strain	354356	Niastella koreensis	species
700597	strain	1073330	Streptomyces zinciresistens	species
700508	strain	1795	Mycolicibacterium neoaurum	species
700015	strain	33871	Coriobacterium glomerans	species
7	species	6	Azorhizobium	genus
69974	species	68287	Mesorhizobium	genus
69969	species	69965	Macrococcus	genus
69968	species	69965	Macrococcus	genus
69967	species	69965	Macrococcus	genus
69966	species	3076173	Macrococcoides	genus
69965	genus	90964	Staphylococcaceae	family
69962	species	69961	Azomonas	genus
69961	genus	135621	Pseudomonadaceae	family
69959	genus	41295	Rhodospirillaceae	family
699437	species	1288026	Arcticibacter	genus
699248	strain	1341	Streptococcus ratti	species
699246	strain	884684	Mageeibacillus indolicus	species
699218	strain	699192	Megasphaera genomosp. type_1	species
699192	species	906	Megasphaera	genus
698973	strain	1717	Corynebacterium diphtheriae	species
698972	strain	1717	Corynebacterium diphtheriae	species
698971	strain	1717	Corynebacterium diphtheriae	species
698970	strain	1717	Corynebacterium diphtheriae	species
698969	strain	1717	Corynebacterium diphtheriae	species
698968	strain	1717	Corynebacterium diphtheriae	species
698967	strain	1717	Corynebacterium diphtheriae	species
698966	strain	1717	Corynebacterium diphtheriae	species
698965	strain	1717	Corynebacterium diphtheriae	species
698964	strain	1717	Corynebacterium diphtheriae	species
698963	strain	1717	Corynebacterium diphtheriae	species
698962	strain	1717	Corynebacterium diphtheriae	species
69896	species	33926	Phytoplasma	genus
698948	strain	1517	Thermoanaerobacterium thermosaccharolyticum	species
69894	genus	3118658	Tindalliaceae	family
698936	strain	382	Sinorhizobium meliloti	species
698828	species	504090	Kushneria	genus
698776	genus	3018741	Cellulosilyticaceae	family
698769	species	84406	Virgibacillus	genus
698762	strain	161154	Thermanaeromonas toyohensis	species
698761	strain	398	Rhizobium tropici	species
698758	strain	1449	Amphibacillus xylanus	species
698757	strain	99007	Pyrobaculum oguniense	species
698738	strain	188908	Oleispira antarctica	species
698737	strain	28035	Staphylococcus lugdunensis	species
698647	species	69278	Aquamicrobium	genus
698331	species	1883	Streptomyces	genus
69823	species	970	Selenomonas	genus
697581	strain	1365176	Thermofilum adornatum	species
697331	genus	712	Pasteurellaceae	family
697329	strain	1264	Ruminococcus albus	species
697303	strain	46354	Thermoanaerobacter wiegelii	species
697284	strain	1464	Paenibacillus larvae	species
697283	strain	1313	Streptococcus pneumoniae	species
697282	strain	173365	Methylobacter tundripaludum	species
697281	strain	252966	Mahella australiensis	species
697279	genus	81852	Enterococcaceae	family
69710	species	157	Treponema	genus
696872	species	44249	Paenibacillus	genus
696749	strain	470	Acinetobacter baumannii	species
696748	strain	716	Actinobacillus suis	species
696747	strain	118562	Arthrospira platensis	species
69655	genus	118883	Sulfolobaceae	family
696536	species	44249	Paenibacillus	genus
696485	species	662	Vibrio	genus
696406	strain	562	Escherichia coli	species
696369	strain	1565	Desulfotomaculum nigrificans	species
696281	strain	1564	Desulforamulus ruminis	species
696216	strain	76860	Streptococcus constellatus	species
696127	strain	234827	Candidatus Midichloria mitochondrii	species
696125	strain	56426	Bartonella clarridgeiae	species
696074	species	763439	Caenimonas	genus
696001	species	55968	Leucobacter	genus
695982	genus	1644056	Haloferacaceae	family
695939	strain	309885	Deinococcus hopiensis	species
69578	genus	85023	Microbacteriaceae	family
695563	strain	1604	Lactobacillus amylovorus	species
695562	strain	1604	Lactobacillus amylovorus	species
695560	strain	1604	Lactobacillus amylovorus	species
69527	species	88723	Natrinema	genus
69525	species	88723	Natrinema	genus
69499	species	28236	Petrotoga	genus
69474	genus	775	Rickettsiaceae	family
69473	species	2903107	Paracholeplasma	genus
694569	strain	714	Aggregatibacter actinomycetemcomitans	species
694440	strain	2205	Methanomicrobium mobile	species
694439	strain	309891	Deinococcus sonorensis	species
694438	strain	28195	Thermonema lapsum	species
694437	strain	29528	Flammeovirga aprica	species
694436	strain	230356	Methanolacinia paynteri	species
694435	strain	309889	Deinococcus yavapaiensis	species
694434	strain	342666	Gracilibacter thermotolerans	species
694433	strain	1008	Saprospira grandis	species
694432	strain	269253	Thioreductor micantisoli	species
694431	strain	33002	Desulfurella acetivorans	species
694430	strain	29288	Natronococcus occultus	species
694429	strain	54252	Pyrolobus fumarii	species
694428	species	286	Pseudomonas	genus
694427	strain	185300	Paludibacter propionicigenes	species
694055	species	484508	Ornithinibacillus	genus
693986	strain	334852	Methylobacterium oryzae	species
693982	strain	382	Sinorhizobium meliloti	species
693979	strain	290053	Bacteroides helcogenes	species
693978	strain	34085	Riemerella anatipestifer	species
693977	strain	55148	Deinococcus proteolyticus	species
693974	strain	62322	Shewanella baltica	species
693973	strain	62322	Shewanella baltica	species
693970	strain	62322	Shewanella baltica	species
69395	species	75	Caulobacter	genus
693851	species	695982	Halogranum	genus
693748	species	234	Brucella	genus
693746	strain	351091	Oscillibacter valericigenes	species
693745	strain	210	Helicobacter pylori	species
69373	species	2034	Curtobacterium	genus
69370	species	33882	Microbacterium	genus
69369	species	33882	Microbacterium	genus
69368	species	33882	Microbacterium	genus
69367	species	33882	Microbacterium	genus
693661	strain	58290	Archaeoglobus veneficus	species
69366	species	33882	Microbacterium	genus
69365	species	33882	Microbacterium	genus
69363	species	33882	Microbacterium	genus
69362	species	33882	Microbacterium	genus
693324	species	1883	Streptomyces	genus
69328	species	286	Pseudomonas	genus
69322	species	237	Flavobacterium	genus
693216	strain	413502	Cronobacter turicensis	species
693153	species	662	Vibrio	genus
693075	species	693074	Caldisericum	genus
693074	genus	693073	Caldisericaceae	family
693023	species	125216	Roseomonas	genus
693	species	662	Vibrio	genus
69284	species	83618	Pseudoxanthomonas	genus
69279	species	69278	Aquamicrobium	genus
69278	genus	69277	Phyllobacteriaceae	family
692420	strain	1390	Bacillus amyloliquefaciens	species
692370	species	2800686	Tsuneonella	genus
69224	species	551	Erwinia	genus
69223	species	2884243	Musicola	genus
69222	species	551	Erwinia	genus
69221	species	122277	Pectobacterium	genus
69220	species	1330545	Lelliottia	genus
69218	species	547	Enterobacter	genus
691820	species	374	Bradyrhizobium	genus
691437	species	129337	Geobacillus	genus
691261	species	286	Pseudomonas	genus
691	species	662	Vibrio	genus
690850	strain	873	Desulfocurvibacter africanus	species
690621	genus	2008793	Sterolibacteriaceae	family
690598	strain	46677	Pseudomonas agarici	species
690567	strain	404335	Syntrophomonas zehnderi	species
690566	strain	46429	Sphingobium chlorophenolicum	species
690565	genus	125316	Beutenbergiaceae	family
69014	strain	311400	Thermococcus kodakarensis	species
690086	genus	2137278	Salinarimonadaceae	family
69	species	68	Lysobacter	genus
689697	genus	2893042	Salisaetaceae	family
68911	species	63742	Natrialba	genus
68910	species	1298	Deinococcus	genus
68909	species	1298	Deinococcus	genus
68903	genus	85021	Intrasporangiaceae	family
689	species	662	Vibrio	genus
68895	species	106589	Cupriavidus	genus
68892	species	1301	Streptococcus	genus
68891	species	1301	Streptococcus	genus
688354	strain	196	Campylobacter fetus	species
688270	strain	59600	Cellulophaga algicola	species
688269	strain	119394	Pseudothermotoga thermarum	species
688246	strain	310514	Hallella multisaccharivorax	species
688245	strain	285	Comamonas testosteroni	species
688	species	511678	Aliivibrio	genus
687905	species	66831	Facklamia	genus
687899	strain	1288385	Yersinia pekkanenii	species
687846	species	59732	Chryseobacterium	genus
687844	species	237	Flavobacterium	genus
687436	species	44249	Paenibacillus	genus
687388	species	1851	Saccharomonospora	genus
687	species	662	Vibrio	genus
686990	strain	160	Treponema pallidum	species
686660	strain	29466	Veillonella parvula	species
686658	species	245876	Nitratireductor	genus
686597	species	293088	Martelella	genus
686595	species	237	Flavobacterium	genus
686429	species	2053	Gordonia	genus
686340	strain	39775	Methylomicrobium album	species
686330	strain	321895	Paraburkholderia silvatlantica	species
685950	genus	685949	Fervidicoccaceae	family
685782	strain	395923	Bartonella rochalimae	species
685778	species	13687	Sphingomonas	genus
685727	strain	43767	Prescottella equi	species
685706	species	629	Yersinia	genus
68569	species	13687	Sphingomonas	genus
685039	strain	1280	Staphylococcus aureus	species
685038	strain	562	Escherichia coli	species
685	species	662	Vibrio	genus
684950	strain	210	Helicobacter pylori	species
684738	strain	1358	Lactococcus lactis	species
684063	species	44249	Paenibacillus	genus
683846	species	685950	Fervidicoccus	genus
683837	strain	1640	Listeria seeligeri	species
683737	species	44249	Paenibacillus	genus
68335	genus	2138247	Coprothermobacteraceae	family
68334	species	551	Erwinia	genus
683219	species	1883	Streptomyces	genus
683150	species	1663	Arthrobacter	genus
683137	species	2420	Thermosipho	genus
683136	species	2422	Fervidobacterium	genus
683135	species	81461	Thermanaerovibrio	genus
683124	species	237	Flavobacterium	genus
682957	strain	1333845	Paenibacillus sophorae	species
682956	species	44249	Paenibacillus	genus
68288	genus	563798	Cyclobacteriaceae	family
68287	genus	69277	Phyllobacteriaceae	family
68280	species	1883	Streptomyces	genus
682795	strain	940614	Granulicella mallensis	species
682713	species	187	Aquaspirillum	genus
682634	strain	82996	Serratia plymuthica	species
682522	genus	2448023	Ilumatobacteraceae	family
68228	species	1883	Streptomyces	genus
68214	species	1883	Streptomyces	genus
68213	species	1883	Streptomyces	genus
68204	species	1883	Streptomyces	genus
68180	species	1883	Streptomyces	genus
68179	species	1883	Streptomyces	genus
68173	species	2063	Kitasatospora	genus
68170	species	165301	Lentzea	genus
681645	strain	1719	Corynebacterium pseudotuberculosis	species
681608	species	1707	Cellulomonas	genus
681288	strain	1280	Staphylococcus aureus	species
680646	strain	43675	Rothia mucilaginosa	species
68034	genus	2867375	Desulfallaceae	family
680320	species	83654	Leclercia	genus
680319	species	83654	Leclercia	genus
680248	species	28105	Sinorhizobium	genus
680247	species	28105	Sinorhizobium	genus
680198	strain	1930	Streptomyces scabiei	species
680127	species	59732	Chryseobacterium	genus
680118	species	145260	Methanothermobacter	genus
680	species	662	Vibrio	genus
68	genus	32033	Xanthomonadaceae	family
679937	strain	151276	Bacteroides coprosuis	species
679936	strain	53633	Sulfobacillus acidophilus	species
679935	strain	214856	Alistipes finegoldii	species
679926	strain	54120	Methanolacinia petrolearia	species
679901	strain	39669	Methanosalsum zhilinae	species
679897	strain	217	Helicobacter mustelae	species
679896	strain	1719	Corynebacterium pseudotuberculosis	species
679318	species	1827	Rhodococcus	genus
679201	strain	135082	Selenomonas infelix	species
679200	strain	43995	Johnsonella ignava	species
679192	strain	118748	Bulleidia extructa	species
679190	strain	28127	Hoylesella buccalis	species
67855	species	1857532	Muribacter	genus
67854	species	713	Actinobacillus	genus
67829	species	544	Citrobacter	genus
67828	species	544	Citrobacter	genus
67827	species	544	Citrobacter	genus
67826	species	544	Citrobacter	genus
67825	species	544	Citrobacter	genus
67824	species	544	Citrobacter	genus
67780	species	635	Edwardsiella	genus
67774	species	1525371	Neorhizobium	genus
67760	species	196118	Methanocaldococcus	genus
676517	species	59195	Rickettsiella	genus
676032	strain	263	Francisella tularensis	species
676	species	662	Vibrio	genus
67589	species	1883	Streptomyces	genus
675816	strain	28175	Vibrio orientalis	species
675815	species	662	Vibrio	genus
675814	strain	190893	Vibrio coralliilyticus	species
675813	strain	28172	Vibrio metschnikovii	species
675812	strain	673	Grimontia hollisae	species
675811	strain	29494	Vibrio furnissii	species
67581	species	1883	Streptomyces	genus
67576	species	67575	Rheinheimera	genus
67575	genus	1046	Chromatiaceae	family
67574	species	33882	Microbacterium	genus
67572	genus	267894	Psychromonadaceae	family
675635	strain	240495	Pseudonocardia dioxanivorans	species
675631	strain	2275	Desulfurococcus mucosus	species
675610	species	2040	Aeromicrobium	genus
675090	species	1654	Actinomyces	genus
675	species	662	Vibrio	genus
674703	species	29407	Rhodoplanes	genus
674529	species	816	Bacteroides	genus
674	species	662	Vibrio	genus
673862	species	1551504	Babela	genus
673860	species	379546	Aciduliprofundum	genus
673534	genus	28056	Micromonosporaceae	family
673518	strain	1392	Bacillus anthracis	species
67339	species	1883	Streptomyces	genus
673372	species	662	Vibrio	genus
673	species	246861	Grimontia	genus
67299	species	1883	Streptomyces	genus
67294	species	1883	Streptomyces	genus
67273	species	1883	Streptomyces	genus
67267	species	1883	Streptomyces	genus
67266	species	1883	Streptomyces	genus
672161	strain	813	Chlamydia trachomatis	species
672	species	662	Vibrio	genus
671623	species	286	Pseudomonas	genus
671622	species	33882	Microbacterium	genus
671266	species	447020	Adlercreutzia	genus
671230	species	543311	Parvimonas	genus
671229	species	29465	Veillonella	genus
671228	species	29465	Veillonella	genus
671224	species	970	Selenomonas	genus
671222	species	1743	Propionibacterium	genus
671218	species	1283313	Alloprevotella	genus
671143	species	1170227	Methylomirabilis	genus
671	species	662	Vibrio	genus
670487	strain	187137	Oceanithermus profundus	species
670482	species	995014	Fontibacillus	genus
670308	strain	53358	Intrasporangium calvum	species
670307	strain	53399	Hyphomicrobium denitrificans	species
670079	species	1742990	Paeniglutamicibacter	genus
670052	species	69578	Cryobacterium	genus
670	species	662	Vibrio	genus
669502	species	1381133	Profftella	genus
669359	species	669357	Geminocystis	genus
669041	species	104267	Tenacibaculum	genus
669	species	662	Vibrio	genus
66869	species	1883	Streptomyces	genus
66866	species	1883	Streptomyces	genus
66864	species	66862	Ammoniphilus	genus
66863	species	66862	Ammoniphilus	genus
66862	genus	186822	Paenibacillaceae	family
66848	genus	224380	Desulfonatronaceae	family
66835	species	89342	Desulfocella	genus
668336	strain	714	Aggregatibacter actinomycetemcomitans	species
668331	species	244599	Raphidiopsis	genus
66831	genus	186827	Aerococcaceae	family
668	species	511678	Aliivibrio	genus
667129	strain	618	Serratia odorifera	species
667128	strain	754	Pasteurella dagmatis	species
667127	strain	573	Klebsiella pneumoniae	species
667126	species	196118	Methanocaldococcus	genus
667121	strain	636	Edwardsiella tarda	species
667120	strain	1821960	Edwardsiella anguillarum	species
667112	genus	3120708	Lutisporaceae	family
667015	strain	376805	Phocaeicola salanitronis	species
667014	strain	171695	Thermodesulfatator indicus	species
667013	strain	114186	Candidatus Carsonella ruddii	species
66692	strain	79880	Shouchella clausii	species
666714	strain	160	Treponema pallidum	species
666686	species	1386	Bacillus	genus
666685	species	75309	Rhodanobacter	genus
666684	species	1033	Afipia	genus
666681	strain	1055487	Methylotenera versatilis	species
666510	strain	242703	Acidilobus saccharovorans	species
666509	strain	1284658	Planktomarina temperata	species
666508	genus	666507	Phycisphaeraceae	family
666	species	662	Vibrio	genus
665959	species	1386	Bacillus	genus
665958	species	1386	Bacillus	genus
665957	species	1386	Bacillus	genus
665956	species	292632	Subdoligranulum	genus
665952	strain	1479	Bacillus smithii	species
665949	species	195950	Tannerella	genus
665943	species	84111	Eggerthella	genus
665942	species	872	Desulfovibrio	genus
665941	species	100883	Coprobacillus	genus
665940	species	1485	Clostridium	genus
665939	species	194	Campylobacter	genus
665874	genus	80864	Comamonadaceae	family
665792	species	44249	Paenibacillus	genus
665571	strain	154	Spirochaeta thermophila	species
665560	species	1883	Streptomyces	genus
665559	species	1883	Streptomyces	genus
665550	species	37914	Dietzia	genus
665134	strain	1522	[Clostridium] innocuum	species
665126	species	81894	Prosthecomicrobium	genus
665099	species	2675230	Cytobacillus	genus
665029	strain	552	Erwinia amylovora	species
665004	strain	144786	Thermobifida cellulosilytica	species
664911	species	367298	Phycicoccus	genus
664909	species	44249	Paenibacillus	genus
664902	species	1386	Bacillus	genus
664683	species	2745	Halomonas	genus
664662	species	64895	Borreliella	genus
664642	species	286104	Winogradskyella	genus
664640	species	33882	Microbacterium	genus
664638	species	55968	Leucobacter	genus
664424	species	497	Psychrobacter	genus
66431	species	1883	Streptomyces	genus
66424	species	1883	Streptomyces	genus
66423	species	1883	Streptomyces	genus
663954	strain	1334	Streptococcus dysgalactiae	species
663951	strain	1280	Staphylococcus aureus	species
663949	species	283	Comamonas	genus
663918	strain	2097	Mycoplasmoides genitalium	species
663917	strain	35554	Geobacter sulfurreducens	species
663386	species	1847	Pseudonocardia	genus
663278	strain	253239	Ethanoligenens harbinense	species
663275	species	861913	Fibrisoma	genus
663	species	662	Vibrio	genus
662947	strain	2097	Mycoplasmoides genitalium	species
662946	strain	2097	Mycoplasmoides genitalium	species
662945	strain	2097	Mycoplasmoides genitalium	species
662755	strain	258224	Corynebacterium resistens	species
66269	species	53335	Pantoea	genus
662598	strain	487	Neisseria meningitidis	species
662548	species	34072	Variovorax	genus
662541	strain	562	Escherichia coli	species
662480	strain	255616	Haloferax sulfurifontis	species
662479	strain	403181	Haloferax mucosum	species
662478	strain	35745	Haloferax denitrificans	species
662477	strain	28442	Haloarcula vallismortis	species
66229	species	1434011	Komagataeibacter	genus
66228	species	2692113	Gleimia	genus
66219	species	1506553	Lachnoclostridium	genus
662	genus	641	Vibrionaceae	family
66199	species	862	Syntrophomonas	genus
661979	species	43668	Brachybacterium	genus
661489	species	1839	Nocardioides	genus
661482	species	237	Flavobacterium	genus
661478	strain	1005039	Fimbriimonas ginsengisoli	species
661410	strain	408	Methylorubrum extorquens	species
661367	strain	450	Legionella longbeachae	species
661086	species	133925	Olsenella	genus
661	species	657	Photobacterium	genus
66084	species	953	Wolbachia	genus
660596	strain	66269	Pantoea stewartii	species
660470	strain	1184387	Mesotoga prima	species
65959	species	434	Acetobacter	genus
65958	species	1434011	Komagataeibacter	genus
659496	species	2071	Saccharothrix	genus
659444	species	237	Flavobacterium	genus
659251	species	106589	Cupriavidus	genus
659243	species	1386	Bacillus	genus
659	species	657	Photobacterium	genus
658665	species	189330	Dorea	genus
658661	species	375288	Parabacteroides	genus
658445	strain	1295392	Photobacterium gaetbulicola	species
658267	species	2782231	Kaistella	genus
658225	species	13687	Sphingomonas	genus
658224	species	237	Flavobacterium	genus
658172	strain	556287	Candidatus Liberibacter solanacearum	species
658080	species	48736	Ralstonia	genus
658062	species	658061	Candidatus Korobacter	genus
65786	species	47420	Hydrogenophaga	genus
657445	species	262	Francisella	genus
657418	species	67575	Rheinheimera	genus
65735	species	265	Paracoccus	genus
657324	strain	831	Butyrivibrio fibrisolvens	species
657323	species	1263	Ruminococcus	genus
657322	strain	853	Faecalibacterium prausnitzii	species
657321	strain	40518	Ruminococcus bromii	species
657319	strain	39492	[Eubacterium] siraeum	species
657318	strain	39491	Agathobacter rectalis	species
657317	strain	39491	Agathobacter rectalis	species
657316	strain	158847	Megamonas hypermegale	species
657315	strain	166486	Roseburia intestinalis	species
657314	strain	40520	Blautia obeum	species
657313	strain	33039	[Ruminococcus] torques	species
657309	strain	371601	Bacteroides xylanisolvens	species
657308	strain	471189	Gordonibacter pamelaeae	species
65700	species	551	Erwinia	genus
657	genus	641	Vibrionaceae	family
656914	strain	83661	Desulfonispora thiosulfatigenes	species
656899	genus	126	Planctomycetaceae	family
656744	strain	1307955	Gluconobacter wancherniae	species
65657	species	47420	Hydrogenophaga	genus
65656	species	47420	Hydrogenophaga	genus
65655	species	47420	Hydrogenophaga	genus
656519	species	2330	Halanaerobium	genus
656366	species	1663	Arthrobacter	genus
656179	species	93217	Pandoraea	genus
656178	species	93217	Pandoraea	genus
656	species	642	Aeromonas	genus
655817	strain	562	Escherichia coli	species
655816	strain	96241	Bacillus spizizenii	species
655815	strain	398743	Zunongwangia profunda	species
655812	strain	1377	Aerococcus viridans	species
655811	strain	33037	Anaerococcus vaginalis	species
65555	species	53318	Desulfocapsa	genus
65553	species	57665	Sulfurospirillum	genus
65551	genus	188786	Thermaceae	family
655355	species	1254401	Sunxiuqinia	genus
65515	species	83681	Nonomuraea	genus
65505	species	65504	Virgisporangium	genus
65504	genus	28056	Micromonosporaceae	family
65502	genus	622454	Cryptosporangiaceae	family
655015	species	133	Methylocystis	genus
65499	species	165301	Lentzea	genus
65496	genus	2070	Pseudonocardiaceae	family
65403	species	65402	Acidaminobacter	genus
65402	genus	3118653	Acidaminobacteraceae	family
654	species	642	Aeromonas	genus
653954	species	13687	Sphingomonas	genus
653938	strain	1639	Listeria monocytogenes	species
65393	strain	2546356	Gloeothece citriformis	species
653929	species	2762352	Albibacterium	genus
653733	strain	936456	Desulfurispirillum indicum	species
653045	strain	68280	Streptomyces violaceusniger	species
652716	species	838	Prevotella	genus
652706	species	265975	Oribacterium	genus
652620	strain	35790	Rickettsia japonica	species
652616	strain	1773	Mycobacterium tuberculosis	species
652611	strain	287	Pseudomonas aeruginosa	species
652434	species	1839	Nocardioides	genus
652103	strain	1076	Rhodopseudomonas palustris	species
652017	species	57494	Nesterenkonia	genus
652	species	642	Aeromonas	genus
651822	species	1434006	Fretibacterium	genus
651810	genus	651809	Phaselicystidaceae	family
651663	species	165697	Sphingopyxis	genus
651662	species	89966	Hymenobacter	genus
651661	species	120831	Dyadobacter	genus
651609	species	1654	Actinomyces	genus
651561	species	59732	Chryseobacterium	genus
651553	genus	85034	Glycomycetaceae	family
651457	species	651456	Kosmotoga	genus
651305	species	469	Acinetobacter	genus
65123	species	2093	Mycoplasma	genus
651183	species	182269	Aurantimonas	genus
651182	strain	28223	Desulfobacula toluolica	species
651143	species	861914	Fibrella	genus
651	species	642	Aeromonas	genus
65093	species	76023	Halothece	genus
65058	species	1716	Corynebacterium	genus
65048	species	93681	Roseateles	genus
650368	species	1678	Bifidobacterium	genus
650367	species	1678	Bifidobacterium	genus
650366	species	1678	Bifidobacterium	genus
650365	species	1678	Bifidobacterium	genus
650364	species	1678	Bifidobacterium	genus
650150	strain	1648	Erysipelothrix rhusiopathiae	species
650106	species	265	Paracoccus	genus
650	species	642	Aeromonas	genus
65	species	64	Herpetosiphon	genus
649841	species	935200	Sulfuricella	genus
649831	species	1865	Actinoplanes	genus
64977	species	965	Oceanospirillum	genus
649764	strain	84109	Slackia exigua	species
649762	strain	89014	Blautia luti	species
64976	species	965	Oceanospirillum	genus
649759	strain	847	Oxalobacter formigenes	species
649758	strain	1580	Levilactobacillus brevis	species
649757	strain	649756	Anaerostipes hadrus	species
649756	species	207244	Anaerostipes	genus
649755	strain	39483	Faecalitalea cylindroides	species
649754	strain	1697	Corynebacterium ammoniagenes	species
649753	strain	292800	Flavonifractor plautii	species
649752	strain	384639	Bacteroides galacturonicus	species
64975	species	64968	Marinospirillum	genus
649747	strain	1391	Aneurinibacillus aneurinilyticus	species
649746	species	49894	Acetomicrobium	genus
64974	species	64968	Marinospirillum	genus
649739	species	1654	Actinomyces	genus
64973	species	196080	Terasakiella	genus
649724	species	1485	Clostridium	genus
64972	species	196079	Oceanobacter	genus
64971	species	196078	Allopseudospirillum	genus
64969	species	965	Oceanospirillum	genus
64968	genus	135620	Oceanospirillaceae	family
649639	strain	1413	Evansella cellulosilytica	species
649638	strain	332249	Truepera radiovictrix	species
649507	species	1133570	Cesiribacter	genus
649349	strain	316068	Leadbetterella byssophila	species
649197	strain	47917	Serratia fonticola	species
649	species	642	Aeromonas	genus
648999	species	1873	Micromonospora	genus
648996	strain	228745	Thermovibrio ammonificans	species
64897	species	64895	Borreliella	genus
64895	genus	1643685	Borreliaceae	family
648794	species	642	Aeromonas	genus
648757	strain	1069	Rhodomicrobium vannielii	species
648	species	642	Aeromonas	genus
647960	genus	83676	Nocardiopsaceae	family
647910	species	1637	Listeria	genus
647625	species	1386	Bacillus	genus
647171	strain	213185	Methanotorris formicicus	species
64713	species	56688	Halorubrum	genus
647113	strain	155863	Methanothermococcus okinawensis	species
64702	species	1743	Propionibacterium	genus
646655	species	1883	Streptomyces	genus
64659	species	5624	Collybia	genus
646529	strain	885581	Desulfosporosinus acidiphilus	species
64642	species	51668	Tetragenococcus	genus
646095	species	44249	Paenibacillus	genus
64602	species	63742	Natrialba	genus
646	species	642	Aeromonas	genus
645991	strain	51197	Syntrophobotulus glycolicus	species
645990	strain	89967	Hymenobacter roseosalivarius	species
645657	strain	1423	Bacillus subtilis	species
645597	species	83614	Luteimonas	genus
645578	species	762296	Methylovulum	genus
645517	species	2800682	Paraurantiacibacter	genus
645464	strain	197	Campylobacter jejuni	species
645463	strain	1496	Clostridioides difficile	species
645462	strain	1496	Clostridioides difficile	species
645422	species	2093	Mycoplasma	genus
645275	species	1400055	Murinocardiopsis	genus
645127	strain	161879	Corynebacterium kroppenstedtii	species
645110	species	1187078	Cecembia	genus
645	species	642	Aeromonas	genus
644966	strain	73919	Thermaerobacter marianensis	species
644897	strain	42252	Nitratidesulfovibrio termitidis	species
644801	strain	316	Stutzerimonas stutzeri	species
64471	species	1129	Synechococcus	genus
644651	strain	79967	Erwinia pyrifoliae	species
644556	species	2060	Tsukamurella	genus
644548	strain	945692	Gordonia neofelifaecis	species
644355	genus	2975441	Sphaerotilaceae	family
644353	genus	53434	Halobacteroidaceae	family
644295	strain	2322	Methanohalobium evestigatum	species
644284	strain	28264	Arcanobacterium haemolyticum	species
644283	strain	47850	Micromonospora aurantiaca	species
644282	strain	453230	Desulfarculus baarsii	species
644281	species	196118	Methanocaldococcus	genus
644107	strain	55218	Ruegeria lacuscaerulensis	species
644042	strain	1590	Lactiplantibacillus plantarum	species
644	species	642	Aeromonas	genus
643956	strain	1220600	Phaeovibrio sulfidiphilus	species
643949	genus	84994	Acidimicrobiaceae	family
643867	strain	1006	Marivirga tractuosa	species
643748	species	203135	Halomicrobium	genus
643674	species	1100891	Paenalcaligenes	genus
643648	strain	86170	Syntrophothermus lipocalidus	species
643568	species	13687	Sphingomonas	genus
643562	strain	182210	Pseudodesulfovibrio aespoeensis	species
643561	strain	80867	Paracidovorax avenae	species
643560	strain	42256	Rubrobacter radiotolerans	species
643262	species	286104	Winogradskyella	genus
64323	species	64322	Carnimonas	genus
64322	genus	28256	Halomonadaceae	family
643214	species	2803850	Mammaliicoccus	genus
642492	strain	29360	Cellulosilyticum lentocellum	species
642250	species	204456	Gemmobacter	genus
642	genus	84642	Aeromonadaceae	family
641892	strain	336810	Candidatus Karelsulcia muelleri	species
64178	species	669368	Coleofasciculus	genus
64160	species	64159	Desulfurobacterium	genus
64159	genus	558314	Desulfurobacteriaceae	family
641575	species	168934	Thalassospira	genus
641574	species	168934	Thalassospira	genus
641571	species	226	Alteromonas	genus
641549	species	291183	Lacinutrix	genus
641526	strain	1344585	Winogradskyella psychrotolerans	species
641524	strain	1350429	Cyclobacterium qasimii	species
641491	species	2035811	Pseudodesulfovibrio	genus
641297	species	146	Spirochaeta	genus
641239	species	263377	Salipiger	genus
641237	species	289201	Pontibacillus	genus
641235	species	289201	Pontibacillus	genus
641234	species	1386	Bacillus	genus
641232	species	1386	Bacillus	genus
641231	species	1663	Arthrobacter	genus
641230	species	1663	Arthrobacter	genus
641148	species	482	Neisseria	genus
641147	strain	72	Simonsiella muelleri	species
641143	strain	45242	Capnocytophaga granulosa	species
641118	strain	94625	Brucella intermedia	species
641112	strain	1265	Ruminococcus flavefaciens	species
641107	species	1485	Clostridium	genus
64104	species	1386	Bacillus	genus
640707	strain	1452	Bacillus atrophaeus	species
640513	strain	61645	Enterobacter asburiae	species
640512	species	32008	Burkholderia	genus
640510	species	32008	Burkholderia	genus
640331	species	2767881	Fructilactobacillus	genus
640132	strain	286802	Segniliparus rotundus	species
640131	strain	244366	Klebsiella variicola	species
640081	strain	146939	Azospira oryzae	species
64002	species	64001	Nevskia	genus
64001	genus	568386	Nevskiaceae	family
64	genus	189773	Herpetosiphonaceae	family
63959	species	63958	Demetria	genus
63958	genus	145357	Dermacoccaceae	family
639313	species	697025	Hoyosella	genus
639283	strain	921	Ancylobacter novellus	species
639282	strain	197162	Deferribacter desulfuricans	species
639203	species	1827	Rhodococcus	genus
639200	species	34102	Sphaerotilus	genus
638849	species	638847	Pyramidobacter	genus
638303	strain	136094	Thermocrinis albus	species
638302	strain	135080	Selenomonas flueggei	species
638301	strain	46124	Granulicatella adiacens	species
638300	strain	2718	Cardiobacterium hominis	species
638	species	637	Arsenophonus	genus
637971	species	2767886	Levilactobacillus	genus
637915	strain	39152	Methanococcus maripaludis	species
637914	strain	39152	Methanococcus maripaludis	species
637913	strain	210	Helicobacter pylori	species
637911	strain	51047	Actinobacillus minor	species
637910	strain	67825	Citrobacter rodentium	species
637909	strain	315405	Streptococcus gallolyticus	species
637905	strain	60217	Shewanella violacea	species
637887	strain	1515	Acetivibrio thermocellus	species
63745	species	314343	Sideroxydans	genus
63743	genus	1963268	Haloarculaceae	family
63742	genus	1644061	Natrialbaceae	family
63740	species	56688	Halorubrum	genus
637390	strain	930	Acidithiobacillus thiooxidans	species
637389	strain	33059	Acidithiobacillus caldus	species
637387	strain	2115	Mycoplasmopsis fermentans	species
637386	strain	632	Yersinia pestis	species
637385	strain	632	Yersinia pestis	species
637383	strain	210	Helicobacter pylori	species
637382	strain	632	Yersinia pestis	species
637381	strain	1639	Listeria monocytogenes	species
637380	strain	1396	Bacillus cereus	species
63737	strain	272131	Nostoc punctiforme	species
637	genus	1903414	Morganellaceae	family
63657	species	933	Thiomicrospira	genus
63654	species	933	Thiomicrospira	genus
63653	species	933	Thiomicrospira	genus
63652	species	933	Thiomicrospira	genus
63612	species	84565	Sodalis	genus
636	species	635	Edwardsiella	genus
63560	species	872	Desulfovibrio	genus
635013	strain	863643	Thermincola potens	species
635	genus	1903412	Hafniaceae	family
634997	strain	2100	Mesomycoplasma hyorhinis	species
634996	strain	2100	Mesomycoplasma hyorhinis	species
634956	strain	1426	Parageobacillus thermoglucosidasius	species
634504	strain	33045	Bartonella grahamii	species
634503	strain	67780	Edwardsiella ictaluri	species
634500	strain	182337	Erwinia billingiae	species
634499	strain	79967	Erwinia pyrifoliae	species
634498	strain	83816	Methanobrevibacter ruminantium	species
634497	strain	51589	Haloarcula hispanica	species
634468	strain	562	Escherichia coli	species
634464	strain	813	Chlamydia trachomatis	species
634439	strain	1216040	Vibrio marisflavi	species
634430	species	13687	Sphingomonas	genus
634177	strain	1177712	Komagataeibacter medellinensis	species
634176	strain	732	Aggregatibacter aphrophilus	species
634126	species	44249	Paenibacillus	genus
634113	species	637	Arsenophonus	genus
634	species	629	Yersinia	genus
633807	species	2737	Vagococcus	genus
633701	species	2974257	Hoylesella	genus
633699	strain	33959	Lactobacillus johnsonii	species
633697	strain	29322	[Eubacterium] cellulosolvens	species
633667	species	1883	Streptomyces	genus
63363	species	2713	Aquifex	genus
633482	species	13687	Sphingomonas	genus
633481	species	13687	Sphingomonas	genus
633469	species	963	Herbaspirillum	genus
633468	species	963	Herbaspirillum	genus
633417	species	642	Aeromonas	genus
633152	species	75309	Rhodanobacter	genus
633151	species	75309	Rhodanobacter	genus
633149	strain	74313	Brevundimonas subvibrioides	species
633148	strain	54254	Thermosphaera aggregans	species
633147	strain	133926	Olsenella uli	species
633145	strain	61435	Dehalococcoides mccartyi	species
633131	species	633130	Thalassobium	genus
633	species	629	Yersinia	genus
632955	species	469	Acinetobacter	genus
632772	strain	37919	Rhodococcus opacus	species
632569	species	1851	Saccharomonospora	genus
632518	strain	55205	Caldicellulosiruptor owensensis	species
632516	strain	301953	Caldicellulosiruptor acetigenus	species
632348	strain	413889	Caldicellulosiruptor kronotskyensis	species
632335	strain	301953	Caldicellulosiruptor acetigenus	species
632292	strain	413888	Caldicellulosiruptor hydrothermalis	species
632245	strain	1492	Clostridium butyricum	species
632	species	629	Yersinia	genus
63186	species	112040	Zobellia	genus
631455	species	2782231	Kaistella	genus
631454	strain	1358440	Lutibaculum baratangense	species
631362	species	61593	Thiorhodovibrio	genus
63128	species	134813	Natronorubrum	genus
631220	species	872	Desulfovibrio	genus
631050	species	54902	Scrippsiella	genus
631	species	629	Yersinia	genus
630723	genus	3046411	Halarsenatibacteraceae	family
630626	strain	563	Shimwellia blattae	species
630588	strain	487	Neisseria meningitidis	species
630520	species	44249	Paenibacillus	genus
630514	species	33882	Microbacterium	genus
630408	species	57488	Thiorhodococcus	genus
630407	strain	1288393	Corynebacterium pilbarense	species
630128	species	1678	Bifidobacterium	genus
630	species	629	Yersinia	genus
63	species	59	Vitreoscilla	genus
629773	species	13687	Sphingomonas	genus
62977	strain	202950	Acinetobacter baylyi	species
629741	strain	505	Kingella oralis	species
629724	species	44249	Paenibacillus	genus
62970	species	2195	Methanogenium	genus
629	genus	1903411	Yersiniaceae	family
628	species	626	Xenorhabdus	genus
627707	species	203135	Halomicrobium	genus
627706	species	60846	Halogeometricum	genus
627705	species	146918	Salinibacter	genus
627688	species	165695	Sphingobium	genus
62763	species	662	Vibrio	genus
627619	species	48075	Marinobacterium	genus
627344	strain	542	Zymomonas mobilis	species
627343	strain	542	Zymomonas mobilis	species
627192	species	165695	Sphingobium	genus
627089	species	1763	Mycobacterium	genus
626940	species	33024	Phascolarctobacterium	genus
626939	strain	626940	Phascolarctobacterium succinatutens	species
626938	species	674963	Succinatimonas	genus
626935	species	102106	Collinsella	genus
626934	species	84108	Slackia	genus
626933	species	283168	Odoribacter	genus
626932	species	239759	Alistipes	genus
626931	species	816	Bacteroides	genus
626930	species	816	Bacteroides	genus
626929	species	816	Bacteroides	genus
626523	strain	177972	Shuttleworthia satelles	species
626522	strain	76122	Alloprevotella tannerae	species
626418	strain	337	Burkholderia glumae	species
626369	strain	137732	Granulicatella elegans	species
626119	genus	1331736	Ruaniaceae	family
626084	species	1817	Nocardia	genus
62608	genus	2267	Thermoproteaceae	family
626	genus	1903414	Morganellaceae	family
624186	species	34098	Blattabacterium	genus
624147	species	44249	Paenibacillus	genus
624	species	620	Shigella	genus
62322	species	22	Shewanella	genus
62320	species	121871	Haloterrigena	genus
62319	species	2249	Halococcus	genus
623	species	620	Shigella	genus
622759	strain	542	Zymomonas mobilis	species
622312	strain	360807	Roseburia inulinivorans	species
622	species	620	Shigella	genus
621456	strain	152682	Sphingomonas melonis	species
621401	species	1883	Streptomyces	genus
62140	species	522	Acidiphilium	genus
621395	species	1883	Streptomyces	genus
621108	species	1370	Marinococcus	genus
621106	species	2742	Marinobacter	genus
621104	species	2742	Marinobacter	genus
621103	species	2742	Marinobacter	genus
621100	species	2742	Marinobacter	genus
621099	species	135575	Idiomarina	genus
621095	species	45667	Halobacillus	genus
621	species	620	Shigella	genus
620914	strain	1087449	Aquimarina agarilytica	species
620903	species	909928	Negativicoccus	genus
620	genus	543	Enterobacteriaceae	family
619771	species	497	Psychrobacter	genus
619688	species	83618	Pseudoxanthomonas	genus
619593	strain	312539	Acidianus sulfidivorans	species
619299	species	1883	Streptomyces	genus
61858	species	134813	Natronorubrum	genus
618	species	613	Serratia	genus
617121	strain	1334	Streptococcus dysgalactiae	species
616997	species	697025	Hoyosella	genus
616991	species	178469	Arenibacter	genus
616990	species	2767886	Levilactobacillus	genus
61656	species	99	Ancylobacter	genus
61653	genus	31993	Methylocystaceae	family
61652	species	613	Serratia	genus
61651	species	613	Serratia	genus
61648	species	579	Kluyvera	genus
61647	species	1330546	Pluralibacter	genus
61646	species	1330545	Lelliottia	genus
61645	species	547	Enterobacter	genus
61635	species	2903107	Paracholeplasma	genus
61624	species	44249	Paenibacillus	genus
61623	species	44249	Paenibacillus	genus
61598	species	53452	Lamprocystis	genus
61597	species	13724	Thiocystis	genus
61595	species	85072	Allochromatium	genus
61593	genus	1046	Chromatiaceae	family
61592	species	1716	Corynebacterium	genus
615	species	613	Serratia	genus
61435	species	61434	Dehalococcoides	genus
614212	species	1822464	Paraburkholderia	genus
614083	strain	1484693	Rhodoferax saidenbachensis	species
614069	species	22	Shewanella	genus
614	species	613	Serratia	genus
613121	genus	85025	Nocardiaceae	family
613074	species	32008	Burkholderia	genus
61305	species	2013	Nocardiopsis	genus
613	genus	1903411	Yersiniaceae	family
61171	species	61170	Holdemania	genus
61170	genus	128827	Erysipelotrichaceae	family
61150	species	53246	Pseudoalteromonas	genus
611300	species	13134	Magnetospirillum	genus
61016	species	84406	Virgibacillus	genus
61015	species	1279	Staphylococcus	genus
610130	strain	84030	Lacrimispora saccharolytica	species
61013	species	379	Rhizobium	genus
61	species	59	Vitreoscilla	genus
60961	species	22	Shewanella	genus
60922	species	60919	Sanguibacter	genus
60921	species	60919	Sanguibacter	genus
60920	species	60919	Sanguibacter	genus
60894	species	1835	Saccharopolyspora	genus
60893	species	60892	Desulfobacca	genus
60892	genus	3031656	Desulfobaccaceae	family
60890	species	302485	Phaeobacter	genus
608538	strain	940	Hydrogenobacter thermophilus	species
608534	strain	652706	Oribacterium sp. oral taxon 078	species
608506	strain	717609	Caldicellulosiruptor obsidiansis	species
60847	species	60846	Halogeometricum	genus
60846	genus	1644056	Haloferacaceae	family
607712	species	482	Neisseria	genus
607711	species	482	Neisseria	genus
60706	species	1988	Actinomadura	genus
60552	species	32008	Burkholderia	genus
60550	species	32008	Burkholderia	genus
60549	species	1822464	Paraburkholderia	genus
60548	species	1822464	Paraburkholderia	genus
60547	species	1827195	Caballeronia	genus
60520	species	2767842	Lactiplantibacillus	genus
60489	species	1839	Nocardioides	genus
60481	species	22	Shewanella	genus
60480	species	22	Shewanella	genus
60478	species	22	Shewanella	genus
60450	species	182639	Kribbella	genus
60443	species	53355	Terrabacter	genus
60442	species	475	Moraxella	genus
604354	strain	172049	Thermococcus sibiricus	species
604331	strain	604332	Meiothermus rufus	species
604162	strain	487	Neisseria meningitidis	species
604089	species	237	Flavobacterium	genus
6035	species	6033	Encephalitozoon	genus
603050	species	2321114	Malaciobacter	genus
60246	species	209	Helicobacter	genus
60217	species	22	Shewanella	genus
60136	genus	2854170	Roseobacteraceae	family
60133	species	838	Prevotella	genus
600809	strain	367488	Blattabacterium sp. (Periplaneta americana)	species
60035	species	2883512	Citrifermentans	genus
60034	species	22	Shewanella	genus
600332	genus	1914233	Gemmataceae	family
6	genus	335928	Xanthobacteraceae	family
59931	species	1129	Synechococcus	genus
59930	species	167375	Cyanobium	genus
59922	strain	1219	Prochlorococcus marinus	species
59920	strain	1219	Prochlorococcus marinus	species
59919	strain	1219	Prochlorococcus marinus	species
59893	species	44249	Paenibacillus	genus
598660	species	1716	Corynebacterium	genus
598659	strain	244787	Nautilia profundicola	species
598626	species	447237	Frondihabitans	genus
598612	species	1839	Nocardioides	genus
598467	species	71655	Brenneria	genus
59846	species	44249	Paenibacillus	genus
59845	species	44249	Paenibacillus	genus
59843	species	44249	Paenibacillus	genus
59842	species	44249	Paenibacillus	genus
59841	species	44249	Paenibacillus	genus
59840	species	44249	Paenibacillus	genus
59839	species	44249	Paenibacillus	genus
59814	species	53335	Pantoea	genus
59813	species	1866885	Mycolicibacterium	genus
59803	species	13687	Sphingomonas	genus
59754	species	59753	Alcanivorax	genus
59753	genus	224372	Alcanivoracaceae	family
59750	species	1866885	Mycolicibacterium	genus
59748	species	33926	Phytoplasma	genus
59740	genus	1853234	Persicobacteraceae	family
59739	genus	200667	Flammeovirgaceae	family
59738	genus	558415	Marinilabiliaceae	family
59737	species	33886	Rathayibacter	genus
59735	genus	2762318	Weeksellaceae	family
59734	genus	2762318	Weeksellaceae	family
59733	species	59732	Chryseobacterium	genus
59732	genus	2762318	Weeksellaceae	family
596777	strain	813	Chlamydia trachomatis	species
596499	genus	596498	Nitriliruptoraceae	family
596495	genus	2070	Pseudonocardiaceae	family
596372	species	88138	Modestobacter	genus
596371	species	1298	Deinococcus	genus
596315	strain	341694	Peptostreptococcus stomatis	species
59620	species	1485	Clostridium	genus
596154	strain	179636	Alicycliphilus denitrificans	species
596153	strain	179636	Alicycliphilus denitrificans	species
596152	species	872	Desulfovibrio	genus
59613	genus	85026	Gordoniaceae	family
59610	species	2916693	Desulforamulus	genus
59602	species	49279	Gelidibacter	genus
59600	species	104264	Cellulophaga	genus
595670	species	469	Acinetobacter	genus
595615	species	13	Dictyoglomus	genus
595537	strain	34073	Variovorax paradoxus	species
595536	strain	426	Methylosinus trichosporium	species
595499	strain	336810	Candidatus Karelsulcia muelleri	species
595495	strain	562	Escherichia coli	species
595494	strain	43948	Tolumonas auensis	species
595464	species	265488	Rhodopirellula	genus
595460	species	265488	Rhodopirellula	genus
595457	species	265488	Rhodopirellula	genus
595455	species	265488	Rhodopirellula	genus
595448	species	265488	Rhodopirellula	genus
595444	species	265488	Rhodopirellula	genus
595436	species	265488	Rhodopirellula	genus
595435	species	265488	Rhodopirellula	genus
595433	species	265488	Rhodopirellula	genus
595415	species	265488	Rhodopirellula	genus
595414	species	265488	Rhodopirellula	genus
595405	species	265488	Rhodopirellula	genus
59505	species	1653174	Actinotignum	genus
594679	species	1869285	Allofrancisella	genus
593909	species	68287	Mesorhizobium	genus
593907	strain	11	Cellulomonas gilvus	species
593750	strain	882104	Methanoregula formicica	species
59374	strain	833	Fibrobacter succinogenes	species
59370	species	1883	Streptomyces	genus
593588	strain	666	Vibrio cholerae	species
593133	species	358023	Lutibacter	genus
593117	strain	187878	Thermococcus gammatolerans	species
59310	species	1301	Streptococcus	genus
59299	species	1883	Streptomyces	genus
59298	species	1883	Streptomyces	genus
592978	species	2316020	Mediterraneibacter	genus
59282	genus	2831090	Blastochloridaceae	family
592731	species	1386	Bacillus	genus
592678	strain	1069073	Haloechinothrix halophila	species
592378	species	32207	Rothia	genus
592377	species	57493	Kocuria	genus
592361	species	286	Pseudomonas	genus
592316	species	53335	Pantoea	genus
592205	strain	210	Helicobacter pylori	species
592031	strain	51123	[Eubacterium] saphenum	species
592030	strain	1054	Ectothiorhodospira shaposhnikovii	species
592029	strain	328515	Nonlabens dokdonensis	species
592028	strain	218538	Dialister invisus	species
592026	strain	43997	Catonella morbi	species
592022	strain	1404	Priestia megaterium	species
592021	strain	1392	Bacillus anthracis	species
592010	strain	46125	Abiotrophia defectiva	species
591962	species	642	Aeromonas	genus
59196	species	59195	Rickettsiella	genus
59195	genus	118968	Coxiellaceae	family
591946	strain	562	Escherichia coli	species
591365	strain	1338	Streptococcus intermedius	species
591197	species	795750	Ignavibacterium	genus
591167	strain	1169025	Streptomyces pratensis	species
591159	strain	1938	Streptomyces viridochromogenes	species
591154	species	511745	Methylacidiphilum (ex Ratnadevi et al. 2023)	genus
591020	strain	623	Shigella flexneri	species
591019	strain	84599	Staphylothermus hellenicus	species
591001	strain	905	Acidaminococcus fermentans	species
590998	strain	1708	Cellulomonas fimi	species
590849	species	1187887	Nitritalea	genus
590741	species	261825	Agarivorans	genus
590593	species	32014	Iodobacter	genus
590409	strain	2893572	Dickeya parazeae	species
590168	strain	93929	Thermotoga petrophila	species
590	genus	543	Enterobacteriaceae	family
59	genus	481	Neisseriaceae	family
589924	strain	54261	Ferroglobus placidus	species
589873	species	226	Alteromonas	genus
589872	species	286104	Winogradskyella	genus
589865	strain	427923	Desulfurivibrio alkaliphilus	species
589394	species	1817	Nocardia	genus
589390	species	149698	Massilia	genus
589379	species	1988	Actinomadura	genus
589291	species	1663	Arthrobacter	genus
588932	species	41275	Brevundimonas	genus
588898	species	134813	Natronorubrum	genus
588857	species	1754	Thermoanaerobacter	genus
588672	species	361607	Patulibacter	genus
588605	genus	186803	Lachnospiraceae	family
588604	species	437504	Granulosicoccus	genus
588602	species	875170	Celeribacter	genus
588581	strain	29362	Ruminiclostridium papyrosolvens	species
58842	genus	2854170	Roseobacteraceae	family
588319	strain	83868	Palaeococcus ferrophilus	species
588	species	586	Providencia	genus
587753	species	286	Pseudomonas	genus
587552	species	1873	Micromonospora	genus
587413	species	1158	Oscillatoria	genus
587412	species	1158	Oscillatoria	genus
587	species	586	Providencia	genus
586733	species	1279	Staphylococcus	genus
586416	species	459532	Terribacillus	genus
586220	strain	1245	Leuconostoc mesenteroides	species
586	genus	1903414	Morganellaceae	family
585543	species	816	Bacteroides	genus
585538	strain	210	Helicobacter pylori	species
585535	strain	210	Helicobacter pylori	species
585531	strain	219314	Aeromicrobium marinum	species
585530	strain	53363	Brevibacterium mcbrellneri	species
585529	strain	38288	Corynebacterium genitalium	species
585528	strain	2702	Gardnerella vaginalis	species
585524	strain	83683	Lactobacillus amylolyticus	species
585520	strain	1587	Lactobacillus helveticus	species
585506	strain	1249	Weissella paramesenteroides	species
585503	strain	135083	Selenomonas noxia	species
585502	strain	242750	Hallella bergensis	species
585501	strain	237576	Oribacterium sinus	species
5855	species	5820	Plasmodium	genus
585425	species	1129	Synechococcus	genus
585423	species	1129	Synechococcus	genus
585398	strain	57497	Deinococcus radiopugnans	species
585397	strain	562	Escherichia coli	species
585396	strain	562	Escherichia coli	species
585394	strain	301301	Roseburia hominis	species
585199	strain	2052	Mobiluncus mulieris	species
585198	strain	2051	Mobiluncus curtisii	species
585143	strain	1280	Staphylococcus aureus	species
585057	strain	562	Escherichia coli	species
585056	strain	562	Escherichia coli	species
585055	strain	562	Escherichia coli	species
585054	strain	564	Escherichia fergusonii	species
585035	strain	562	Escherichia coli	species
585034	strain	562	Escherichia coli	species
585	species	583	Proteus	genus
584721	strain	747	Pasteurella multocida	species
584708	strain	81412	Aminomonas paucivorans	species
584657	strain	1386088	Intrasporangium chromatireducens	species
584609	species	104267	Tenacibaculum	genus
584	species	583	Proteus	genus
58343	species	1883	Streptomyces	genus
583360	genus	2070	Pseudonocardiaceae	family
583358	strain	583357	Thermoanaerobacter mathranii	species
583357	species	1754	Thermoanaerobacter	genus
583356	strain	334771	Ignisphaera aggregans	species
583355	strain	395922	Coraliomargarita akajimensis	species
583346	strain	1534	Clostridium kluyveri	species
583345	strain	359408	Methylotenera mobilis	species
583	genus	1903414	Morganellaceae	family
58290	species	2233	Archaeoglobus	genus
582899	strain	53399	Hyphomicrobium denitrificans	species
582852	species	169133	Citricoccus	genus
582851	species	182709	Oceanobacillus	genus
582850	species	1569	Sporosarcina	genus
582744	strain	266009	Methylovorus glucosotrophus	species
582515	strain	582514	Rubidibacter lacunae	species
582475	species	400634	Lysinibacillus	genus
582419	species	2263	Thermococcus	genus
582402	strain	2724	Hirschia baltica	species
58231	species	157	Treponema	genus
582	species	581	Morganella	genus
58180	species	2909705	Oleidesulfovibrio	genus
58138	species	2282742	Desulfofarcimen	genus
58135	species	2282741	Desulfofundulus	genus
58122	genus	2012	Thermomonosporaceae	family
58120	genus	2004	Streptosporangiaceae	family
58116	species	58113	Glycomyces	genus
58113	genus	85034	Glycomycetaceae	family
581103	species	129337	Geobacillus	genus
58110	species	1988	Actinomadura	genus
58108	genus	2012	Thermomonosporaceae	family
581	genus	1903414	Morganellaceae	family
58050	genus	267891	Moritellaceae	family
58049	species	28228	Colwellia	genus
580340	strain	336261	Thermovirga lienii	species
580332	strain	63745	Sideroxydans lithotrophicus	species
580331	strain	108150	Thermoanaerobacter italicus	species
580327	strain	1517	Thermoanaerobacterium thermosaccharolyticum	species
580165	species	1386	Bacillus	genus
580050	strain	28025	Bifidobacterium animalis	species
580049	strain	813	Chlamydia trachomatis	species
580047	strain	813	Chlamydia trachomatis	species
580033	strain	1031542	Campylobacter volucris	species
580	species	579	Kluyvera	genus
579922	species	647744	Indibacter	genus
57975	species	32008	Burkholderia	genus
57962	genus	543	Enterobacteriaceae	family
579405	strain	69223	Musicola paradisiaca	species
579138	strain	542	Zymomonas mobilis	species
579137	strain	73913	Methanocaldococcus vulcanius	species
579112	strain	666	Vibrio cholerae	species
579109	species	1847	Pseudonocardia	genus
579107	species	57495	Dermacoccus	genus
57909	species	182639	Kribbella	genus
579	genus	543	Enterobacteriaceae	family
578942	species	323413	Dokdonella	genus
578699	species	295418	Rubellimicrobium	genus
578290	species	379	Rhizobium	genus
577650	strain	894	Desulfobulbus propionicus	species
577535	species	1386	Bacillus	genus
577469	genus	1042322	Demequinaceae	family
57739	genus	1499392	Chromobacteriaceae	family
57732	species	1350	Enterococcus	genus
57706	species	544	Citrobacter	genus
57705	species	203135	Halomicrobium	genus
57704	species	2060	Tsukamurella	genus
577	species	160674	Raoultella	genus
57676	species	379	Rhizobium	genus
57665	genus	2932623	Sulfurospirillaceae	family
576611	species	44013	Polynucleobacter	genus
576610	species	44013	Polynucleobacter	genus
576456	species	1883	Streptomyces	genus
575789	species	2800384	Pseudidiomarina	genus
575788	strain	693153	Vibrio atlanticus	species
575614	strain	652716	Prevotella sp. oral taxon 299	species
575594	strain	181675	Limosilactobacillus coleohominis	species
575593	strain	712991	Lachnospiraceae bacterium oral taxon 500	species
575584	strain	470	Acinetobacter baumannii	species
575540	strain	128	Isosphaera pallida	species
575200	species	1716	Corynebacterium	genus
575	species	160674	Raoultella	genus
57499	genus	2805426	Kytococcaceae	family
574987	species	441	Gluconobacter	genus
574966	strain	1121960	Halomonas zhanjiangensis	species
574964	species	34037	Rahnella	genus
574956	species	165696	Novosphingobium	genus
57495	genus	145357	Dermacoccaceae	family
57494	genus	1268	Micrococcaceae	family
57493	genus	1268	Micrococcaceae	family
57488	genus	1046	Chromatiaceae	family
57480	species	57479	Microvirgula	genus
57479	genus	2897176	Aquaspirillaceae	family
574560	species	29487	Photorhabdus	genus
574556	strain	769	Anaplasma centrale	species
574521	strain	562	Escherichia coli	species
574376	species	1386	Bacillus	genus
574375	species	1386	Bacillus	genus
574347	genus	28256	Halomonadaceae	family
574210	species	1663	Arthrobacter	genus
574093	strain	1313	Streptococcus pneumoniae	species
574087	strain	28187	Acetohalobium arabaticum	species
573983	strain	1288392	Moraxella porci	species
573825	strain	173	Leptospira interrogans	species
573737	species	93217	Pandoraea	genus
57372	species	2093	Mycoplasma	genus
573658	species	573657	Hodgkinia	genus
573600	species	622681	Planktophila	genus
573570	species	262	Francisella	genus
573569	species	262	Francisella	genus
573497	species	2994362	Parafrankia	genus
573413	strain	55206	Sediminispirochaeta smaragdinae	species
573370	strain	184917	Solidesulfovibrio magneticus	species
573236	strain	28025	Bifidobacterium animalis	species
573235	strain	562	Escherichia coli	species
573234	strain	573658	Candidatus Hodgkinia cicadicola	species
573065	strain	78587	Asticcacaulis excentricus	species
573064	strain	83171	Methanocaldococcus fervens	species
573063	strain	67760	Methanocaldococcus infernus	species
573062	species	1754	Thermoanaerobacter	genus
573061	strain	1493	Clostridium cellulovorans	species
573059	strain	881	Nitratidesulfovibrio vulgaris	species
573058	strain	1258	Peptoniphilus asaccharolyticus	species
573	species	570	Klebsiella	genus
572547	strain	81468	Aminobacterium colombiense	species
572546	strain	84156	Archaeoglobus profundus	species
572545	strain	1515	Acetivibrio thermocellus	species
572544	strain	167642	Ilyobacter polytropus	species
572511	genus	186803	Lachnospiraceae	family
572480	strain	28199	Arcobacter nitrofigilis	species
572479	strain	2331	Halanaerobium praevalens	species
572478	strain	164451	Vulcanisaeta distributa	species
572477	strain	1049	Allochromatium vinosum	species
572419	strain	273136	Mycoplasma amphoriforme	species
572418	strain	1773	Mycobacterium tuberculosis	species
572264	strain	1396	Bacillus cereus	species
572263	strain	45361	Mesomycoplasma conjunctivae	species
572033	species	84567	Pedobacter	genus
571915	species	1716	Corynebacterium	genus
571913	species	745364	Luteipulveratus	genus
571897	species	29404	Microlunatus	genus
571896	species	29404	Microlunatus	genus
571800	species	497	Psychrobacter	genus
57171	species	1716	Corynebacterium	genus
571166	strain	999627	Sedimentitalea nanhaiensis	species
571115	species	1197472	Meridianimaribacter	genus
571	species	570	Klebsiella	genus
570967	strain	1121830	Fodinicurvata fenggangensis	species
570952	strain	1121832	Fodinicurvata sediminis	species
570508	strain	210	Helicobacter pylori	species
57043	species	33882	Microbacterium	genus
570417	strain	263437	Wolbachia endosymbiont of Culex quinquefasciatus	species
570416	strain	1428	Bacillus thuringiensis	species
57039	genus	3031659	Geopsychrobacteraceae	family
57037	species	2759736	Lacticaseibacillus	genus
57029	species	83612	Psychroflexus	genus
57028	species	246875	Algoriphagus	genus
570277	strain	1027273	Endozoicomonas montiporae	species
570268	strain	1246458	Nocardiopsis potens	species
570267	species	570266	Methanocella	genus
570266	genus	570265	Methanocellaceae	family
57003	species	56999	Amaricoccus	genus
57002	species	56999	Amaricoccus	genus
570012	species	1335483	Shimwellia	genus
57001	species	56999	Amaricoccus	genus
57000	species	56999	Amaricoccus	genus
570	genus	543	Enterobacteriaceae	family
56999	genus	31989	Paracoccaceae	family
569857	species	1279	Staphylococcus	genus
56957	species	270	Thermus	genus
56956	species	270	Thermus	genus
5695	species	5690	Trypanosoma	genus
56946	species	1033	Afipia	genus
569	species	568	Hafnia	genus
568863	species	83681	Nonomuraea	genus
568819	strain	1639	Listeria monocytogenes	species
568817	strain	138074	Serratia symbiotica	species
568816	strain	187327	Acidaminococcus intestini	species
568815	strain	444163	Brucella microti	species
568814	strain	1307	Streptococcus suis	species
568813	strain	1307	Streptococcus suis	species
56878	species	209	Helicobacter	genus
56877	species	209	Helicobacter	genus
568709	strain	28901	Salmonella enterica	species
568708	strain	28901	Salmonella enterica	species
568707	strain	518	Bordetella bronchiseptica	species
568706	strain	520	Bordetella pertussis	species
568704	strain	47715	Lacticaseibacillus rhamnosus	species
568703	strain	47715	Lacticaseibacillus rhamnosus	species
568392	species	390876	Nisaea	genus
568206	strain	1392	Bacillus anthracis	species
56813	species	22	Shewanella	genus
56812	species	22	Shewanella	genus
568107	species	162491	Oerskovia	genus
56810	species	497	Psychrobacter	genus
56807	species	89404	Glaciecola	genus
56804	species	89404	Glaciecola	genus
568	genus	1903412	Hafniaceae	family
56780	strain	316277	Syntrophus aciditrophicus	species
56731	species	379	Rhizobium	genus
567106	strain	197	Campylobacter jejuni	species
56689	species	1866885	Mycolicibacterium	genus
56688	genus	1963271	Halorubraceae	family
566552	strain	1686	Bifidobacterium catenulatum	species
566551	strain	158484	Cedecea davisae	species
566550	strain	154046	Hungatella hathewayi	species
566549	strain	43768	Corynebacterium matruchotii	species
566547	strain	28901	Salmonella enterica	species
566546	strain	562	Escherichia coli	species
566461	strain	67581	Streptomyces viridosporus	species
56636	species	56635	Aeropyrum	genus
56635	genus	2272	Desulfurococcaceae	family
565655	strain	37734	Enterococcus casseliflavus	species
565653	strain	1353	Enterococcus gallinarum	species
565575	strain	2130	Ureaplasma urealyticum	species
565444	species	205889	Albidovulum	genus
565376	genus	191412	Chlorobiaceae	family
565050	strain	155892	Caulobacter vibrioides	species
565042	strain	216816	Bifidobacterium longum	species
565040	strain	216816	Bifidobacterium longum	species
565034	strain	159	Brachyspira hyodysenteriae	species
565033	species	190818	Geoglobus	genus
565	species	1903434	Atlantibacter	genus
564835	species	84567	Pedobacter	genus
564766	strain	1122204	Marinococcus luteus	species
56458	species	338	Xanthomonas	genus
56454	species	338	Xanthomonas	genus
56450	species	338	Xanthomonas	genus
56448	species	338	Xanthomonas	genus
564423	strain	29442	Pseudomonas tolaasii	species
56433	genus	28056	Micromonosporaceae	family
564287	strain	72361	Bacillus vallismortis	species
56426	species	773	Bartonella	genus
56425	species	1763	Mycobacterium	genus
564	species	561	Escherichia	genus
56361	species	13687	Sphingomonas	genus
56359	species	56358	Sandaracinobacter	genus
56358	genus	2820280	Sphingosinicellaceae	family
563194	strain	1254	Pediococcus acidilactici	species
563178	strain	9	Buchnera aphidicola	species
563177	species	12914	Acidianus	genus
563174	strain	1639	Listeria monocytogenes	species
563172	species	1004303	Ferruginibacter	genus
563163	species	165695	Sphingobium	genus
563041	strain	210	Helicobacter pylori	species
563040	strain	202747	Sulfurimonas autotrophica	species
563038	species	1301	Streptococcus	genus
563037	species	1301	Streptococcus	genus
563	species	1335483	Shimwellia	genus
562983	strain	84135	Gemella sanguinis	species
562971	strain	85698	Achromobacter xylosoxidans	species
562970	strain	33943	Kyrpidia tusciae	species
562743	strain	1216008	Amphibacillus jilinensis	species
562729	strain	1163621	Rheinheimera nanhaiensis	species
562019	strain	47589	Rickettsia peacockii	species
562	species	561	Escherichia	genus
56193	species	165695	Sphingobium	genus
56192	species	657	Photobacterium	genus
561879	species	1386	Bacillus	genus
56187	species	5345	Coprinus	genus
561555	genus	49546	Flavobacteriaceae	family
561501	strain	9	Buchnera aphidicola	species
561365	species	252356	Maribacter	genus
561304	strain	1769	Mycobacterium leprae	species
561276	strain	1313	Streptococcus pneumoniae	species
561275	strain	1773	Mycobacterium tuberculosis	species
561231	strain	1905730	Pectobacterium parmentieri	species
561230	strain	554	Pectobacterium carotovorum	species
561229	strain	556	Dickeya chrysanthemi	species
56119	species	359336	Castellaniella	genus
561180	strain	78342	Bifidobacterium gallicum	species
561177	strain	33029	Anaerococcus hydrogenalis	species
561175	strain	1120938	Actinomadura flavalba	species
561169	species	561168	Rebecca	genus
56112	genus	2937909	Desulfitobacteriaceae	family
56110	strain	118323	Oscillatoria acuminata	species
56109	species	1158	Oscillatoria	genus
56107	strain	142864	Cylindrospermum stagnale	species
561007	strain	36809	Mycobacteroides abscessus	species
561	genus	543	Enterobacteriaceae	family
560819	strain	1321365	Tistlia consotensis	species
560555	species	1763	Mycobacterium	genus
56055	species	56054	Bogoriella	genus
56054	genus	145358	Bogoriellaceae	family
560080	species	22	Shewanella	genus
56	species	39643	Sorangium	genus
55969	species	55968	Leucobacter	genus
55968	genus	85023	Microbacteriaceae	family
559630	species	1988	Actinomadura	genus
559625	species	2053	Gordonia	genus
559293	genus	1853230	Crocinitomicaceae	family
558964	species	642	Aeromonas	genus
558421	genus	815	Bacteroidaceae	family
558418	genus	815	Bacteroidaceae	family
558173	strain	1121358	Corynebacterium doosanense	species
558170	species	45669	Salinicoccus	genus
558169	species	175304	Lentibacillus	genus
558152	species	59732	Chryseobacterium	genus
558021	species	59732	Chryseobacterium	genus
55802	species	2263	Thermococcus	genus
557760	strain	1063	Cereibacter sphaeroides	species
557723	strain	738	Glaesserella parasuis	species
557722	strain	287	Pseudomonas aeruginosa	species
557600	strain	470	Acinetobacter baumannii	species
557599	strain	1768	Mycobacterium kansasii	species
557598	strain	168471	Laribacter hongkongensis	species
557433	strain	1598	Limosilactobacillus reuteri	species
556548	species	1716	Corynebacterium	genus
556534	species	286	Pseudomonas	genus
556533	species	286	Pseudomonas	genus
556529	species	237	Flavobacterium	genus
556499	species	1743	Propionibacterium	genus
556327	species	497	Psychrobacter	genus
556325	species	1868332	Neomicrococcus	genus
556287	species	34019	Liberibacter	genus
556270	species	100883	Coprobacillus	genus
556261	species	1485	Clostridium	genus
556258	species	816	Bacteroides	genus
556257	genus	335928	Xanthobacteraceae	family
556177	species	44249	Paenibacillus	genus
556055	species	44013	Polynucleobacter	genus
556054	species	44013	Polynucleobacter	genus
556053	species	44013	Polynucleobacter	genus
55602	species	2895509	Metamycoplasma	genus
55601	species	662	Vibrio	genus
556	species	204037	Dickeya	genus
555970	strain	28025	Bifidobacterium animalis	species
55583	species	56112	Dehalobacter	genus
555793	species	165696	Novosphingobium	genus
555791	species	1279	Staphylococcus	genus
555779	strain	488939	Desulfonatronospira thiodismutans	species
555778	strain	927	Halothiobacillus neapolitanus	species
55565	species	1654	Actinomyces	genus
555500	species	379068	Galbibacter	genus
555311	strain	2287	Saccharolobus solfataricus	species
555217	strain	542	Zymomonas mobilis	species
55518	species	13134	Magnetospirillum	genus
555088	strain	427926	Dethiobacter alkaliphilus	species
55508	species	29580	Janthinobacterium	genus
555079	strain	291990	Thermosediminibacter oceani	species
55506	genus	1843491	Selenomonadaceae	family
55504	species	2375	Sporomusa	genus
554434	species	106589	Cupriavidus	genus
554343	species	497	Psychrobacter	genus
554308	species	1329200	Fictibacillus	genus
554290	strain	28901	Salmonella enterica	species
554283	species	237	Flavobacterium	genus
554117	species	44249	Paenibacillus	genus
554083	species	1418588	Tersicoccus	genus
554076	species	254250	Isoptericola	genus
554075	species	2745	Halomonas	genus
55404	species	1883	Streptomyces	genus
554	species	122277	Pectobacterium	genus
553973	strain	89153	[Clostridium] hylemonae	species
55396	strain	44473	Gloeothece membranacea	species
553814	species	12916	Acidovorax	genus
553611	species	657	Photobacterium	genus
553484	strain	68334	Erwinia aphidicola	species
553482	strain	1336	Streptococcus equi	species
553481	strain	1764	Mycobacterium avium	species
553480	strain	291112	Photorhabdus asymbiotica	species
553386	species	2745	Halomonas	genus
553384	species	111142	Alishewanella	genus
553239	species	662	Vibrio	genus
553207	strain	43768	Corynebacterium matruchotii	species
553201	strain	43675	Rothia mucilaginosa	species
553199	strain	1747	Cutibacterium acnes	species
553190	strain	2702	Gardnerella vaginalis	species
553184	strain	1383	Lancefieldella rimae	species
553178	strain	1017	Capnocytophaga gingivalis	species
553177	strain	1019	Capnocytophaga sputigena	species
553175	strain	28124	Porphyromonas endodontalis	species
553174	strain	28132	Prevotella melaninogenica	species
553151	species	2901189	Halopseudomonas	genus
553088	species	585890	Chitiniphilus	genus
553	species	53335	Pantoea	genus
552854	species	44258	Caloramator	genus
552811	strain	552810	Dehalogenimonas lykanthroporepellens	species
552810	species	670486	Dehalogenimonas	genus
552788	species	1883	Streptomyces	genus
552536	strain	1639	Listeria monocytogenes	species
552535	strain	35818	Helicobacter pullorum	species
552531	strain	28025	Bifidobacterium animalis	species
552526	strain	1336	Streptococcus equi	species
55218	species	97050	Ruegeria	genus
55214	species	71655	Brenneria	genus
55213	species	71655	Brenneria	genus
55212	species	551	Erwinia	genus
55211	species	551	Erwinia	genus
55210	species	71655	Brenneria	genus
55209	species	53335	Pantoea	genus
55208	species	122277	Pectobacterium	genus
55207	species	122277	Pectobacterium	genus
552063	species	690086	Salinarimonas	genus
552061	species	659427	Sediminimonas	genus
55206	species	1911556	Sediminispirochaeta	genus
55205	species	44000	Caldicellulosiruptor	genus
552	species	551	Erwinia	genus
551990	species	237	Flavobacterium	genus
551989	species	1330547	Kosakonia	genus
55197	species	237	Flavobacterium	genus
551947	species	374	Bradyrhizobium	genus
551789	strain	1123045	Ponticaulis koreensis	species
551760	species	551759	Aromatoleum	genus
55148	species	1298	Deinococcus	genus
551459	species	59732	Chryseobacterium	genus
551276	species	1847	Pseudonocardia	genus
551275	strain	1121961	Hirschia maritima	species
551115	strain	1164	Trichormus azollae	species
551	genus	1903409	Erwiniaceae	family
55085	species	1301	Streptococcus	genus
55080	genus	186822	Paenibacillaceae	family
55079	genus	186822	Paenibacillaceae	family
550542	species	129337	Geobacillus	genus
550540	strain	44012	Ferrimonas balearica	species
550538	strain	28901	Salmonella enterica	species
550537	strain	28901	Salmonella enterica	species
550	species	547	Enterobacter	genus
55	genus	49	Polyangiaceae	family
549718	species	2093	Mycoplasma	genus
549687	species	2675230	Cytobacillus	genus
549685	species	697279	Bavariicoccus	genus
549298	species	262	Francisella	genus
549169	species	568394	Pseudogulbenkiania	genus
54915	species	55080	Brevibacillus	genus
54914	species	55080	Brevibacillus	genus
54913	species	55080	Brevibacillus	genus
54911	species	55080	Brevibacillus	genus
54910	species	55080	Brevibacillus	genus
549	species	53335	Pantoea	genus
548580	species	1883	Streptomyces	genus
548479	strain	2051	Mobiluncus curtisii	species
548478	strain	39791	Corynebacterium glucuronolyticum	species
548476	strain	169292	Corynebacterium aurimucosum	species
548473	strain	1280	Staphylococcus aureus	species
548	species	570	Klebsiella	genus
547987	species	2093	Mycoplasma	genus
547986	strain	1312741	Mycoplasma aquilae	species
547559	strain	13769	Natrialba magadii	species
547558	strain	2176	Methanohalophilus mahii	species
547468	strain	1352	Enterococcus faecium	species
54736	species	590	Salmonella	genus
547188	species	666508	Phycisphaera	genus
547163	species	1866885	Mycolicibacterium	genus
547146	species	168657	Hydrogenobaculum	genus
547144	species	168657	Hydrogenobaculum	genus
547048	strain	632	Yersinia pestis	species
547045	strain	490	Neisseria sicca	species
547043	strain	28026	Bifidobacterium pseudocatenulatum	species
547042	strain	387090	Phocaeicola coprophilus	species
547	genus	543	Enterobacteriaceae	family
546892	species	68	Lysobacter	genus
546414	strain	310783	Deinococcus deserti	species
546367	species	568	Hafnia	genus
546364	species	1813	Amycolatopsis	genus
546342	strain	1280	Staphylococcus aureus	species
546275	strain	860	Fusobacterium periodonticum	species
546274	strain	539	Eikenella corrodens	species
546273	strain	39778	Veillonella dispar	species
546272	strain	29459	Brucella melitensis	species
546271	strain	69823	Selenomonas sputigena	species
546270	strain	1379	Gemella haemolysans	species
546269	strain	143361	Filifactor alocis	species
546267	strain	489	Neisseria polysaccharea	species
546265	strain	486	Neisseria lactamica	species
546263	strain	495	Neisseria elongata	species
546262	strain	483	Neisseria cinerea	species
546	species	544	Citrobacter	genus
545776	strain	53435	Treponema paraluiscuniculi	species
54571	species	1883	Streptomyces	genus
545697	strain	36834	Clostridium celatum	species
545696	strain	61171	Holdemania filiformis	species
545695	strain	150829	Leadbettera azotonutricia	species
545694	strain	88058	Treponema primitia	species
545693	strain	1404	Priestia megaterium	species
545533	species	111142	Alishewanella	genus
545502	species	484508	Ornithinibacillus	genus
545501	species	182709	Oceanobacillus	genus
545275	species	106633	Thioalkalivibrio	genus
545243	strain	1137848	Clostridium arbusti	species
545210	species	1301	Streptococcus	genus
545	species	544	Citrobacter	genus
544911	species	149698	Massilia	genus
544910	species	149698	Massilia	genus
544644	species	574697	Butyricimonas	genus
544581	species	1654	Actinomyces	genus
544580	species	1654	Actinomyces	genus
544556	species	129337	Geobacillus	genus
544404	strain	562	Escherichia coli	species
544	genus	543	Enterobacteriaceae	family
543877	species	2800685	Pelagerythrobacter	genus
543736	strain	37919	Rhodococcus opacus	species
543734	strain	1582	Lacticaseibacillus casei	species
543728	strain	34073	Variovorax paradoxus	species
543526	strain	62320	Haloterrigena turkmenica	species
543360	species	286	Pseudomonas	genus
543311	genus	1570339	Peptoniphilaceae	family
54312	genus	1892252	Microcoleaceae	family
54311	species	1154	Spirulina	genus
54308	species	44474	Pleurocapsa	genus
54304	genus	1892252	Microcoleaceae	family
54302	genus	1890498	Dermocarpellaceae	family
54299	species	54298	Chroococcidiopsis	genus
54295	species	748770	Dolichospermum	genus
54293	genus	68298	Syntrophomonadaceae	family
54291	species	160674	Raoultella	genus
54262	species	2263	Thermococcus	genus
54261	species	54260	Ferroglobus	genus
54260	genus	2232	Archaeoglobaceae	family
54258	genus	2272	Desulfurococcaceae	family
54256	species	2308	Pyrodictium	genus
54254	species	54253	Thermosphaera	genus
54253	genus	2272	Desulfurococcaceae	family
54252	species	54251	Pyrolobus	genus
54251	genus	2307	Pyrodictiaceae	family
54250	species	54249	Thermodiscus	genus
54249	genus	2272	Desulfurococcaceae	family
54248	species	54247	Hyperthermus	genus
54247	genus	2307	Pyrodictiaceae	family
542344	species	338	Xanthomonas	genus
542	species	541	Zymomonas	genus
541229	strain	1428	Bacillus thuringiensis	species
54120	species	230355	Methanolacinia	genus
54115	genus	403	Methylococcaceae	family
541095	species	1716	Corynebacterium	genus
541	genus	2844881	Zymomonadaceae	family
540988	species	270	Thermus	genus
540906	strain	1122941	Pedobacter glucosidilyticus	species
54077	species	2263	Thermococcus	genus
540746	species	886360	Rudaea	genus
54062	species	1253	Pediococcus	genus
540558	species	59732	Chryseobacterium	genus
540500	species	497	Psychrobacter	genus
54011	species	1847	Pseudonocardia	genus
54010	species	1847	Pseudonocardia	genus
54007	species	165779	Anaerococcus	genus
540061	species	665874	Limnohabitans	genus
540060	species	665874	Limnohabitans	genus
54006	species	162289	Peptoniphilus	genus
54005	species	162289	Peptoniphilus	genus
539813	species	547	Enterobacter	genus
53953	species	2260	Pyrococcus	genus
53952	species	2263	Thermococcus	genus
53946	species	53945	Octadecabacter	genus
53945	genus	2854170	Roseobacteraceae	family
539329	strain	28110	Francisella philomiragia	species
539262	species	44249	Paenibacillus	genus
539	species	538	Eikenella	genus
538390	species	222	Achromobacter	genus
538384	species	1663	Arthrobacter	genus
538379	species	165695	Sphingobium	genus
538378	strain	1368430	Rhizobium rosettiformans	species
538217	species	2093	Mycoplasma	genus
538	genus	481	Neisseriaceae	family
537973	strain	1597	Lacticaseibacillus paracasei	species
537971	strain	213	Helicobacter cinaedi	species
537970	strain	123841	Helicobacter canadensis	species
537937	strain	216816	Bifidobacterium longum	species
537457	strain	715	Actinobacillus pleuropneumoniae	species
537288	species	906	Megasphaera	genus
537021	strain	34021	Candidatus Liberibacter asiaticus	species
537013	strain	84026	[Clostridium] methylpentosum	species
537012	strain	246787	Bacteroides cellulosilyticus	species
537011	strain	165179	Segatella copri	species
537010	strain	49338	Desulfitobacterium hafniense	species
537007	strain	1322	Blautia hansenii	species
537006	strain	387661	Parabacteroides johnsonii	species
537	species	32014	Iodobacter	genus
536372	species	2093	Mycoplasma	genus
53635	species	53634	Acidimicrobium	genus
53634	genus	84994	Acidimicrobiaceae	family
53633	species	28033	Sulfobacillus	genus
536232	strain	1491	Clostridium botulinum	species
536231	strain	166486	Roseburia intestinalis	species
536230	strain	28450	Burkholderia pseudomallei	species
536229	strain	1408	Bacillus pumilus	species
536227	strain	217159	Clostridium carboxidivorans	species
536056	strain	562	Escherichia coli	species
536049	strain	872276	Paradesulfitobacterium aromaticivorans	species
536019	strain	593909	Mesorhizobium opportunistum	species
536018	species	68287	Mesorhizobium	genus
536	species	535	Chromobacterium	genus
535907	species	13687	Sphingomonas	genus
535906	species	13687	Sphingomonas	genus
535901	species	237	Flavobacterium	genus
535744	species	413496	Cronobacter	genus
53572	genus	191394	Deferribacteraceae	family
535712	species	529883	Rhodoluna	genus
535290	species	445	Legionella	genus
535289	strain	721785	[Acidovorax] ebreus	species
53522	species	83677	Thermobifida	genus
53501	species	335927	Thalassovita	genus
535	genus	1499392	Chromobacteriaceae	family
53483	species	52959	Polaribacter	genus
53482	strain	106590	Cupriavidus necator	species
53463	species	265	Paracoccus	genus
53462	species	1866885	Mycolicibacterium	genus
53461	species	53460	Nakamurella	genus
53460	genus	85031	Nakamurellaceae	family
53458	species	53457	Janibacter	genus
53457	genus	85021	Intrasporangiaceae	family
53456	genus	31957	Propionibacteriaceae	family
53452	genus	1046	Chromatiaceae	family
53446	species	1883	Streptomyces	genus
53444	species	2767881	Fructilactobacillus	genus
53443	species	572511	Blautia	genus
53442	species	1730	Eubacterium	genus
53441	species	2013	Nocardiopsis	genus
53437	species	2013	Nocardiopsis	genus
53435	species	157	Treponema	genus
53432	species	1817	Nocardia	genus
53431	species	1817	Nocardia	genus
53430	species	1817	Nocardia	genus
53429	species	1817	Nocardia	genus
53428	species	1817	Nocardia	genus
53427	species	2053	Gordonia	genus
53425	genus	2272	Desulfurococcaceae	family
53424	species	1740	Thermodesulfobacterium	genus
53422	species	150333	Thermobrachium	genus
53419	species	157	Treponema	genus
53418	species	157	Treponema	genus
53416	genus	712	Pasteurellaceae	family
53413	species	338	Xanthomonas	genus
53412	species	286	Pseudomonas	genus
53409	species	286	Pseudomonas	genus
53408	species	286	Pseudomonas	genus
53407	species	286	Pseudomonas	genus
53406	species	286	Pseudomonas	genus
53399	species	81	Hyphomicrobium	genus
53392	genus	1046	Chromatiaceae	family
53387	genus	85015	Nocardioidaceae	family
53376	species	1763	Mycobacterium	genus
53374	species	1716	Corynebacterium	genus
53370	genus	28056	Micromonosporaceae	family
53368	species	1121254	Hamadaea	genus
53367	species	195964	Asanoa	genus
53365	genus	28056	Micromonosporaceae	family
53364	species	1696	Brevibacterium	genus
53363	species	1696	Brevibacterium	genus
53358	species	53357	Intrasporangium	genus
53357	genus	85021	Intrasporangiaceae	family
53356	species	68903	Terracoccus	genus
53355	genus	85021	Intrasporangiaceae	family
53346	species	1350	Enterococcus	genus
53345	species	1350	Enterococcus	genus
53344	species	1279	Staphylococcus	genus
53341	species	626	Xenorhabdus	genus
53336	species	82986	Tatumella	genus
53335	genus	1903409	Erwiniaceae	family
533325	species	286104	Winogradskyella	genus
533323	species	497	Psychrobacter	genus
53329	species	53328	Desulfospira	genus
53328	genus	213119	Desulfobacteraceae	family
533267	species	117156	Actinopolymorpha	genus
533237	species	1386	Bacillus	genus
53318	genus	2886822	Desulfocapsaceae	family
53317	species	13687	Sphingomonas	genus
533	species	532	Beijerinckia	genus
53247	species	53246	Pseudoalteromonas	genus
53246	genus	267888	Pseudoalteromonadaceae	family
53245	species	53244	Desulfonatronovibrio	genus
53244	genus	3031459	Desulfonatronovibrionaceae	family
532	genus	45404	Beijerinckiaceae	family
531952	species	1883	Streptomyces	genus
531937	species	1813	Amycolatopsis	genus
531934	species	1813	Amycolatopsis	genus
531932	species	1813	Amycolatopsis	genus
531813	species	1082930	Pelagibacterium	genus
531	species	52959	Polaribacter	genus
530639	species	1298	Deinococcus	genus
530584	species	142577	Prauserella	genus
530564	strain	125	Pirellula staleyi	species
53024	species	53023	Nanobacterium	genus
53	genus	224463	Nannocystaceae	family
529885	strain	1352	Enterococcus faecium	species
529884	species	529883	Rhodoluna	genus
529883	genus	85023	Microbacteriaceae	family
529731	species	1637	Listeria	genus
52972	genus	80864	Comamonadaceae	family
529709	strain	1008460	Pyrococcus yayanosii	species
529705	species	13687	Sphingomonas	genus
52959	genus	49546	Flavobacteriaceae	family
529507	strain	584	Proteus mirabilis	species
529122	strain	1428	Bacillus thuringiensis	species
529120	strain	28108	Alteromonas macleodii	species
529086	strain	1121276	Chitinilyticum litopenaei	species
529	species	234	Brucella	genus
528314	species	45989	Methanoculleus	genus
528244	species	191	Azospirillum	genus
528191	species	44249	Paenibacillus	genus
528187	species	44249	Paenibacillus	genus
528	genus	118882	Brucellaceae	family
52784	genus	216572	Oscillospiraceae	family
52773	species	2529408	Schaalia	genus
52770	species	2767323	Buchananella	genus
52769	species	1654	Actinomyces	genus
52768	species	2529408	Schaalia	genus
52764	species	773	Bartonella	genus
52762	species	204447	Skermanella	genus
527198	genus	49546	Flavobacteriaceae	family
527021	strain	1428	Bacillus thuringiensis	species
527005	strain	29486	Yersinia ruckeri	species
527004	strain	29485	Yersinia rohdei	species
527002	strain	29483	Yersinia aldovae	species
527001	strain	28901	Salmonella enterica	species
527000	strain	64104	Bacillus pseudomycoides	species
526997	strain	1405	Bacillus mycoides	species
526980	strain	1396	Bacillus cereus	species
52694	species	33951	Acetobacterium	genus
526714	species	85076	Marichromatium	genus
526713	species	85076	Marichromatium	genus
526227	strain	52022	Allomeiothermus silvanus	species
526226	strain	2054	Gordonia bronchialis	species
526225	strain	1861	Geodermatophilus obscurus	species
526224	strain	84378	Brachyspira murdochii	species
526222	strain	880	Maridesulfovibrio salexigens	species
526218	strain	826	Sebaldella termitidis	species
526216	species	659693	Oceanibaculum	genus
52603	species	58842	Sagittula	genus
52598	species	60136	Sulfitobacter	genus
525919	strain	33034	Anaerococcus prevotii	species
525918	species	1030	Thiothrix	genus
525917	species	1030	Thiothrix	genus
525909	strain	53635	Acidimicrobium ferrooxidans	species
525904	strain	166501	Thermobaculum terrenum	species
525903	strain	81462	Thermanaerovibrio acidaminovorans	species
525898	strain	65553	Sulfurospirillum deleyianum	species
525897	strain	899	Desulfomicrobium baculatum	species
52584	species	29521	Brachyspira	genus
525381	strain	1313	Streptococcus pneumoniae	species
525379	strain	1335	Streptococcus equinus	species
525373	strain	258	Sphingobacterium spiritivorum	species
525372	strain	258	Sphingobacterium spiritivorum	species
525371	strain	204525	Pseudoroseomonas cervicalis	species
525370	strain	43767	Prescottella equi	species
525369	strain	584	Proteus mirabilis	species
525367	strain	1641	Listeria grayi	species
525365	strain	227945	Lactobacillus ultunensis	species
525363	strain	1599	Latilactobacillus sakei	species
525362	strain	1623	Ligilactobacillus ruminis	species
525361	strain	47715	Lacticaseibacillus rhamnosus	species
525338	strain	1590	Lactiplantibacillus plantarum	species
525337	strain	1597	Lacticaseibacillus paracasei	species
525330	strain	33959	Lactobacillus johnsonii	species
525329	strain	109790	Lactobacillus jensenii	species
525328	strain	147802	Lactobacillus iners	species
525325	strain	1613	Limosilactobacillus fermentum	species
525318	strain	1581	Lentilactobacillus buchneri	species
525310	strain	1588	Lentilactobacillus hilgardii	species
525309	strain	227943	Limosilactobacillus antri	species
525306	strain	1579	Lactobacillus acidophilus	species
525284	strain	2702	Gardnerella vaginalis	species
525281	strain	562	Escherichia coli	species
525280	strain	1648	Erysipelothrix rhusiopathiae	species
525279	strain	1352	Enterococcus faecium	species
525268	strain	43770	Corynebacterium striatum	species
525263	strain	161889	Corynebacterium lipophiloflavum	species
525262	strain	38289	Corynebacterium jeikeium	species
525260	strain	38284	Corynebacterium accolens	species
525259	strain	1496	Clostridioides difficile	species
525258	strain	1496	Clostridioides difficile	species
525257	strain	250	Chryseobacterium gleum	species
525256	strain	82135	Fannyhessea vaginae	species
525255	strain	33036	Anaerococcus tetradius	species
525254	strain	33032	Anaerococcus lactolyticus	species
525247	strain	87541	Aerococcus christensenii	species
525246	strain	103621	Actinomyces urogenitalis	species
525245	strain	103618	Gleimia coleocanis	species
525146	strain	876	Desulfovibrio desulfuricans	species
524	species	522	Acidiphilium	genus
523851	strain	53952	Thermococcus peptonophilus	species
523850	strain	342948	Thermococcus onnurineus	species
523849	strain	2265	Thermococcus litoralis	species
523848	strain	2286	Saccharolobus shibatae	species
523846	strain	2180	Methanothermus fervidus	species
523845	strain	2186	Methanothermococcus thermolithotrophicus	species
523844	strain	2210	Methanosarcina thermophila	species
523843	strain	39664	Methanohalophilus portucalensis	species
523842	strain	2188	Methanococcus voltae	species
523841	strain	2252	Haloferax mediterranei	species
523796	strain	1280	Staphylococcus aureus	species
523794	strain	40542	Leptotrichia buccalis	species
523791	strain	261964	Kangiella koreensis	species
523788	species	303379	Herminiimonas	genus
523742	species	2742	Marinobacter	genus
523701	species	1502941	Pleionea	genus
523696	species	2029851	Saonia	genus
522889	species	34102	Sphaerotilus	genus
522773	species	165695	Sphingobium	genus
522772	strain	118000	Denitrovibrio acetiphilus	species
52271	species	1163	Anabaena	genus
522673	species	1873	Micromonospora	genus
522615	species	28209	Chelatococcus	genus
522610	species	504481	Sediminibacterium	genus
522488	species	1298	Deinococcus	genus
522487	species	1298	Deinococcus	genus
522484	strain	522485	Campylobacter avium	species
52242	species	1578	Lactobacillus	genus
522373	strain	40324	Stenotrophomonas maltophilia	species
522306	species	327159	Candidatus Accumulibacter	genus
52229	species	52228	Hallella	genus
52227	species	838	Prevotella	genus
52226	species	52225	Mitsuokella	genus
52225	genus	1843491	Selenomonadaceae	family
522	genus	433	Acetobacteraceae	family
521720	species	2901261	Denitrificimonas	genus
521674	strain	120	Planctopirus limnophila	species
521520	species	44249	Paenibacillus	genus
521477	species	2742	Marinobacter	genus
521460	strain	31899	Caldicellulosiruptor bescii	species
521393	strain	1288391	Actinomyces timonensis	species
521377	species	2893060	Alkalihalophilus	genus
52133	species	469	Acinetobacter	genus
52131	species	379	Rhizobium	genus
52130	genus	2272	Desulfurococcaceae	family
521098	strain	405212	Alicyclobacillus acidocaldarius	species
521097	strain	1018	Capnocytophaga ochracea	species
521096	strain	2061	Tsukamurella paurometabola	species
521095	strain	1382	Lancefieldella parvula	species
521045	strain	651457	Kosmotoga olearia	species
521011	strain	475088	Methanosphaerula palustris	species
521010	strain	64897	Borreliella bissettiae	species
521008	strain	139	Borreliella burgdorferi	species
521007	strain	139	Borreliella burgdorferi	species
521006	strain	485	Neisseria gonorrhoeae	species
521003	strain	147207	Collinsella intestinalis	species
521002	strain	2173	Methanobrevibacter smithii	species
521001	strain	2173	Methanobrevibacter smithii	species
521000	strain	587	Providencia rettgeri	species
521	species	517	Bordetella	genus
520999	strain	126385	Providencia alcalifaciens	species
520708	species	469	Acinetobacter	genus
520603	species	2782231	Kaistella	genus
520487	strain	29461	Brucella suis	species
520466	strain	29459	Brucella melitensis	species
520461	strain	120576	Brucella pinnipedialis	species
520457	strain	120577	Brucella ceti	species
520455	strain	235	Brucella abortus	species
520454	strain	235	Brucella abortus	species
520450	strain	235	Brucella abortus	species
520449	species	234	Brucella	genus
520448	species	234	Brucella	genus
52022	species	2935559	Allomeiothermus	genus
52021	species	2745	Halomonas	genus
520095	species	1696	Brevibacterium	genus
520032	species	1839	Nocardioides	genus
52003	genus	53434	Halobacteroidaceae	family
520	species	517	Bordetella	genus
52	species	50	Chondromyces	genus
519989	species	1051	Ectothiorhodospira	genus
519472	species	2737	Vagococcus	genus
519442	strain	146826	Halorhabdus utahensis	species
519441	strain	34105	Streptobacillus moniliformis	species
519440	species	1298	Deinococcus	genus
519424	species	2675234	Alkalihalobacillus	genus
519051	species	59753	Alcanivorax	genus
519	species	517	Bordetella	genus
518767	species	2865860	Deserticella	genus
518766	strain	29549	Rhodothermus marinus	species
518733	genus	85023	Microbacteriaceae	family
518688	species	490567	Arenimonas	genus
518637	strain	1735	Holdemanella biformis	species
518636	strain	333367	Enterocloster asparagiformis	species
518635	strain	1683	Bifidobacterium angulatum	species
518634	strain	1685	Bifidobacterium breve	species
518	species	517	Bordetella	genus
51785	species	626	Xenorhabdus	genus
517722	species	72173	Citromicrobium	genus
517433	species	53335	Pantoea	genus
517418	strain	100716	Chloroherpeton thalassium	species
517417	strain	274539	Chlorobaculum parvum	species
517	genus	506	Alcaligenaceae	family
516950	strain	1313	Streptococcus pneumoniae	species
516704	species	289201	Pontibacillus	genus
51669	species	51668	Tetragenococcus	genus
51668	genus	81852	Enterococcaceae	family
51665	species	1375	Aerococcus	genus
51664	species	2767884	Lapidilactobacillus	genus
51663	species	1253	Pediococcus	genus
516074	species	586	Providencia	genus
516051	species	111500	Allomuricauda	genus
515973	species	2420	Thermosipho	genus
515947	species	449972	Chelativorans	genus
51589	species	2237	Haloarcula	genus
515814	species	57494	Nesterenkonia	genus
515635	strain	513050	Dictyoglomus turgidum	species
515622	strain	43305	Butyrivibrio proteoclasticus	species
515621	strain	1491	Clostridium botulinum	species
515620	strain	39485	Lachnospira eligens	species
515619	strain	39491	Agathobacter rectalis	species
515618	strain	401619	Candidatus Riesia pediculicola	species
515415	species	33882	Microbacterium	genus
515326	species	1707	Cellulomonas	genus
515264	species	44258	Caloramator	genus
51514	genus	186807	Peptococcaceae	family
51367	species	51366	Salinivibrio	genus
51366	genus	641	Vibrionaceae	family
51365	species	2093	Mycoplasma	genus
51363	species	2895509	Metamycoplasma	genus
513570	genus	89374	Saprospiraceae	family
513557	genus	513556	Syntrophorhabdaceae	family
513307	species	1754	Thermoanaerobacter	genus
513050	species	13	Dictyoglomus	genus
51288	species	579	Kluyvera	genus
512763	species	1379908	Rufibacter	genus
512762	species	33981	Kineococcus	genus
512649	species	662	Vibrio	genus
512566	strain	1313	Streptococcus pneumoniae	species
512565	strain	1866	Actinoplanes missouriensis	species
512564	strain	50052	Mycoplasma crocodyli	species
512562	strain	210	Helicobacter pylori	species
512399	species	44249	Paenibacillus	genus
512397	species	44249	Paenibacillus	genus
512353	species	1873	Micromonospora	genus
512352	species	1873	Micromonospora	genus
512351	species	1873	Micromonospora	genus
512314	species	841	Roseburia	genus
512292	species	100883	Coprobacillus	genus
51229	species	51228	Wigglesworthia	genus
51228	genus	1903409	Erwiniaceae	family
512030	species	12916	Acidovorax	genus
51201	species	1883	Streptomyces	genus
51197	species	51196	Syntrophobotulus	genus
51196	genus	2937909	Desulfitobacteriaceae	family
51194	genus	2886822	Desulfocapsaceae	family
511746	species	511745	Methylacidiphilum (ex Ratnadevi et al. 2023)	genus
51173	species	160795	Ureibacillus	genus
511691	strain	1309	Streptococcus mutans	species
511680	strain	45851	Butyrivibrio crossotus	species
511662	species	13687	Sphingomonas	genus
51160	species	157	Treponema	genus
511437	strain	1581	Lentilactobacillus buchneri	species
511435	species	511434	Candidatus Azobacteroides	genus
511062	species	129577	Oceanimonas	genus
511051	strain	693075	Caldisericum exile	species
51101	species	55080	Brevibacillus	genus
511	species	507	Alcaligenes	genus
510955	species	2782231	Kaistella	genus
510946	species	237	Flavobacterium	genus
510831	strain	263	Francisella tularensis	species
510701	genus	3064153	Desulfurisporaceae	family
510690	genus	510685	Sneathiellaceae	family
51049	species	713	Actinobacillus	genus
51048	species	713	Actinobacillus	genus
51047	species	713	Actinobacillus	genus
51	species	50	Chondromyces	genus
509625	species	1883	Streptomyces	genus
509624	species	1883	Streptomyces	genus
509623	species	1883	Streptomyces	genus
509621	species	1883	Streptomyces	genus
509620	species	1883	Streptomyces	genus
509617	species	1883	Streptomyces	genus
509616	species	1883	Streptomyces	genus
509193	strain	29323	Thermoanaerobacter brockii	species
509191	strain	35830	Acetivibrio cellulolyticus	species
509190	strain	88688	Caulobacter segnis	species
509173	strain	470	Acinetobacter baumannii	species
509170	strain	470	Acinetobacter baumannii	species
509169	strain	339	Xanthomonas campestris	species
508869	species	374	Bradyrhizobium	genus
508770	species	596495	Sciscionella	genus
508767	strain	1491	Clostridium botulinum	species
507753	genus	90142	Ferroplasmaceae	family
507750	species	162289	Peptoniphilus	genus
507626	species	2745	Halomonas	genus
507522	strain	573	Klebsiella pneumoniae	species
50728	species	2034	Curtobacterium	genus
50718	species	662	Vibrio	genus
50717	species	351195	Salimicrobium	genus
50714	genus	433	Acetobacteraceae	family
50709	genus	433	Acetobacteraceae	family
507	genus	506	Alcaligenaceae	family
506591	species	191028	Leisingera	genus
506480	strain	1428684	Exiguobacterium alkaliphilum	species
505682	strain	134821	Ureaplasma parvum	species
505248	species	165696	Novosphingobium	genus
505	species	32257	Kingella	genus
504937	species	121871	Haloterrigena	genus
504832	strain	40137	Afipia carboxidovorans	species
504804	species	1835	Saccharopolyspora	genus
504803	species	1835	Saccharopolyspora	genus
504802	species	49184	Kineosporia	genus
504801	species	58113	Glycomyces	genus
504728	strain	277	Meiothermus ruber	species
504483	species	146	Spirochaeta	genus
504481	genus	563835	Chitinophagaceae	family
504474	strain	43771	Corynebacterium urealyticum	species
504472	strain	108	Spirosoma linguale	species
504465	genus	433	Acetobacteraceae	family
504	species	32257	Kingella	genus
50340	species	286	Pseudomonas	genus
50339	species	2302	Thermoplasma	genus
503361	species	237	Flavobacterium	genus
503170	species	689697	Salisaeta	genus
502821	species	2745	Halomonas	genus
502801	strain	633	Yersinia pseudotuberculosis	species
502800	strain	633	Yersinia pseudotuberculosis	species
502790	species	642	Aeromonas	genus
502682	species	2800681	Aurantiacibacter	genus
502558	species	84111	Eggerthella	genus
502394	species	1298	Deinococcus	genus
502332	species	1839	Nocardioides	genus
502282	species	872	Desulfovibrio	genus
502115	species	2220	Methanolobus	genus
502049	species	168934	Thalassospira	genus
502025	strain	80816	Haliangium ochraceum	species
502	species	32257	Kingella	genus
501783	genus	2762318	Weeksellaceae	family
501572	species	28105	Sinorhizobium	genus
501571	species	580596	Butyricicoccus	genus
501497	species	241192	Thermodesulfatator	genus
501496	species	836	Porphyromonas	genus
501487	species	1243	Leuconostoc	genus
501023	species	501022	Glaciibacter	genus
501022	genus	85023	Microbacteriaceae	family
500637	strain	158850	Providencia rustigianii	species
500635	strain	52226	Mitsuokella multacida	species
500634	strain	1681	Bifidobacterium bifidum	species
500633	strain	89152	Peptacetobacter hiranonis	species
500632	strain	29361	[Clostridium] nexile	species
50052	species	2093	Mycoplasma	genus
500464	strain	83554	Chlamydia psittaci	species
500	species	499	Thermomicrobium	genus
50	genus	49	Polyangiaceae	family
499555	species	37914	Dietzia	genus
499551	genus	1198451	Methanoregulaceae	family
499547	species	49184	Kineosporia	genus
499229	species	499228	Tepidanaerobacter	genus
499228	genus	2770092	Tepidanaerobacteraceae	family
499207	species	862071	Syntrophaceticus	genus
499177	strain	1511	Acetoanaerobium sticklandii	species
499176	strain	1496	Clostridioides difficile	species
499175	strain	1496	Clostridioides difficile	species
499	genus	189777	Thermomicrobiaceae	family
498964	species	1386	Bacillus	genus
49894	genus	3029086	Acetomicrobiaceae	family
49893	species	44747	Holospora	genus
498848	strain	271	Thermus aquaticus	species
498846	species	498845	Korarchaeum	genus
498761	strain	35701	Heliomicrobium modesticaldum	species
498741	species	64895	Borreliella	genus
498388	strain	562	Escherichia coli	species
498332	species	286	Pseudomonas	genus
498323	species	44249	Paenibacillus	genus
498319	species	44249	Paenibacillus	genus
498301	species	237	Flavobacterium	genus
498292	species	237	Flavobacterium	genus
498217	strain	636	Edwardsiella tarda	species
498216	strain	1582	Lacticaseibacillus casei	species
498214	strain	1491	Clostridium botulinum	species
498211	strain	155077	Cellvibrio japonicus	species
498055	species	490567	Arenimonas	genus
498	species	497	Psychrobacter	genus
497978	strain	470	Acinetobacter baumannii	species
497965	strain	2546359	Gloeothece verrucosa	species
497964	strain	191863	Chthoniobacter flavus	species
497785	species	237	Flavobacterium	genus
497742	genus	3031625	Desulfatirhabdiaceae	family
497735	species	55080	Brevibacillus	genus
497727	species	497726	Nitrososphaera	genus
497726	genus	1033997	Nitrososphaeraceae	family
497725	species	1330547	Kosakonia	genus
497722	strain	1122252	Marinospirillum celere	species
497721	genus	3031622	Desulfolunaceae	family
497321	species	33057	Thauera	genus
497	genus	468	Moraxellaceae	family
496866	species	1754	Thermoanaerobacter	genus
496833	strain	2115	Mycoplasmopsis fermentans	species
496058	species	107	Spirosoma	genus
496	species	482	Neisseria	genus
495059	species	1386	Bacillus	genus
495	species	482	Neisseria	genus
494419	species	1663	Arthrobacter	genus
494026	species	44249	Paenibacillus	genus
494	species	334108	Bergeriella	genus
493781	species	1270155	Falsibacillus	genus
493475	strain	1128911	Paraglaciecola arctica	species
493385	strain	1295382	Methylogaea oryzae	species
49338	species	36853	Desulfitobacterium	genus
493376	species	2782231	Kaistella	genus
493375	species	2907937	Halpernia	genus
49319	species	42255	Rubrobacter	genus
493	species	482	Neisseria	genus
49283	species	44249	Paenibacillus	genus
492814	species	374	Bradyrhizobium	genus
492804	species	1883	Streptomyces	genus
492800	species	1883	Streptomyces	genus
49279	genus	49546	Flavobacteriaceae	family
49278	species	49277	Psychroserpens	genus
49277	genus	49546	Flavobacteriaceae	family
492670	species	1386	Bacillus	genus
492	species	482	Neisseria	genus
491962	species	48736	Ralstonia	genus
491961	species	1663	Arthrobacter	genus
491952	strain	936476	Marinomonas posidonica	species
491921	species	158846	Megamonas	genus
491919	species	28219	Brachymonas	genus
491918	species	55968	Leucobacter	genus
491916	strain	29449	Rhizobium etli	species
491915	strain	33934	Anoxybacillus flavithermus	species
49186	species	48075	Marinobacterium	genus
49184	genus	83778	Kineosporiaceae	family
491388	species	947567	Litoreibacter	genus
491205	strain	1453492	Chryseobacterium hispalense	species
49119	species	2742	Marinobacter	genus
49118	species	49082	Candidatus Arthromitus	genus
491081	strain	160	Treponema pallidum	species
491080	strain	160	Treponema pallidum	species
491079	strain	160	Treponema pallidum	species
491078	strain	160	Treponema pallidum	species
491077	strain	1598	Limosilactobacillus reuteri	species
491074	strain	1351	Enterococcus faecalis	species
491072	strain	219649	Paraburkholderia unamae	species
490899	strain	94694	Desulfurococcus amylolyticus	species
490759	species	2742	Marinobacter	genus
490574	species	13687	Sphingomonas	genus
490568	species	44249	Paenibacillus	genus
490567	genus	32033	Xanthomonadaceae	family
490386	species	28228	Colwellia	genus
490385	species	168934	Thalassospira	genus
490384	species	168934	Thalassospira	genus
490189	species	237	Flavobacterium	genus
490185	species	204456	Gemmobacter	genus
490	species	482	Neisseria	genus
489915	species	1716	Corynebacterium	genus
489910	species	489909	Nosocomiicoccus	genus
489722	species	68287	Mesorhizobium	genus
489653	strain	486	Neisseria lactamica	species
48936	species	165696	Novosphingobium	genus
48935	species	165696	Novosphingobium	genus
489138	species	744724	Halarchaeum	genus
489	species	482	Neisseria	genus
488939	species	488937	Desulfonatronospira	genus
488732	species	32008	Burkholderia	genus
488731	species	32008	Burkholderia	genus
488730	species	32008	Burkholderia	genus
488729	species	32008	Burkholderia	genus
488538	strain	767892	Candidatus Puniceispirillum marinum	species
488447	species	32008	Burkholderia	genus
488446	species	32008	Burkholderia	genus
488223	strain	1313	Streptococcus pneumoniae	species
488222	strain	1313	Streptococcus pneumoniae	species
488221	strain	1313	Streptococcus pneumoniae	species
488142	species	613	Serratia	genus
488124	species	81416	Methanofollis	genus
488	species	482	Neisseria	genus
48782	species	171	Leptospira	genus
487732	species	1716	Corynebacterium	genus
487521	strain	1767	Mycobacterium intracellulare	species
48736	genus	119060	Burkholderiaceae	family
487319	species	22	Shewanella	genus
487317	species	153265	Aequorivita	genus
487316	species	469	Acinetobacter	genus
48728	genus	1046	Chromatiaceae	family
48727	species	2745	Halomonas	genus
487215	strain	1314	Streptococcus pyogenes	species
487214	strain	1313	Streptococcus pneumoniae	species
487213	strain	1313	Streptococcus pneumoniae	species
487184	species	2901189	Halopseudomonas	genus
487175	species	577310	Parasutterella	genus
487174	species	397864	Barnesiella	genus
487173	species	39948	Dialister	genus
487	species	482	Neisseria	genus
48664	species	338	Xanthomonas	genus
486410	strain	1334	Streptococcus dysgalactiae	species
486399	species	286	Pseudomonas	genus
486	species	482	Neisseria	genus
485918	strain	79329	Chitinophaga pinensis	species
485917	strain	984	Pedobacter heparinus	species
485916	strain	58138	Desulfofarcimen acetoxidans	species
485915	strain	45663	Desulfohalobium retbaense	species
485914	strain	57705	Halomicrobium mukohataei	species
485913	strain	363277	Ktedonobacter racemifer	species
485907	species	78526	Allorhizobium	genus
485	species	482	Neisseria	genus
484770	species	365348	Pelosinus	genus
48463	genus	203557	Verrucomicrobiaceae	family
484498	species	187492	Thalassolituus	genus
484429	species	165695	Sphingobium	genus
484413	species	129337	Geobacillus	genus
484184	species	44249	Paenibacillus	genus
484022	strain	28110	Francisella philomiragia	species
484021	strain	573	Klebsiella pneumoniae	species
484020	strain	1681	Bifidobacterium bifidum	species
484019	strain	2421	Thermosipho africanus	species
484018	strain	310297	Phocaeicola plebeius	species
484	species	482	Neisseria	genus
483937	species	44249	Paenibacillus	genus
483547	species	392332	Geoalkalibacter	genus
483364	species	872	Desulfovibrio	genus
483219	strain	33	Myxococcus fulvus	species
483218	strain	384638	[Bacteroides] pectinophilus	species
483217	strain	357276	Phocaeicola dorei	species
483216	strain	28111	Bacteroides eggerthii	species
483215	strain	338188	Bacteroides finegoldii	species
483214	strain	2173	Methanobrevibacter smithii	species
483179	strain	36855	Brucella canis	species
483	species	482	Neisseria	genus
48296	species	469	Acinetobacter	genus
482957	species	32008	Burkholderia	genus
48292	species	81	Hyphomicrobium	genus
482629	genus	119859	Tolypothrichaceae	family
482564	species	1158	Oscillatoria	genus
482301	species	84406	Virgibacillus	genus
482144	genus	186824	Thermoactinomycetaceae	family
482	genus	481	Neisseriaceae	family
481805	strain	562	Escherichia coli	species
481743	species	44249	Paenibacillus	genus
481722	species	2767893	Lentilactobacillus	genus
481720	species	2767893	Lentilactobacillus	genus
481520	species	68	Lysobacter	genus
481448	strain	511746	Candidatus Methylacidiphilum infernorum	species
481366	species	131079	Limnobacter	genus
481139	species	773	Bartonella	genus
481009	strain	1105106	Rickettsia philipii	species
480931	species	2767888	Liquorilactobacillus	genus
48076	species	48075	Marinobacterium	genus
48075	genus	135620	Oceanospirillaceae	family
48074	species	48073	Microbulbifer	genus
48073	genus	1706373	Microbulbiferaceae	family
480520	species	76831	Myroides	genus
480519	species	28253	Marinomonas	genus
480391	species	1253	Pediococcus	genus
480284	species	84406	Virgibacillus	genus
480224	strain	1108	Chloroflexus aurantiacus	species
480119	strain	470	Acinetobacter baumannii	species
48003	species	2767358	Mycoplasmopsis	genus
48001	genus	213119	Desulfobacteraceae	family
480	species	475	Moraxella	genus
48	species	47	Archangium	genus
479936	species	1079922	Commensalibacter	genus
479935	species	441	Gluconobacter	genus
479906	species	1501226	Romboutsia	genus
47951	species	662	Vibrio	genus
479474	species	44249	Paenibacillus	genus
479437	strain	84112	Eggerthella lenta	species
479436	strain	29466	Veillonella parvula	species
479435	strain	182640	Kribbella flavida	species
479434	strain	2057	Sphaerobacter thermophilus	species
479433	strain	304895	Catenulispora acidiphila	species
479432	strain	2001	Streptosporangium roseum	species
479431	strain	53461	Nakamurella multipartita	species
479430	strain	304901	Actinospica robiniae	species
47920	species	12916	Acidovorax	genus
47918	strain	1112103	Pseudanabaena galeata	species
47917	species	613	Serratia	genus
479117	species	1696	Brevibacterium	genus
47886	species	286	Pseudomonas	genus
47885	species	286	Pseudomonas	genus
47884	species	286	Pseudomonas	genus
47883	species	286	Pseudomonas	genus
47882	species	286	Pseudomonas	genus
478801	strain	1276	Kytococcus sedentarius	species
47880	species	286	Pseudomonas	genus
47879	species	286	Pseudomonas	genus
47878	species	286	Pseudomonas	genus
47877	species	286	Pseudomonas	genus
47875	species	1873	Micromonospora	genus
478749	strain	168384	Marvinbryantia formatexigens	species
478730	species	497	Psychrobacter	genus
47860	species	1873	Micromonospora	genus
47857	species	1873	Micromonospora	genus
47855	species	1873	Micromonospora	genus
47850	species	1873	Micromonospora	genus
47848	species	43668	Brachybacterium	genus
47847	species	43668	Brachybacterium	genus
47846	species	43668	Brachybacterium	genus
47845	species	43668	Brachybacterium	genus
478441	species	56688	Halorubrum	genus
478435	strain	1773	Mycobacterium tuberculosis	species
478434	strain	1773	Mycobacterium tuberculosis	species
478433	strain	1773	Mycobacterium tuberculosis	species
47839	species	1763	Mycobacterium	genus
47834	species	2132	Spiroplasma	genus
478	species	475	Moraxella	genus
477976	species	545865	Calditerrivibrio	genus
477974	strain	471827	Candidatus Desulforudis audaxviator	species
477704	species	1883	Streptomyces	genus
47770	species	1578	Lactobacillus	genus
477689	species	1406885	Aliiglaciecola	genus
477666	species	816	Bacteroides	genus
477641	species	88138	Modestobacter	genus
47763	species	1883	Streptomyces	genus
47760	species	1883	Streptomyces	genus
47758	species	1883	Streptomyces	genus
47735	species	476528	Bibersteinia	genus
47715	species	2759736	Lacticaseibacillus	genus
477	species	475	Moraxella	genus
47687	species	2767358	Mycoplasmopsis	genus
47678	species	816	Bacteroides	genus
47671	species	47670	Lautropia	genus
47670	genus	119060	Burkholderiaceae	family
476652	species	79206	Desulfosporosinus	genus
476529	species	191028	Leisingera	genus
476281	strain	168169	Candidatus Ishikawaella capsulata	species
476278	genus	3085114	Thiohalospiraceae	family
476272	strain	53443	Blautia hydrogenotrophica	species
476213	strain	28901	Salmonella enterica	species
476	species	475	Moraxella	genus
475966	genus	292628	Anaerolineaceae	family
475965	genus	292628	Anaerolineaceae	family
475961	genus	292628	Anaerolineaceae	family
475960	genus	292628	Anaerolineaceae	family
47589	species	780	Rickettsia	genus
475795	species	1341120	Pseudohaliea	genus
475255	species	84567	Pedobacter	genus
475234	species	32008	Burkholderia	genus
475230	genus	186821	Sporolactobacillaceae	family
475088	species	475087	Methanosphaerula	genus
475087	genus	1198451	Methanoregulaceae	family
475067	species	68287	Mesorhizobium	genus
47500	species	55079	Aneurinibacillus	genus
475	genus	468	Moraxellaceae	family
47494	genus	45401	Hyphomicrobiaceae	family
47493	species	2742598	Limosilactobacillus	genus
47466	species	138	Borrelia	genus
47421	species	47420	Hydrogenophaga	genus
47420	genus	80864	Comamonadaceae	family
474186	strain	1351	Enterococcus faecalis	species
473531	species	1227	Nitrosococcus	genus
47312	species	2060	Tsukamurella	genus
472759	strain	133539	Nitrosococcus halophilus	species
472568	genus	85020	Dermabacteraceae	family
47251	genus	1890438	Leptolyngbyaceae	family
47229	species	149698	Massilia	genus
472158	species	1817	Nocardia	genus
472055	species	472054	Leptobacterium	genus
472	species	469	Acinetobacter	genus
471876	strain	1314	Streptococcus pyogenes	species
471875	strain	46228	[Ruminococcus] lactaris	species
471872	strain	102684	Streptococcus infantarius	species
471871	strain	1509	Clostridium sporogenes	species
471870	strain	329854	Bacteroides intestinalis	species
471857	strain	1852	Saccharomonospora viridis	species
471856	strain	43674	Jonesia denitrificans	species
471855	strain	84110	Slackia heliotrinireducens	species
471854	strain	94254	Dyadobacter fermentans	species
471853	strain	84757	Beutenbergia cavernae	species
471852	strain	2020	Thermomonospora curvata	species
471827	species	471826	Desulforudis	genus
471826	genus	186807	Peptococcaceae	family
471825	species	471824	Haloplasma	genus
471824	genus	471823	Haloplasmataceae	family
471802	strain	29401	Pseudonocardia halophobica	species
471798	genus	186824	Thermoactinomycetaceae	family
471514	species	29330	Alicyclobacillus	genus
471499	species	503005	Dasania	genus
471473	strain	813	Chlamydia trachomatis	species
471472	strain	813	Chlamydia trachomatis	species
471223	species	129337	Geobacillus	genus
471189	species	644652	Gordonibacter	genus
471	species	469	Acinetobacter	genus
470934	species	53335	Pantoea	genus
470868	species	222	Achromobacter	genus
470864	species	74385	Gracilibacillus	genus
470826	species	83612	Psychroflexus	genus
470565	species	838	Prevotella	genus
47055	species	47054	Dethiosulfovibrio	genus
47054	genus	3029088	Dethiosulfovibrionaceae	family
470150	species	286	Pseudomonas	genus
470146	strain	410072	Coprococcus comes	species
470145	strain	310298	Phocaeicola coprocola	species
470137	strain	29461	Brucella suis	species
470076	species	1763	Mycobacterium	genus
470075	species	1763	Mycobacterium	genus
470074	species	1763	Mycobacterium	genus
470	species	469	Acinetobacter	genus
47	genus	39	Archangiaceae	family
469811	genus	1692504	Candidatus Clavichlamydiaceae	family
469617	strain	861	Fusobacterium ulcerans	species
469615	strain	849	Fusobacterium gonidiaformans	species
469609	species	1301	Streptococcus	genus
469607	strain	76859	Fusobacterium animalis	species
469604	strain	155615	Fusobacterium vincentii	species
469602	strain	155615	Fusobacterium vincentii	species
469597	species	100883	Coprobacillus	genus
469593	species	816	Bacteroides	genus
469592	species	816	Bacteroides	genus
469591	species	375288	Parabacteroides	genus
469590	species	816	Bacteroides	genus
469585	species	816	Bacteroides	genus
469383	strain	191495	Conexibacter woesei	species
469382	strain	60847	Halogeometricum borinquense	species
469381	strain	47055	Dethiosulfovibrio peptidovorans	species
469378	strain	84163	Cryptobacterium curtum	species
469371	strain	2006	Thermobispora bispora	species
469322	genus	2689614	Steroidobacteraceae	family
46914	species	46913	Devosia	genus
46913	genus	2831106	Devosiaceae	family
469008	strain	562	Escherichia coli	species
469	genus	468	Moraxellaceae	family
468938	genus	3056374	Cerasicoccaceae	family
468911	species	2767888	Liquorilactobacillus	genus
46867	species	1485	Clostridium	genus
468556	strain	1121721	Jongsikchunia kroppenstedtii	species
468057	species	237	Flavobacterium	genus
468056	species	237	Flavobacterium	genus
468055	species	59732	Chryseobacterium	genus
468054	species	59732	Chryseobacterium	genus
467975	genus	633392	Iamiaceae	family
46770	species	46769	Cenarchaeum	genus
467210	species	1164882	Lachnoanaerobaculum	genus
467094	species	682522	Ilumatobacter	genus
46680	species	286	Pseudomonas	genus
46679	species	286	Pseudomonas	genus
46678	species	286	Pseudomonas	genus
46677	species	286	Pseudomonas	genus
46631	genus	46630	Picrophilaceae	family
466153	species	466152	Singulisphaera	genus
466152	genus	1763524	Isosphaeraceae	family
466109	species	466108	Biostraticola	genus
46609	species	1485	Clostridium	genus
465817	strain	338565	Erwinia tasmaniensis	species
465721	species	469322	Steroidobacter	genus
465541	species	1883	Streptomyces	genus
465515	strain	1270	Micrococcus luteus	species
46541	species	2420	Thermosipho	genus
46540	species	2263	Thermococcus	genus
46506	species	816	Bacteroides	genus
46503	species	375288	Parabacteroides	genus
46468	genus	53434	Halobacteroidaceae	family
46466	genus	972	Halanaerobiaceae	family
46450	species	13724	Thiocystis	genus
464322	species	29465	Veillonella	genus
46429	species	165695	Sphingobium	genus
46356	species	2024958	Alkalispirochaeta	genus
46355	species	146	Spirochaeta	genus
46354	species	1754	Thermoanaerobacter	genus
46353	species	46352	Agrococcus	genus
46352	genus	85023	Microbacteriaceae	family
46351	species	1866885	Mycolicibacterium	genus
463025	species	517	Bordetella	genus
463014	species	517	Bordetella	genus
463	species	461	Fluoribacter	genus
462991	species	662	Vibrio	genus
462710	species	33882	Microbacterium	genus
46257	species	286	Pseudomonas	genus
46256	species	46255	Weissella	genus
46255	genus	33958	Lactobacillaceae	family
46254	genus	33958	Lactobacillaceae	family
46240	species	44249	Paenibacillus	genus
46239	genus	33925	Entomoplasmataceae	family
46238	genus	33925	Entomoplasmataceae	family
462367	species	398041	Flavisolibacter	genus
46234	species	1163	Anabaena	genus
46228	species	2316020	Mediterraneibacter	genus
46224	species	2837504	Heyndrickxia	genus
46205	genus	186803	Lachnospiraceae	family
46200	genus	2945019	Geovibrionaceae	family
461876	species	114627	Alkaliphilus	genus
46182	species	83681	Nonomuraea	genus
46181	species	83681	Nonomuraea	genus
46180	species	83681	Nonomuraea	genus
46179	species	83681	Nonomuraea	genus
46178	species	83681	Nonomuraea	genus
46177	species	83681	Nonomuraea	genus
46176	species	83681	Nonomuraea	genus
46174	species	83681	Nonomuraea	genus
46173	species	83681	Nonomuraea	genus
46172	species	83681	Nonomuraea	genus
46171	species	83681	Nonomuraea	genus
46165	species	1988	Actinomadura	genus
46164	species	1988	Actinomadura	genus
46163	species	1988	Actinomadura	genus
461393	species	1654	Actinomyces	genus
46127	species	1279	Staphylococcus	genus
46126	species	1279	Staphylococcus	genus
46125	species	46123	Abiotrophia	genus
46124	species	117563	Granulicatella	genus
46123	genus	186827	Aerococcaceae	family
460870	species	2767879	Companilactobacillus	genus
460384	species	2719313	Enterocloster	genus
460265	strain	114616	Methylobacterium nodulans	species
460086	species	182639	Kribbella	genus
460073	genus	563835	Chitinophagaceae	family
45989	genus	2194	Methanomicrobiaceae	family
459858	species	1763	Mycobacterium	genus
459816	species	33882	Microbacterium	genus
45979	species	1817	Nocardia	genus
459786	genus	216572	Oscillospiraceae	family
45972	species	1279	Staphylococcus	genus
459527	species	456492	Saccharibacillus	genus
459526	species	237	Flavobacterium	genus
459515	species	53460	Nakamurella	genus
459471	species	237	Flavobacterium	genus
459424	strain	261524	Mycobacterium liflandii	species
459349	strain	456827	Candidatus Cloacimonas acidaminovorans	species
459347	species	648800	Solibacillus	genus
458839	genus	85016	Cellulomonadaceae	family
458817	strain	271098	Shewanella halifaxensis	species
45851	species	830	Butyrivibrio	genus
458253	species	33042	Coprococcus	genus
458234	strain	263	Francisella tularensis	species
458233	strain	69966	Macrococcoides caseolyticum	species
458197	species	613	Serratia	genus
458033	species	458032	Chloracidobacterium	genus
457975	species	1386	Bacillus	genus
457974	species	1386	Bacillus	genus
457933	genus	2690195	Elioraeaceae	family
457575	species	1146865	Rivibacter	genus
457570	strain	375929	Natranaerobius thermophilus	species
457428	strain	1916	Streptomyces lividans	species
457427	strain	998084	Streptomyces himastatinicus	species
457425	strain	1888	Streptomyces albus	species
457423	strain	1867	Actinoplanes teichomyceticus	species
457416	species	29465	Veillonella	genus
457415	species	2753	Synergistes	genus
457412	species	1263	Ruminococcus	genus
457405	strain	76859	Fusobacterium animalis	species
457402	species	1730	Eubacterium	genus
457401	species	561	Escherichia	genus
457398	species	872	Desulfovibrio	genus
457397	species	1485	Clostridium	genus
457396	species	1485	Clostridium	genus
457395	species	816	Bacteroides	genus
457394	species	816	Bacteroides	genus
457393	species	816	Bacteroides	genus
457392	species	816	Bacteroides	genus
457391	species	816	Bacteroides	genus
457390	species	816	Bacteroides	genus
457387	species	816	Bacteroides	genus
457173	species	20	Phenylobacterium	genus
456827	species	456826	Cloacimonas	genus
456826	genus	3039865	Candidatus Cloacimonadaceae	family
45677	species	312063	Azohydromonas	genus
45670	species	45669	Salinicoccus	genus
45669	genus	90964	Staphylococcaceae	family
45668	species	45667	Halobacillus	genus
45667	genus	186817	Bacillaceae	family
45663	species	45662	Desulfohalobium	genus
45662	genus	213117	Desulfohalobiaceae	family
45658	species	662	Vibrio	genus
45654	genus	2931039	Desulfococcaceae	family
4565	species	4564	Triticum	genus
456481	strain	172	Leptospira biflexa	species
456455	species	283785	Bizionia	genus
456442	strain	358766	Methanoregula boonei	species
45634	species	1301	Streptococcus	genus
456327	species	338	Xanthomonas	genus
456320	strain	2188	Methanococcus voltae	species
456299	species	59732	Chryseobacterium	genus
456163	species	270	Thermus	genus
45611	species	497	Psychrobacter	genus
45610	species	497	Psychrobacter	genus
455632	strain	1911	Streptomyces griseus	species
455488	strain	161493	Anaeromyxobacter dehalogenans	species
455434	strain	160	Treponema pallidum	species
455433	genus	3056372	Pelagicoccaceae	family
455432	species	1817	Nocardia	genus
455360	species	526215	Thalassobaculum	genus
455359	species	455358	Balneola	genus
45498	species	209	Helicobacter	genus
45497	species	2794837	Schnuerera	genus
45496	species	40222	Methylophaga	genus
45495	species	40222	Methylophaga	genus
45465	species	57739	Vogesella	genus
45462	species	55080	Brevibacillus	genus
454602	species	630749	Spongiibacter	genus
454601	species	623276	Maritalea	genus
454600	species	649462	Gracilimonas	genus
454586	species	84567	Pedobacter	genus
454282	species	2867	Peridinium	genus
454171	species	1077265	Chthonomonas	genus
454169	strain	28901	Salmonella enterica	species
454166	strain	28901	Salmonella enterica	species
454162	species	454159	Kiloniella	genus
454155	species	577309	Paraprevotella	genus
454154	species	577309	Paraprevotella	genus
454135	strain	54311	Spirulina subsalsa	species
45402	genus	335928	Xanthobacteraceae	family
454006	species	2782229	Epilithonimonas	genus
453962	species	2745	Halomonas	genus
453959	species	1350	Enterococcus	genus
453852	species	379068	Galbibacter	genus
453851	species	453849	Henriciella	genus
453848	species	56688	Halorubrum	genus
453846	species	13687	Sphingomonas	genus
453843	species	84567	Pedobacter	genus
453835	species	111142	Alishewanella	genus
453816	species	2862745	Pseudobdellovibrio	genus
45363	species	2895509	Metamycoplasma	genus
45361	species	2923352	Mesomycoplasma	genus
453591	strain	160233	Ignicoccus hospitalis	species
453304	species	33877	Agromyces	genus
453230	species	453229	Desulfarculus	genus
453229	genus	453228	Desulfarculaceae	family
453161	genus	90627	Gallionellaceae	family
452982	species	125216	Roseomonas	genus
452863	strain	85085	Pseudarthrobacter chlorophenolicus	species
452680	species	286	Pseudomonas	genus
452662	strain	332055	Sphingobium indicum	species
452659	strain	783	Rickettsia rickettsii	species
452652	strain	2066	Kitasatospora setae	species
452638	strain	576610	Polynucleobacter necessarius	species
452637	strain	107709	Opitutus terrae	species
452627	species	515417	Amphritea	genus
452623	species	255204	Pseudoclavibacter	genus
45254	species	156973	Dysgonomonas	genus
45248	species	45247	Leucothrix	genus
452471	strain	281120	Candidatus Amoebophilus asiaticus	species
45247	genus	135617	Thiotrichaceae	family
45243	species	1016	Capnocytophaga	genus
45242	species	1016	Capnocytophaga	genus
451807	species	33882	Microbacterium	genus
451764	species	33882	Microbacterium	genus
451757	strain	1502	Clostridium perfringens	species
451644	species	1866885	Mycolicibacterium	genus
451640	strain	100886	Catenibacterium mitsuokai	species
451638	strain	301302	Roseburia faecis	species
451512	genus	543	Enterobacteriaceae	family
451457	species	1357	Lactococcus	genus
451374	species	451373	Rudanella	genus
451	species	445	Legionella	genus
450851	strain	284016	Phenylobacterium zucineum	species
45075	species	445	Legionella	genus
450749	species	29465	Veillonella	genus
450748	species	1743	Propionibacterium	genus
450746	species	100883	Coprobacillus	genus
450396	strain	33069	Pseudomonas viridiflava	species
450380	species	33882	Microbacterium	genus
450378	species	1295327	Croceicoccus	genus
450367	species	2675229	Peribacillus	genus
450	species	445	Legionella	genus
449972	genus	69277	Phyllobacteriaceae	family
449673	strain	46506	Bacteroides stercoris	species
449659	species	2767887	Ligilactobacillus	genus
449447	strain	1126	Microcystis aeruginosa	species
44937	genus	135617	Thiotrichaceae	family
44935	species	2745	Halomonas	genus
44933	species	2745	Halomonas	genus
449313	species	872	Desulfovibrio	genus
449305	species	2289	Desulfobacter	genus
449304	species	2289	Desulfobacter	genus
44930	species	2256	Natronobacterium	genus
449216	strain	782	Rickettsia prowazekii	species
449	species	445	Legionella	genus
448385	strain	56	Sorangium cellulosum	species
448176	genus	31957	Propionibacteriaceae	family
447716	strain	264691	Trichormus variabilis	species
447679	species	447678	Ekhidna	genus
447588	species	73029	Dechloromonas	genus
44757	genus	1643685	Borreliaceae	family
44753	species	2060	Tsukamurella	genus
44752	species	1827	Rhodococcus	genus
44750	species	1716	Corynebacterium	genus
44748	genus	216572	Oscillospiraceae	family
447471	species	447467	Simiduia	genus
44742	species	872	Desulfovibrio	genus
447266	species	299566	Adhaeribacter	genus
447237	genus	85023	Microbacteriaceae	family
447217	species	161492	Anaeromyxobacter	genus
447106	species	171	Leptospira	genus
447032	species	1663	Arthrobacter	genus
446860	species	57493	Kocuria	genus
44676	species	44675	Geothrix	genus
44675	genus	574976	Holophagaceae	family
44674	species	57665	Sulfurospirillum	genus
446692	species	434	Acetobacter	genus
446683	species	379899	Niabella	genus
446681	species	446680	Eudoraea	genus
446660	species	447020	Adlercreutzia	genus
446471	strain	186189	Xylanimonas cellulosilytica	species
446470	strain	283811	Stackebrandtia nassauensis	species
446469	strain	60920	Sanguibacter keddieii	species
446468	strain	2014	Nocardiopsis dassonvillei	species
446466	strain	1711	Cellulomonas flavigena	species
446465	strain	43669	Brachybacterium faecium	species
446462	strain	40567	Actinosynnema mirum	species
446370	species	44249	Paenibacillus	genus
446043	species	28050	Lachnospira	genus
446	species	445	Legionella	genus
445985	strain	139	Borreliella burgdorferi	species
445975	strain	147206	Collinsella stercoris	species
445974	strain	1547	Thomasclavelia ramosa	species
445973	strain	261299	Intestinibacter bartlettii	species
445972	strain	169435	Anaerotruncus colihominis	species
445971	strain	214853	Anaerofustis stercorihominis	species
445970	strain	28117	Alistipes putredinis	species
445961	species	59732	Chryseobacterium	genus
445960	species	59732	Chryseobacterium	genus
445932	strain	423605	Elusimicrobium minutum	species
445930	species	1069494	Trueperella	genus
44577	species	914	Nitrosomonas	genus
44574	species	914	Nitrosomonas	genus
445710	species	231454	Dyella	genus
445709	species	93217	Pandoraea	genus
445576	species	1847	Pseudonocardia	genus
445220	species	445219	Reyranella	genus
445219	genus	2844375	Reyranellaceae	family
445211	species	59732	Chryseobacterium	genus
445	genus	444	Legionellaceae	family
444922	species	67572	Psychromonas	genus
44471	genus	1892252	Microcoleaceae	family
44470	species	29287	Natronococcus	genus
444612	species	780	Rickettsia	genus
444608	species	1195526	Gryllotalpicola	genus
444597	species	1866885	Mycolicibacterium	genus
444515	species	252356	Maribacter	genus
44449	species	138	Borrelia	genus
444466	species	1883	Streptomyces	genus
444463	species	2077	Sporolactobacillus	genus
444461	strain	1121084	Heyndrickxia acidiproducens	species
444450	strain	562	Escherichia coli	species
444444	species	28209	Chelatococcus	genus
444440	species	444432	Anderseniella	genus
44442	species	64561	Umbelopsis	genus
444179	strain	336810	Candidatus Karelsulcia muelleri	species
444178	strain	236	Brucella ovis	species
444177	strain	1421	Lysinibacillus sphaericus	species
444163	species	234	Brucella	genus
444158	strain	39152	Methanococcus maripaludis	species
444157	strain	70771	Pyrobaculum neutrophilum	species
444103	species	1883	Streptomyces	genus
443906	strain	28447	Clavibacter michiganensis	species
443613	species	265	Paracoccus	genus
443612	species	237	Flavobacterium	genus
443611	species	75654	Duganella	genus
443598	species	374	Bradyrhizobium	genus
443254	strain	149715	Marinitoga piezophila	species
443218	strain	639313	Hoyosella subflava	species
443152	strain	236100	Marinobacter algicola	species
443150	strain	1773	Mycobacterium tuberculosis	species
443149	strain	1773	Mycobacterium tuberculosis	species
443144	species	28231	Geobacter	genus
443143	species	28231	Geobacter	genus
442869	genus	533207	Acanthopleuribacteraceae	family
442733	species	2907937	Halpernia	genus
442709	species	2756312	Flavimobilis	genus
442694	species	338	Xanthomonas	genus
44262	genus	186822	Paenibacillaceae	family
44261	genus	31979	Clostridiaceae	family
44260	genus	3039168	Moorellaceae	family
44259	genus	3118655	Filifactoraceae	family
44258	genus	31979	Clostridiaceae	family
442563	strain	28025	Bifidobacterium animalis	species
442562	strain	1123067	Rubellimicrobium mesophilum	species
44255	species	374	Bradyrhizobium	genus
44253	species	44249	Paenibacillus	genus
44252	species	44249	Paenibacillus	genus
44251	species	44249	Paenibacillus	genus
44250	species	44249	Paenibacillus	genus
44249	genus	186822	Paenibacillaceae	family
442431	genus	2896860	Spirosomataceae	family
442430	genus	3056371	Coraliomargaritaceae	family
442	species	441	Gluconobacter	genus
441952	strain	263	Francisella tularensis	species
441772	strain	1491	Clostridium botulinum	species
441771	strain	1491	Clostridium botulinum	species
441770	strain	1491	Clostridium botulinum	species
441769	strain	408580	Bacillus coahuilensis	species
441768	strain	2148	Acholeplasma laidlawii	species
441620	strain	223967	Methylorubrum populi	species
441501	species	1716	Corynebacterium	genus
441500	species	1716	Corynebacterium	genus
44139	strain	59405	Thauera aromatica	species
441162	strain	342113	Burkholderia oklahomensis	species
441151	species	44249	Paenibacillus	genus
441	genus	433	Acetobacteraceae	family
440514	species	252356	Maribacter	genus
440497	strain	109790	Lactobacillus jensenii	species
44013	genus	119060	Burkholderiaceae	family
44012	species	44011	Ferrimonas	genus
44011	genus	267892	Ferrimonadaceae	family
44010	species	1763	Mycobacterium	genus
44009	species	1350	Enterococcus	genus
440085	strain	408	Methylorubrum extorquens	species
44008	species	1350	Enterococcus	genus
440079	species	642	Aeromonas	genus
44001	species	44000	Caldicellulosiruptor	genus
44000	genus	3071002	Caldicellulosiruptoraceae	family
44	genus	39	Archangiaceae	family
43997	species	43996	Catonella	genus
43996	genus	186803	Lachnospiraceae	family
43995	species	43994	Johnsonella	genus
43994	genus	186803	Lachnospiraceae	family
43992	species	374	Bradyrhizobium	genus
43990	species	1716	Corynebacterium	genus
43989	strain	2546360	Crocosphaera subtropica	species
43988	genus	1892249	Cyanothecaceae	family
439855	strain	562	Escherichia coli	species
439851	strain	28901	Salmonella enterica	species
439843	strain	28901	Salmonella enterica	species
439703	species	2974251	Segatella	genus
439497	species	97050	Ruegeria	genus
439495	species	258255	Pseudovibrio	genus
439493	species	198251	Pelagibacter	genus
439481	strain	379547	Candidatus Aciduliprofundum boonei	species
43948	species	43947	Tolumonas	genus
439476	species	2507944	Heteroscytonema	genus
43947	genus	84642	Aeromonadaceae	family
439386	strain	43080	Sulfolobus islandicus	species
439375	strain	529	Brucella anthropi	species
439312	species	4830	Mucor	genus
439292	strain	85683	Salisediminibacterium selenitireducens	species
43927	genus	1963271	Halorubraceae	family
43925	species	5748	Nannochloropsis	genus
439235	strain	259354	Desulfatibacillum alkenivorans	species
439220	species	1301	Streptococcus	genus
439219	species	1301	Streptococcus	genus
438753	strain	7	Azorhizobium caulinodans	species
438	species	434	Acetobacter	genus
437898	species	40544	Sutterella	genus
437897	species	158846	Megamonas	genus
43776	species	2237	Haloarcula	genus
437755	genus	186803	Lachnospiraceae	family
43773	genus	213468	Syntrophaceae	family
43772	species	1827	Rhodococcus	genus
43771	species	1716	Corynebacterium	genus
43770	species	1716	Corynebacterium	genus
43769	species	1716	Corynebacterium	genus
437687	species	234	Brucella	genus
437685	species	234	Brucella	genus
437684	species	234	Brucella	genus
43768	species	1716	Corynebacterium	genus
437671	species	234	Brucella	genus
437670	species	234	Brucella	genus
43767	species	2979332	Prescottella	genus
437663	species	234	Brucella	genus
43765	species	1716	Corynebacterium	genus
437551	species	1386	Bacillus	genus
437540	species	1386	Bacillus	genus
437529	strain	1123352	Tepidimicrobium xylanilyticum	species
437507	species	437506	Robiginitomaculum	genus
437163	species	203135	Halomicrobium	genus
437	species	34000	Acidomonas	genus
43687	species	41980	Metallosphaera	genus
43678	species	162491	Oerskovia	genus
43676	genus	85017	Promicromonosporaceae	family
43675	species	32207	Rothia	genus
43674	species	43673	Jonesia	genus
43673	genus	85022	Jonesiaceae	family
436717	strain	1148157	Acinetobacter oleivorans	species
43671	species	458839	Actinotalea	genus
43670	species	1707	Cellulomonas	genus
43669	species	43668	Brachybacterium	genus
43668	genus	85020	Dermabacteraceae	family
43667	species	1742989	Glutamicibacter	genus
43666	species	1742990	Paeniglutamicibacter	genus
43665	species	1742992	Paenarthrobacter	genus
43664	species	1742992	Paenarthrobacter	genus
43663	species	1742992	Paenarthrobacter	genus
43662	species	53246	Pseudoalteromonas	genus
43661	species	22	Shewanella	genus
43660	species	53246	Pseudoalteromonas	genus
43659	species	53246	Pseudoalteromonas	genus
43658	species	53246	Pseudoalteromonas	genus
43657	species	53246	Pseudoalteromonas	genus
43656	species	53246	Pseudoalteromonas	genus
43655	species	53246	Pseudoalteromonas	genus
436515	species	34072	Variovorax	genus
436308	strain	338192	Nitrosopumilus maritimus	species
43617	species	68287	Mesorhizobium	genus
436114	species	212790	Sulfurihydrogenibium	genus
436	species	2919364	Novacetimonas	genus
435998	strain	615	Serratia marcescens	species
43595	species	2330	Halanaerobium	genus
435910	species	1649295	Franconibacter	genus
435909	species	45667	Halobacillus	genus
435907	species	2742	Marinobacter	genus
435897	species	68	Lysobacter	genus
435842	species	1301	Streptococcus	genus
435837	strain	1290	Staphylococcus hominis	species
435597	species	1386	Bacillus	genus
435596	species	1386	Bacillus	genus
435595	species	1386	Bacillus	genus
435591	strain	823	Parabacteroides distasonis	species
435590	strain	821	Phocaeicola vulgatus	species
435	species	434	Acetobacter	genus
434924	strain	777	Coxiella burnetii	species
434923	strain	777	Coxiella burnetii	species
434922	strain	777	Coxiella burnetii	species
434271	strain	715	Actinobacillus pleuropneumoniae	species
434131	strain	950	Neorickettsia risticii	species
434	genus	433	Acetobacteraceae	family
433924	species	433923	Pseudacidovorax	genus
433840	species	433838	Pseudoxanthobacter	genus
433660	species	1839	Nocardioides	genus
433647	species	2906433	Terrimesophilobacter	genus
433613	species	125216	Roseomonas	genus
43356	genus	2070	Pseudonocardiaceae	family
43355	species	130795	Crossiella	genus
43354	species	142577	Prauserella	genus
43348	species	1763	Mycobacterium	genus
433330	species	1085622	Propioniciclava	genus
433323	species	1637744	Aminicella	genus
433279	species	1890291	Falcatimonas	genus
43306	species	2901189	Halopseudomonas	genus
43305	species	830	Butyrivibrio	genus
43304	species	1866885	Mycolicibacterium	genus
43263	species	286	Pseudomonas	genus
432607	species	1386	Bacillus	genus
432329	species	1298	Deinococcus	genus
431947	strain	837	Porphyromonas gingivalis	species
431946	strain	562	Escherichia coli	species
431944	strain	55518	Magnetospirillum gryphiswaldense	species
431943	strain	1534	Clostridium kluyveri	species
431776	species	662	Vibrio	genus
431596	species	44249	Paenibacillus	genus
431554	species	107	Spirosoma	genus
431553	species	107	Spirosoma	genus
431489	species	577469	Demequina	genus
43143	species	41273	Tissierella	genus
431273	species	2767886	Levilactobacillus	genus
430914	species	146825	Halorhabdus	genus
43080	species	2284	Sulfolobus	genus
43064	species	82802	Trichococcus	genus
430618	species	81416	Methanofollis	genus
43057	species	1653176	Cereibacter	genus
430522	species	84567	Pedobacter	genus
430457	species	404432	Salinicola	genus
430066	strain	235	Brucella abortus	species
43	species	42	Cystobacter	genus
429572	strain	43080	Sulfolobus islandicus	species
429134	species	13687	Sphingomonas	genus
429133	species	88138	Modestobacter	genus
42906	species	613	Serratia	genus
429014	genus	2886822	Desulfocapsaceae	family
429009	strain	42838	Ammonifex degensii	species
429	genus	403	Methylococcaceae	family
428994	species	165695	Sphingobium	genus
428988	species	237	Flavobacterium	genus
42879	species	2184	Methanococcus	genus
428712	species	428711	Jonquetella	genus
42862	species	780	Rickettsia	genus
42858	species	2803850	Mammaliicoccus	genus
428406	strain	329	Ralstonia pickettii	species
42838	species	42837	Ammonifex	genus
42837	genus	186814	Thermoanaerobacteraceae	family
42817	species	1716	Corynebacterium	genus
428128	strain	39492	[Eubacterium] siraeum	species
428127	strain	31971	Amedibacillus dolichus	species
428126	strain	29348	Thomasclavelia spiroformis	species
428125	strain	1535	[Clostridium] leptum	species
428031	species	58050	Moritella	genus
428	species	425	Methylosinus	genus
427926	species	427925	Dethiobacter	genus
427925	genus	3086088	Dethiobacteraceae	family
427923	species	427922	Desulfurivibrio	genus
427922	genus	213121	Desulfobulbaceae	family
427919	species	64968	Marinospirillum	genus
42777	species	2060	Tsukamurella	genus
427754	species	427753	Humibacter	genus
427753	genus	85023	Microbacteriaceae	family
427318	strain	43080	Sulfolobus islandicus	species
427317	strain	43080	Sulfolobus islandicus	species
427146	species	109326	Anaerovorax	genus
427140	strain	1245	Leuconostoc mesenteroides	species
427078	species	427077	Salsuginibacillus	genus
427072	species	2005375	Alkalicoccus	genus
42684	species	1883	Streptomyces	genus
426623	species	49237	Chaetoceros	genus
426481	species	104267	Tenacibaculum	genus
426430	strain	1280	Staphylococcus aureus	species
426421	species	504481	Sediminibacterium	genus
426368	strain	39152	Methanococcus maripaludis	species
426355	strain	31998	Methylobacterium radiotolerans	species
426226	species	237	Flavobacterium	genus
426118	strain	43080	Sulfolobus islandicus	species
426117	species	407	Methylobacterium	genus
426114	species	32012	Thiomonas	genus
426113	species	168934	Thalassospira	genus
426	species	425	Methylosinus	genus
425944	strain	43080	Sulfolobus islandicus	species
425941	species	2974257	Hoylesella	genus
425804	species	27939	Gloeodinium	genus
42566	species	2745	Halomonas	genus
42565	species	2745	Halomonas	genus
425514	species	84567	Pedobacter	genus
425513	species	84567	Pedobacter	genus
425512	species	84567	Pedobacter	genus
425511	species	84567	Pedobacter	genus
425498	species	261827	Algibacter	genus
425104	strain	271097	Shewanella sediminis	species
425	genus	31993	Methylocystaceae	family
424800	species	13687	Sphingomonas	genus
424539	species	2922897	Ruttnera	genus
424488	species	468938	Cerasicoccus	genus
42447	genus	1491775	Proteinivoraceae	family
42444	species	367771	Marinovum	genus
42443	species	2433	Roseobacter	genus
42422	species	42417	Halobacteroides	genus
424182	species	379	Rhizobium	genus
42418	genus	53434	Halobacteroidaceae	family
42417	genus	53434	Halobacteroidaceae	family
423605	species	423604	Elusimicrobium	genus
423604	genus	641876	Elusimicrobiaceae	family
42354	species	914	Nitrosomonas	genus
423368	strain	28901	Salmonella enterica	species
423351	species	423349	Mucilaginibacter	genus
42322	species	1730	Eubacterium	genus
423212	strain	446	Legionella pneumophila	species
423211	strain	1307	Streptococcus suis	species
42256	species	42255	Rubrobacter	genus
42255	genus	84997	Rubrobacteraceae	family
42253	species	1234	Nitrospira	genus
422442	species	53355	Terrabacter	genus
422440	genus	481	Neisseriaceae	family
42238	species	1883	Streptomyces	genus
42236	species	1883	Streptomyces	genus
42235	species	1883	Streptomyces	genus
42234	species	1883	Streptomyces	genus
42232	genus	28056	Micromonosporaceae	family
422296	strain	1121252	Cucumibacter marinus	species
42197	species	40566	Actinosynnema	genus
421629	species	85108	Halorhodospira	genus
421531	species	59732	Chryseobacterium	genus
421530	species	2782229	Epilithonimonas	genus
421528	species	59732	Chryseobacterium	genus
421525	species	2782231	Kaistella	genus
421058	species	59732	Chryseobacterium	genus
421052	strain	632955	Acinetobacter rudis	species
421	species	416	Methylomonas	genus
420998	species	188905	Jannaschia	genus
420994	species	165695	Sphingobium	genus
420952	species	1822464	Paraburkholderia	genus
420950	species	2220	Methanolobus	genus
420890	strain	1363	Lactococcus garvieae	species
420889	strain	1363	Lactococcus garvieae	species
420662	strain	105560	Methylibium petroleiphilum	species
420645	species	1578	Lactobacillus	genus
42054	genus	28256	Halomonadaceae	family
420404	species	2782229	Epilithonimonas	genus
420402	species	48075	Marinobacterium	genus
420387	species	44249	Paenibacillus	genus
420247	strain	2173	Methanobrevibacter smithii	species
420246	strain	33940	Geobacillus thermodenitrificans	species
42	genus	39	Archangiaceae	family
41997	species	1350	Enterococcus	genus
419947	strain	1773	Mycobacterium tuberculosis	species
419942	strain	43080	Sulfolobus islandicus	species
41988	species	69578	Cryobacterium	genus
41986	species	33877	Agromyces	genus
41985	species	33877	Agromyces	genus
41980	genus	118883	Sulfolobaceae	family
41977	species	2891322	Parazoarcus	genus
41976	species	836	Porphyromonas	genus
419665	strain	42879	Methanococcus aeolicus	species
419610	strain	408	Methylorubrum extorquens	species
41950	species	41949	Microthrix	genus
41949	genus	1798913	Microthrixaceae	family
419475	species	234	Brucella	genus
419474	species	234	Brucella	genus
419257	species	629	Yersinia	genus
419208	species	29465	Veillonella	genus
419186	species	88723	Natrinema	genus
419015	species	419014	Alloscardovia	genus
419014	genus	31953	Bifidobacteriaceae	family
419007	species	82986	Tatumella	genus
419005	species	838	Prevotella	genus
41899	species	32008	Burkholderia	genus
41888	species	3164	Tetraselmis	genus
418759	species	1835	Saccharopolyspora	genus
418756	species	45669	Salinicoccus	genus
418719	species	2742	Marinobacter	genus
418702	species	146936	Azonexus	genus
418699	species	12960	Azoarcus	genus
418453	genus	186814	Thermoanaerobacteraceae	family
41833	species	64561	Umbelopsis	genus
418240	species	572511	Blautia	genus
418223	species	407	Methylobacterium	genus
418216	species	1578	Lactobacillus	genus
418215	species	1578	Lactobacillus	genus
418214	species	1578	Lactobacillus	genus
418213	species	1578	Lactobacillus	genus
418211	species	1578	Lactobacillus	genus
418210	species	1578	Lactobacillus	genus
418202	species	1578	Lactobacillus	genus
418200	species	1578	Lactobacillus	genus
418198	species	1578	Lactobacillus	genus
418192	species	1578	Lactobacillus	genus
418136	strain	263	Francisella tularensis	species
418127	strain	1280	Staphylococcus aureus	species
417948	species	1696	Brevibacterium	genus
417745	species	323620	Shinella	genus
417373	species	2742598	Limosilactobacillus	genus
417203	species	2571159	Mycetohabitans	genus
41707	genus	194924	Desulfovibrionaceae	family
416943	species	1822464	Paraburkholderia	genus
416874	species	2745	Halomonas	genus
416873	species	2745	Halomonas	genus
416872	species	2745	Halomonas	genus
416870	strain	1359	Lactococcus cremoris	species
41674	genus	118883	Sulfolobaceae	family
416591	strain	177758	Pseudothermotoga lettingae	species
416586	species	970	Selenomonas	genus
416585	species	56688	Halorubrum	genus
416568	species	2040	Aeromicrobium	genus
416348	strain	2247	Halorubrum lacusprofundi	species
416344	species	32008	Burkholderia	genus
416276	strain	35791	Rickettsia massiliae	species
416273	species	63743	Natronomonas	genus
416269	strain	715	Actinobacillus pleuropneumoniae	species
416169	species	75309	Rhodanobacter	genus
416017	species	182639	Kribbella	genus
416016	species	237	Flavobacterium	genus
416012	species	44249	Paenibacillus	genus
416001	species	1120752	Nodosilinea	genus
416	genus	403	Methylococcaceae	family
415996	species	323620	Shinella	genus
415851	species	59732	Chryseobacterium	genus
415721	species	1883	Streptomyces	genus
415426	strain	54248	Hyperthermus butylicus	species
415425	species	237	Flavobacterium	genus
415229	species	83618	Pseudoxanthomonas	genus
415210	species	33882	Microbacterium	genus
415209	species	33882	Microbacterium	genus
415015	species	415014	Proteiniborus	genus
415	species	429	Methylobacter	genus
414996	species	1849	Actinopolyspora	genus
414878	genus	414877	Catenulisporaceae	family
414778	species	1372	Planococcus	genus
414771	species	44249	Paenibacillus	genus
414750	species	2023	Thermoactinomyces	genus
414684	strain	34018	Rhodospirillum centenum	species
41431	strain	2546366	Rippkaea orientalis	species
414048	species	84567	Pedobacter	genus
414004	strain	46770	Cenarchaeum symbiosum	species
414	species	413	Methylococcus	genus
413999	strain	1491	Clostridium botulinum	species
413997	strain	562	Escherichia coli	species
413889	species	44000	Caldicellulosiruptor	genus
413888	species	44000	Caldicellulosiruptor	genus
413882	species	196013	Caldimonas	genus
413812	species	29287	Natronococcus	genus
413810	species	332246	Halalkalicoccus	genus
413712	species	13687	Sphingomonas	genus
413503	species	413496	Cronobacter	genus
413502	species	413496	Cronobacter	genus
413501	species	413496	Cronobacter	genus
413497	species	413496	Cronobacter	genus
413404	strain	386487	Candidatus Ruthturnera calyptogenae	species
413403	species	662	Vibrio	genus
413402	species	662	Vibrio	genus
413401	species	662	Vibrio	genus
413388	species	1386	Bacillus	genus
413232	species	3020832	Alloalcanivorax	genus
413	genus	403	Methylococcaceae	family
412965	species	2732587	Candidatus Vesicomyosocius	genus
412963	species	2571159	Mycetohabitans	genus
412895	species	2916693	Desulforamulus	genus
412861	species	44249	Paenibacillus	genus
41276	species	41275	Brevundimonas	genus
41275	genus	76892	Caulobacteraceae	family
41273	genus	1737406	Tissierellaceae	family
412694	strain	1428	Bacillus thuringiensis	species
412690	species	518733	Microterricola	genus
412687	species	53357	Intrasporangium	genus
412448	species	28453	Sphingobacterium	genus
412438	species	59732	Chryseobacterium	genus
412419	strain	40834	Borrelia duttonii	species
412418	strain	44449	Borrelia recurrentis	species
412022	strain	13373	Burkholderia mallei	species
41202	species	41201	Ewingella	genus
41201	genus	1903411	Yersiniaceae	family
411966	strain	1184	Leptolyngbya boryana	species
411922	species	2375	Sporomusa	genus
411903	strain	74426	Collinsella aerofaciens	species
411902	strain	208479	Enterocloster bolteae	species
411901	strain	47678	Bacteroides caccae	species
41170	species	33986	Exiguobacterium	genus
411684	strain	244596	Hoeflea phototrophica	species
411555	strain	29518	Borreliella afzelii	species
411490	strain	105841	Anaerostipes caccae	species
411489	species	1485	Clostridium	genus
411486	species	1485	Clostridium	genus
411485	strain	853	Faecalibacterium prausnitzii	species
411483	species	216851	Faecalibacterium	genus
411479	strain	820	Bacteroides uniformis	species
411477	strain	46503	Parabacteroides merdae	species
411476	strain	28116	Bacteroides ovatus	species
411475	strain	292800	Flavonifractor plautii	species
411474	strain	33043	Coprococcus eutactus	species
411473	strain	40519	Ruminococcus callidus	species
411472	strain	1512	[Clostridium] symbiosum	species
411471	strain	214851	Subdoligranulum variabile	species
411470	strain	33038	Mediterraneibacter gnavus	species
411469	strain	39488	Anaerobutyricum hallii	species
411468	strain	29347	[Clostridium] scindens	species
411467	strain	106588	Pseudoflavonifractor capillosus	species
411466	strain	1660	Schaalia odontolytica	species
411465	strain	33033	Parvimonas micra	species
411464	strain	901	Desulfovibrio piger	species
411463	strain	39496	Eubacterium ventriosum	species
411462	strain	88431	Dorea longicatena	species
411461	strain	39486	Dorea formicigenerans	species
411460	strain	33039	[Ruminococcus] torques	species
411459	strain	40520	Blautia obeum	species
411361	species	60846	Halogeometricum	genus
411154	strain	411153	Christiangramia forsetii	species
411153	species	292691	Christiangramia	genus
410359	strain	181486	Pyrobaculum calidifontis	species
410358	strain	83984	Methanocorpusculum labreanum	species
410332	species	2053	Gordonia	genus
410289	strain	1773	Mycobacterium tuberculosis	species
410072	species	33042	Coprococcus	genus
410	species	407	Methylobacterium	genus
41	species	40	Stigmatella	genus
409978	species	292486	Avibacterium	genus
40990	species	1851	Saccharomonospora	genus
40989	species	1851	Saccharomonospora	genus
40988	species	1851	Saccharomonospora	genus
409438	strain	562	Escherichia coli	species
409322	species	157	Treponema	genus
409316	species	56688	Halorubrum	genus
40840	genus	909930	Acidaminococcaceae	family
40834	species	138	Borrelia	genus
408139	species	171	Leptospira	genus
408074	species	79328	Chitinophaga	genus
408015	species	1883	Streptomyces	genus
408	species	2282523	Methylorubrum	genus
407976	strain	62322	Shewanella baltica	species
407975	species	2974257	Hoylesella	genus
407844	species	365032	Aureispira	genus
40754	species	40751	Thioploca	genus
40752	species	40751	Thioploca	genus
40751	genus	135617	Thiotrichaceae	family
407234	species	2918791	Phaeovulum	genus
407232	species	1485	Clostridium	genus
407152	species	234	Brucella	genus
407148	strain	197	Campylobacter jejuni	species
407036	species	482460	Sediminibacillus	genus
407035	species	45669	Salinicoccus	genus
407020	species	165695	Sphingobium	genus
407	genus	119045	Methylobacteriaceae	family
406984	strain	83558	Chlamydia pneumoniae	species
40683	species	13687	Sphingomonas	genus
40682	species	13687	Sphingomonas	genus
406819	species	32008	Burkholderia	genus
406818	strain	40576	Xenorhabdus bovienii	species
406817	strain	628	Xenorhabdus nematophila	species
40681	species	13687	Sphingomonas	genus
406802	species	1485	Clostridium	genus
406552	species	88723	Natrinema	genus
406431	species	1988	Actinomadura	genus
406425	strain	2978683	Burkholderia orbicola	species
406341	species	85413	Bosea	genus
406327	strain	2187	Methanococcus vannielii	species
406100	species	406099	Aquisalimonas	genus
405955	strain	562	Escherichia coli	species
405948	strain	1836	Saccharopolyspora erythraea	species
405946	species	182709	Oceanobacillus	genus
40578	species	626	Xenorhabdus	genus
40577	species	626	Xenorhabdus	genus
40576	species	626	Xenorhabdus	genus
405746	species	191028	Leisingera	genus
40571	species	165301	Lentzea	genus
40567	species	40566	Actinosynnema	genus
40566	genus	2070	Pseudonocardiaceae	family
40561	species	349	Zoogloea	genus
405566	strain	1587	Lactobacillus helveticus	species
405552	genus	83676	Nocardiopsaceae	family
405535	strain	1396	Bacillus cereus	species
405534	strain	1396	Bacillus cereus	species
405532	strain	1396	Bacillus cereus	species
405531	strain	1396	Bacillus cereus	species
40545	species	40544	Sutterella	genus
405446	species	40323	Stenotrophomonas	genus
405441	strain	2371	Xylella fastidiosa	species
405440	strain	2371	Xylella fastidiosa	species
40544	genus	995019	Sutterellaceae	family
40542	species	32067	Leptotrichia	genus
405416	strain	470	Acinetobacter baumannii	species
405212	species	29330	Alicyclobacillus	genus
40520	species	572511	Blautia	genus
40519	species	1263	Ruminococcus	genus
40518	species	1263	Ruminococcus	genus
40516	species	2053	Gordonia	genus
405	species	404	Methylobacillus	genus
404938	species	270	Thermus	genus
404900	species	489140	Geminicoccus	genus
404881	species	1097466	Defluviimonas	genus
404589	species	161492	Anaeromyxobacter	genus
404580	species	1817	Nocardia	genus
404432	genus	28256	Halomonadaceae	family
404386	species	83681	Nonomuraea	genus
404385	species	83681	Nonomuraea	genus
404380	strain	225194	Citrifermentans bemidjiense	species
404366	species	33882	Microbacterium	genus
404236	species	404235	Maritimibacter	genus
404235	genus	2854170	Roseobacteraceae	family
40413	genus	2886822	Desulfocapsaceae	family
404011	species	22	Shewanella	genus
404	genus	32011	Methylophilaceae	family
403962	species	191	Azospirillum	genus
403960	species	84406	Virgibacillus	genus
403959	species	84406	Virgibacillus	genus
403957	species	84406	Virgibacillus	genus
403955	species	84406	Virgibacillus	genus
403951	species	84406	Virgibacillus	genus
403833	strain	69499	Petrotoga mobilis	species
40373	species	469	Acinetobacter	genus
403638	species	1865	Actinoplanes	genus
40324	species	40323	Stenotrophomonas	genus
40323	genus	32033	Xanthomonadaceae	family
403191	species	2251	Haloferax	genus
403181	species	2251	Haloferax	genus
402882	strain	62322	Shewanella baltica	species
402881	strain	256618	Parvibaculum lavamentivorans	species
402880	strain	39152	Methanococcus maripaludis	species
402777	strain	331992	Kamptonema formosum	species
402734	species	237	Flavobacterium	genus
40269	species	511678	Aliivibrio	genus
402650	species	402649	Actinomycetospora	genus
402649	genus	2070	Pseudonocardiaceae	family
402626	strain	329	Ralstonia pickettii	species
402612	strain	96345	Flavobacterium psychrophilum	species
402395	species	3028	Chroomonas	genus
402385	species	504090	Kushneria	genus
402384	species	45667	Halobacillus	genus
402289	species	1827	Rhodococcus	genus
40223	species	40222	Methylophaga	genus
40222	genus	135616	Piscirickettsiaceae	family
402170	genus	85021	Intrasporangiaceae	family
40216	species	469	Acinetobacter	genus
40215	species	469	Acinetobacter	genus
40214	species	469	Acinetobacter	genus
401638	species	44249	Paenibacillus	genus
401619	species	401618	Riesia	genus
401614	strain	263	Francisella tularensis	species
401562	species	414371	Aureimonas	genus
401558	species	1298	Deinococcus	genus
401526	strain	261685	Thermosinus carboxydivorans	species
401473	strain	1689	Bifidobacterium dentium	species
401472	species	1716	Corynebacterium	genus
401471	species	401469	Undibacterium	genus
401470	species	401469	Undibacterium	genus
40137	species	1033	Afipia	genus
40118	genus	189779	Nitrospiraceae	family
401053	strain	870903	Terriglobus saanensis	species
400948	species	400947	Deefgea	genus
400946	species	582472	Wohlfahrtiimonas	genus
40091	species	31983	Helcococcus	genus
400777	species	44249	Paenibacillus	genus
400774	species	1839	Nocardioides	genus
400673	strain	446	Legionella pneumophila	species
400668	species	28253	Marinomonas	genus
400667	strain	470	Acinetobacter baumannii	species
400390	species	265980	Alkalimonas	genus
400092	species	323449	Pontibacter	genus
400091	species	89966	Hymenobacter	genus
400065	species	1301	Streptococcus	genus
40	genus	39	Archangiaceae	family
399969	species	82986	Tatumella	genus
399804	strain	24	Shewanella putrefaciens	species
399742	species	547	Enterobacter	genus
399741	strain	28151	Serratia proteamaculans	species
399739	strain	300	Pseudomonas mendocina	species
399726	species	1754	Thermoanaerobacter	genus
39960	species	1041	Erythrobacter	genus
399599	strain	62322	Shewanella baltica	species
39956	species	407	Methylobacterium	genus
399550	strain	2280	Staphylothermus marinus	species
399549	strain	43687	Metallosphaera sedula	species
39950	species	39948	Dialister	genus
399497	species	72763	Tessaracoccus	genus
39948	genus	31977	Veillonellaceae	family
399	species	1525371	Neorhizobium	genus
398843	species	1827	Rhodococcus	genus
398767	strain	313985	Trichlorobacter lovleyi	species
398743	species	417127	Zunongwangia	genus
398626	species	209	Helicobacter	genus
398580	strain	215813	Dinoroseobacter shibae	species
398579	strain	70864	Shewanella pealeana	species
398578	strain	80866	Delftia acidovorans	species
398577	strain	152480	Burkholderia ambifaria	species
398527	strain	261302	Paraburkholderia phytofirmans	species
398525	strain	29448	Bradyrhizobium elkanii	species
398524	strain	29448	Bradyrhizobium elkanii	species
398518	strain	103855	Bordetella hinzii	species
398515	strain	1681	Bifidobacterium bifidum	species
398514	strain	1681	Bifidobacterium bifidum	species
398512	strain	35825	Pseudobacteroides cellulosolvens	species
398511	strain	79885	Alkalihalophilus pseudofirmus	species
39845	genus	2070	Pseudonocardiaceae	family
39844	species	68287	Mesorhizobium	genus
39840	genus	213465	Syntrophobacteraceae	family
398257	species	83614	Luteimonas	genus
398199	species	1155385	Proteiniclasticum	genus
398041	genus	563835	Chitinophagaceae	family
398039	species	79328	Chitinophaga	genus
398037	species	460073	Segetibacter	genus
398	species	379	Rhizobium	genus
397948	strain	76887	Caldivirga maquilingensis	species
397945	strain	80869	Paracidovorax citrulli	species
39791	species	1716	Corynebacterium	genus
397864	genus	2005519	Barnesiellaceae	family
39778	species	29465	Veillonella	genus
39777	species	29465	Veillonella	genus
39775	species	39773	Methylomicrobium	genus
39774	species	39773	Methylomicrobium	genus
39773	genus	403	Methylococcaceae	family
39772	species	416	Methylomonas	genus
39771	species	416	Methylomonas	genus
39770	species	429	Methylobacter	genus
39769	species	413	Methylococcus	genus
39768	species	34098	Blattabacterium	genus
39766	species	202746	Sulfurimonas	genus
39765	species	28884	Hydrogenovibrio	genus
397278	species	1839	Nocardioides	genus
397260	species	13687	Sphingomonas	genus
39695	species	1866885	Mycolicibacterium	genus
39694	species	1866885	Mycolicibacterium	genus
39693	species	1866885	Mycolicibacterium	genus
39692	species	1866885	Mycolicibacterium	genus
39691	species	1866885	Mycolicibacterium	genus
39688	species	1866885	Mycolicibacterium	genus
39687	species	1866885	Mycolicibacterium	genus
396811	genus	2762286	Fulvivirgaceae	family
39669	species	196136	Methanosalsum	genus
396595	species	106633	Thioalkalivibrio	genus
396588	strain	1033854	Thioalkalivibrio sulfidiphilus	species
396513	strain	1281	Staphylococcus carnosus	species
39645	species	68287	Mesorhizobium	genus
39643	genus	49	Polyangiaceae	family
396389	species	396388	Aestuariimicrobium	genus
396388	genus	31957	Propionibacteriaceae	family
396323	species	469	Acinetobacter	genus
396320	genus	213119	Desulfobacteraceae	family
396317	species	2237	Haloarcula	genus
396268	species	2742598	Limosilactobacillus	genus
396005	species	940550	Gilvimarinus	genus
396	species	379	Rhizobium	genus
395965	strain	199596	Methylocella silvestris	species
395964	strain	133552	Methylocapsa acidiphila	species
395963	strain	533	Beijerinckia indica	species
395962	strain	2546366	Rippkaea orientalis	species
395961	species	43988	Cyanothece	genus
395960	strain	1076	Rhodopseudomonas palustris	species
395937	species	59732	Chryseobacterium	genus
395936	species	59732	Chryseobacterium	genus
395935	species	59732	Chryseobacterium	genus
395933	species	59732	Chryseobacterium	genus
395922	species	442430	Coraliomargarita	genus
395600	species	286	Pseudomonas	genus
395599	species	286	Pseudomonas	genus
395598	species	286	Pseudomonas	genus
395568	species	1621534	Paraglaciecola	genus
395495	strain	34029	Leptothrix cholodnii	species
395494	strain	370405	Gallionella capsiferriformans	species
395492	strain	384	Rhizobium leguminosarum	species
395491	strain	384	Rhizobium leguminosarum	species
395387	species	2034	Curtobacterium	genus
395331	genus	1198451	Methanoregulaceae	family
395095	strain	1773	Mycobacterium tuberculosis	species
395087	species	3085669	Paenimyroides	genus
395019	strain	87883	Burkholderia multivorans	species
39498	species	1913599	Peptoanaerobacter	genus
394964	species	1716	Corynebacterium	genus
39496	species	1730	Eubacterium	genus
394958	species	1485	Clostridium	genus
39491	species	1766253	Agathobacter	genus
39490	species	1730	Eubacterium	genus
39488	species	2569097	Anaerobutyricum	genus
39487	species	1380	Atopobium	genus
39486	species	189330	Dorea	genus
39485	species	28050	Lachnospira	genus
39483	species	1573534	Faecalitalea	genus
39482	species	2005359	Faecalicatena	genus
394751	species	53246	Pseudoalteromonas	genus
394734	species	1839	Nocardioides	genus
394506	species	394505	Salirhabdus	genus
394505	genus	186817	Bacillaceae	family
394503	strain	1521	Ruminiclostridium cellulolyticum	species
394221	strain	74318	Maricaulis maris	species
394098	species	941338	Bhargavaea	genus
394097	species	40	Stigmatella	genus
394096	species	224455	Hyalangium	genus
394095	species	224458	Pyxidicoccus	genus
394	strain	380	Sinorhizobium fredii	species
393921	species	836	Porphyromonas	genus
393663	species	311411	Pseudoruegeria	genus
393662	species	393661	Congregibacter	genus
393607	species	33877	Agromyces	genus
393595	strain	59754	Alcanivorax borkumensis	species
393480	strain	76857	Fusobacterium polymorphum	species
393305	strain	630	Yersinia enterocolitica	species
393278	species	393277	Donghicola	genus
393133	strain	1639	Listeria monocytogenes	species
393130	strain	1639	Listeria monocytogenes	species
393127	strain	1639	Listeria monocytogenes	species
393126	strain	1639	Listeria monocytogenes	species
393115	strain	263	Francisella tularensis	species
393090	species	84406	Virgibacillus	genus
393087	species	74385	Gracilibacillus	genus
393085	species	160794	Filobacillus	genus
393064	species	1386	Bacillus	genus
393060	species	444051	Mesoflavibacter	genus
393011	strain	263	Francisella tularensis	species
393006	species	393005	Tamlana	genus
392966	species	75984	Mannheimia	genus
392838	species	816	Bacteroides	genus
392827	species	392825	Halalkalibacillus	genus
392823	species	331654	Alkalibacillus	genus
392736	species	392735	Uliginosibacterium	genus
392735	genus	2008794	Zoogloeaceae	family
392734	species	392733	Terriglobus	genus
392733	genus	204434	Acidobacteriaceae	family
392710	genus	403	Methylococcaceae	family
392597	species	1114981	Piscinibacter	genus
392593	species	644355	Inhella	genus
392589	species	661182	Perlucidibaca	genus
392547	species	380240	Brocadia	genus
392500	strain	60961	Shewanella woodyi	species
392499	strain	160791	Rhizorhabdus wittichii	species
392484	species	40222	Methylophaga	genus
392416	species	2767879	Companilactobacillus	genus
392409	species	13687	Sphingomonas	genus
392021	strain	783	Rickettsia rickettsii	species
392009	species	561554	Zeaxanthinibacter	genus
391967	strain	168697	Salinispora arenicola	species
391953	species	391952	Aquincola	genus
391952	genus	2975441	Sphaerotilaceae	family
391948	species	490828	Lutimaribacter	genus
391937	strain	1231180	Nitratireductor pacificus	species
391936	strain	1306787	Isoalcanivorax pacificus	species
391904	strain	216816	Bifidobacterium longum	species
391896	strain	33990	Rickettsia bellii	species
391774	strain	881	Nitratidesulfovibrio vulgaris	species
391738	species	68	Lysobacter	genus
391736	species	85043	Williamsia	genus
391735	strain	364317	Verminephrobacter eiseniae	species
391626	strain	1217908	Octadecabacter antarcticus	species
391625	strain	191768	Plesiocystis pacifica	species
391623	strain	55802	Thermococcus barophilus	species
391619	strain	221822	Phaeobacter inhibens	species
391616	strain	53946	Octadecabacter arcticus	species
391613	species	74030	Roseovarius	genus
391612	strain	2546361	Crocosphaera chwakensis	species
391605	strain	54256	Pyrodictium abyssi	species
391600	species	41275	Brevundimonas	genus
391596	species	84567	Pedobacter	genus
391595	strain	42443	Roseobacter litoralis	species
391593	species	2433	Roseobacter	genus
391592	strain	291048	Caminibacter mediatlanticus	species
391591	strain	689	Vibrio mediterranei	species
391589	species	2433	Roseobacter	genus
391587	strain	221066	Kordia algicida	species
39152	species	2184	Methanococcus	genus
391296	strain	1307	Streptococcus suis	species
391295	strain	1307	Streptococcus suis	species
39122	species	59613	Skermania	genus
391165	strain	364410	Granulibacter bethesdensis	species
391097	species	286	Pseudomonas	genus
391038	strain	148447	Paraburkholderia phymatum	species
391037	strain	168697	Salinispora arenicola	species
391036	species	943	Ehrlichia	genus
391009	strain	46541	Thermosipho melanesiensis	species
391008	strain	40324	Stenotrophomonas maltophilia	species
390988	genus	28056	Micromonosporaceae	family
390884	species	390846	Echinicola	genus
390877	species	390876	Nisaea	genus
390874	strain	93929	Thermotoga petrophila	species
390846	genus	563798	Cyclobacteriaceae	family
390842	species	2767893	Lentilactobacillus	genus
390641	species	653686	Wenxinia	genus
390637	species	574347	Modicisalibacter	genus
390333	strain	1584	Lactobacillus delbrueckii	species
390250	genus	85023	Microbacteriaceae	family
390245	species	84567	Pedobacter	genus
390236	strain	29518	Borreliella afzelii	species
390235	strain	303	Pseudomonas putida	species
38986	species	2903105	Alteracholeplasma	genus
389486	genus	49546	Flavobacteriaceae	family
389348	species	282132	Protochlamydia	genus
388919	strain	1305	Streptococcus sanguinis	species
38875	species	2837504	Heyndrickxia	genus
388745	genus	415002	Puniceicoccaceae	family
388741	species	2675231	Mesobacillus	genus
388739	species	2433	Roseobacter	genus
388640	species	773	Bartonella	genus
388463	genus	204434	Acidobacteriaceae	family
388459	species	1866885	Mycolicibacterium	genus
388413	species	246875	Algoriphagus	genus
388408	species	150830	Roseibium	genus
388400	species	1386	Bacillus	genus
388396	strain	668	Aliivibrio fischeri	species
388259	species	134813	Natronorubrum	genus
388085	strain	171392	Chroococcidiopsis cubana	species
3879	species	3877	Medicago	genus
38778	species	38777	Metabacterium	genus
387662	strain	114186	Candidatus Carsonella ruddii	species
387661	species	375288	Parabacteroides	genus
387659	species	387658	Marixanthomonas	genus
387631	strain	1316941	Archaeoglobus sulfaticallidus	species
387344	strain	1580	Levilactobacillus brevis	species
387343	species	387342	Halopiger	genus
387342	genus	1644061	Natrialbaceae	family
387341	species	332951	Halovivax	genus
387096	species	315422	Palleronia	genus
387094	species	237	Flavobacterium	genus
387093	species	265570	Sulfurovum	genus
387092	species	269258	Nitratiruptor	genus
387090	species	909656	Phocaeicola	genus
386911	species	1763	Mycobacterium	genus
386892	species	447237	Frondihabitans	genus
386891	species	475	Moraxella	genus
386656	strain	632	Yersinia pestis	species
386585	strain	562	Escherichia coli	species
386487	species	1541743	Candidatus Ruthturnera	genus
386415	strain	1542	Clostridium novyi	species
386414	species	2974257	Hoylesella	genus
386305	species	354349	Pseudochrobactrum	genus
386301	species	69578	Cryobacterium	genus
386300	species	237	Flavobacterium	genus
386056	species	1822464	Paraburkholderia	genus
386043	strain	1643	Listeria welshimeri	species
385492	species	1541822	Pseudophaeobacter	genus
385025	species	34067	Cycloclasticus	genus
38501	genus	85030	Geodermatophilaceae	family
384765	strain	187304	Roseibium aggregatum	species
384677	species	125287	Ornithinimicrobium	genus
384676	strain	312306	Pseudomonas entomophila	species
384621	species	33986	Exiguobacterium	genus
384616	strain	2277	Pyrobaculum islandicum	species
384602	species	1269	Micrococcus	genus
38402	species	1647	Erysipelothrix	genus
384	species	379	Rhizobium	genus
383629	strain	221822	Phaeobacter inhibens	species
383407	strain	347	Xanthomonas oryzae	species
383372	strain	120962	Roseiflexus castenholzii	species
38323	species	773	Bartonella	genus
38313	species	22	Shewanella	genus
38312	species	1827	Rhodococcus	genus
38311	species	1827	Rhodococcus	genus
38310	species	1827	Rhodococcus	genus
38308	species	441	Gluconobacter	genus
38307	species	441	Gluconobacter	genus
38305	species	1716	Corynebacterium	genus
38304	species	1716	Corynebacterium	genus
38303	species	1716	Corynebacterium	genus
38302	species	1716	Corynebacterium	genus
38301	species	1716	Corynebacterium	genus
38300	species	1883	Streptomyces	genus
38293	species	657	Photobacterium	genus
38290	species	1716	Corynebacterium	genus
38289	species	1716	Corynebacterium	genus
38288	species	1716	Corynebacterium	genus
38287	species	1716	Corynebacterium	genus
38285	species	1716	Corynebacterium	genus
38284	species	1716	Corynebacterium	genus
38282	species	2837485	Evansella	genus
382641	species	82802	Trichococcus	genus
382640	strain	85701	Bartonella tribocorum	species
382638	strain	212	Helicobacter acinonychis	species
382245	strain	645	Aeromonas salmonicida	species
382	species	28105	Sinorhizobium	genus
381852	species	2251	Haloferax	genus
381830	species	45669	Salinicoccus	genus
381764	strain	2424	Fervidobacterium nodosum	species
381754	strain	287	Pseudomonas aeruginosa	species
381742	species	2759736	Lacticaseibacillus	genus
381706	species	182709	Oceanobacillus	genus
381666	strain	106590	Cupriavidus necator	species
381665	species	881616	Herbiconiux	genus
381445	species	1813	Amycolatopsis	genus
381	species	68287	Mesorhizobium	genus
380749	species	168657	Hydrogenobaculum	genus
38072	species	1386	Bacillus	genus
380703	strain	644	Aeromonas hydrophila	species
380675	species	2571160	Trinickia	genus
380629	species	68	Lysobacter	genus
380628	species	68	Lysobacter	genus
380397	species	1301	Streptococcus	genus
380394	strain	920	Acidithiobacillus ferrooxidans	species
380393	species	2767886	Levilactobacillus	genus
380358	strain	29447	Xanthomonas albilineans	species
38026	species	2220	Methanolobus	genus
380244	species	58113	Glycomyces	genus
380174	species	329857	Cohnella	genus
380021	species	286	Pseudomonas	genus
380	species	28105	Sinorhizobium	genus
379900	species	379899	Niabella	genus
379899	genus	563835	Chitinophagaceae	family
379896	species	44249	Paenibacillus	genus
379731	strain	316	Stutzerimonas stutzeri	species
379547	species	379546	Aciduliprofundum	genus
379347	species	2083206	Tritonibacter	genus
37931	species	1742992	Paenarthrobacter	genus
37930	species	1742989	Glutamicibacter	genus
37929	species	1742989	Glutamicibacter	genus
37928	species	1663	Arthrobacter	genus
37927	species	596707	Sinomonas	genus
37926	species	37924	Thermocrispum	genus
37925	species	37924	Thermocrispum	genus
37924	genus	2070	Pseudonocardiaceae	family
37922	species	57494	Nesterenkonia	genus
37921	species	1663	Arthrobacter	genus
37919	species	1827	Rhodococcus	genus
37916	species	1866885	Mycolicibacterium	genus
37915	species	37914	Dietzia	genus
37914	genus	85029	Dietziaceae	family
379097	species	662	Vibrio	genus
379075	species	379074	Sediminitomix	genus
379069	species	379068	Galbibacter	genus
379067	species	1883	Streptomyces	genus
379066	strain	173480	Gemmatimonas aurantiaca	species
379064	species	102234	Cyanobacterium	genus
379	genus	82115	Rhizobiaceae	family
378806	strain	41	Stigmatella aurantiaca	species
378753	strain	72000	Kocuria rhizophila	species
378548	species	165696	Novosphingobium	genus
378405	species	85413	Bosea	genus
378404	species	85413	Bosea	genus
378403	species	85413	Bosea	genus
378211	species	378210	Methyloversatilis	genus
378210	genus	2008793	Sterolibacteriaceae	family
37817	genus	3031659	Geopsychrobacteraceae	family
37816	species	780	Rickettsia	genus
377629	strain	2426	Teredinibacter turnerae	species
377628	strain	632	Yersinia pestis	species
37762	strain	562	Escherichia coli	species
377616	species	83618	Pseudoxanthomonas	genus
377615	species	76632	Thermobacillus	genus
37752	species	237	Flavobacterium	genus
377431	strain	84205	Chlorobium ferrooxidans	species
37734	species	1350	Enterococcus	genus
377149	genus	2904714	Desulfosalsimonadaceae	family
37692	species	33926	Phytoplasma	genus
376815	species	34072	Variovorax	genus
376806	species	816	Bacteroides	genus
376805	species	909656	Phocaeicola	genus
376804	species	909656	Phocaeicola	genus
376730	species	561555	Zhouia	genus
376686	strain	986	Flavobacterium johnsoniae	species
376619	strain	263	Francisella tularensis	species
37659	species	1485	Clostridium	genus
376489	species	376488	Halotalea	genus
376488	genus	28256	Halomonadaceae	family
37638	species	286	Pseudomonas	genus
37637	species	1716	Corynebacterium	genus
37636	species	270	Thermus	genus
376351	species	2053	Gordonia	genus
37633	species	33981	Kineococcus	genus
376170	genus	1644056	Haloferacaceae	family
376165	species	31988	Aminobacter	genus
376	species	374	Bradyrhizobium	genus
375929	species	375928	Natranaerobius	genus
375928	genus	485255	Natranaerobiaceae	family
375827	species	1883	Streptomyces	genus
375761	species	1679449	Pseudooceanicola	genus
375760	species	2742	Marinobacter	genus
375674	species	375673	Paraferrimonas	genus
375542	species	1839	Nocardioides	genus
375541	species	2040	Aeromicrobium	genus
375489	species	44249	Paenibacillus	genus
375451	strain	2434	Roseobacter denitrificans	species
375288	genus	2005525	Tannerellaceae	family
375286	species	29580	Janthinobacterium	genus
375175	species	2767889	Loigolactobacillus	genus
375060	species	1883	Streptomyces	genus
375	species	374	Bradyrhizobium	genus
374981	species	3079908	Picosynechococcus	genus
374931	strain	727	Haemophilus influenzae	species
374930	strain	727	Haemophilus influenzae	species
37487	species	85076	Marichromatium	genus
374858	species	349	Zoogloea	genus
374847	strain	498846	Candidatus Korarchaeum cryptofilum	species
37484	species	83681	Nonomuraea	genus
374838	species	230494	Reinekea	genus
374833	strain	487	Neisseria meningitidis	species
37483	species	1792303	Sphaerimonospora	genus
37453	species	52959	Polaribacter	genus
374514	species	1839	Nocardioides	genus
37450	species	28228	Colwellia	genus
37448	species	52972	Polaromonas	genus
374463	strain	186490	Candidatus Baumannia cicadellinicola	species
374106	species	194	Campylobacter	genus
374	genus	41294	Nitrobacteraceae	family
373994	species	373984	Rivularia	genus
373903	strain	31909	Halothermothrix orenii	species
37372	species	209	Helicobacter	genus
373675	species	436357	Thalassococcus	genus
373673	species	59732	Chryseobacterium	genus
373672	species	59732	Chryseobacterium	genus
373670	species	59734	Empedobacter	genus
373668	species	59732	Chryseobacterium	genus
373638	species	773	Bartonella	genus
373543	species	64895	Borreliella	genus
373540	species	64895	Borreliella	genus
373391	species	28884	Hydrogenovibrio	genus
373384	strain	623	Shigella flexneri	species
37333	species	1817	Nocardia	genus
37332	species	1817	Nocardia	genus
37331	species	1847	Pseudonocardia	genus
37330	species	1817	Nocardia	genus
37329	species	1817	Nocardia	genus
37328	species	1817	Nocardia	genus
37327	species	1817	Nocardia	genus
37326	species	1817	Nocardia	genus
373153	strain	1313	Streptococcus pneumoniae	species
373043	species	2870714	Paeniroseomonas	genus
373040	species	149698	Massilia	genus
373	species	357	Agrobacterium	genus
3728	species	3727	Sinapis	genus
372663	species	254250	Isoptericola	genus
372463	species	182709	Oceanobacillus	genus
372461	strain	9	Buchnera aphidicola	species
371731	species	1060	Rhodobacter	genus
371674	species	437755	Moryella	genus
37162	species	1763	Mycobacterium	genus
371602	species	1375	Aerococcus	genus
371601	species	816	Bacteroides	genus
371142	species	28453	Sphingobacterium	genus
371036	species	2837503	Gottfriedia	genus
37099	species	37098	Isochrysis	genus
370980	species	352450	Simplicispira	genus
370979	species	237	Flavobacterium	genus
370977	species	41275	Brevundimonas	genus
370976	species	47420	Hydrogenophaga	genus
370975	species	237	Flavobacterium	genus
370974	species	237	Flavobacterium	genus
370959	species	13687	Sphingomonas	genus
370776	species	490567	Arenimonas	genus
370769	species	2745	Halomonas	genus
370767	species	2745	Halomonas	genus
370766	species	2745	Halomonas	genus
370735	genus	1268	Micrococcaceae	family
370554	strain	1314	Streptococcus pyogenes	species
370553	strain	1314	Streptococcus pyogenes	species
370552	strain	1314	Streptococcus pyogenes	species
370551	strain	1314	Streptococcus pyogenes	species
370526	species	1866885	Mycolicibacterium	genus
370524	species	1866885	Mycolicibacterium	genus
370439	species	2675231	Mesobacillus	genus
370438	strain	110500	Pelotomaculum thermopropionicum	species
370405	species	96	Gallionella	genus
370323	species	88723	Natrinema	genus
370111	species	234	Brucella	genus
369930	species	1813	Amycolatopsis	genus
369926	genus	31957	Propionibacteriaceae	family
369829	species	1851	Saccharomonospora	genus
369791	species	232115	Mesonia	genus
369723	strain	168695	Salinispora tropica	species
369504	species	2260	Pyrococcus	genus
369401	species	369400	Flaviramulus	genus
369400	genus	49546	Flavobacteriaceae	family
369399	species	44249	Paenibacillus	genus
369333	species	44249	Paenibacillus	genus
368811	species	336830	Arsukibacterium	genus
368806	species	57493	Kocuria	genus
36878	species	89966	Hymenobacter	genus
36873	species	1822464	Paraburkholderia	genus
36863	species	36862	Ideonella	genus
368624	species	56688	Halorubrum	genus
368623	species	56688	Halorubrum	genus
36862	genus	2975441	Sphaerotilaceae	family
36861	species	919	Thiobacillus	genus
368603	species	581	Morganella	genus
36856	species	28105	Sinorhizobium	genus
36855	species	234	Brucella	genus
36854	species	36853	Desulfitobacterium	genus
36853	genus	2937909	Desulfitobacteriaceae	family
36849	species	44261	Oxobacter	genus
368455	species	1763	Mycobacterium	genus
368454	species	56688	Halorubrum	genus
36841	species	1505652	Terrisporobacter	genus
368408	strain	2269	Thermofilum pendens	species
368407	strain	2198	Methanoculleus marisnigri	species
368405	species	1621534	Paraglaciecola	genus
36834	species	1485	Clostridium	genus
36823	species	2053	Gordonia	genus
36822	species	2053	Gordonia	genus
36821	species	2053	Gordonia	genus
36820	species	2053	Gordonia	genus
36819	species	1813	Amycolatopsis	genus
36814	species	1866885	Mycolicibacterium	genus
36813	species	1866885	Mycolicibacterium	genus
36809	species	670516	Mycobacteroides	genus
36808	species	1716	Corynebacterium	genus
36807	species	33882	Microbacterium	genus
36806	species	33882	Microbacterium	genus
36805	species	33882	Microbacterium	genus
367928	strain	1680	Bifidobacterium adolescentis	species
367825	species	106589	Cupriavidus	genus
367806	species	34098	Blattabacterium	genus
367791	species	59739	Flammeovirga	genus
367737	strain	28197	Aliarcobacter butzleri	species
36773	species	32008	Burkholderia	genus
367488	species	34098	Blattabacterium	genus
367477	species	33882	Microbacterium	genus
36746	species	286	Pseudomonas	genus
36745	species	1485	Clostridium	genus
36740	species	36739	Dermabacter	genus
36739	genus	85020	Dermabacteraceae	family
36738	species	2249	Halococcus	genus
367298	genus	85021	Intrasporangiaceae	family
367190	species	629	Yersinia	genus
367188	genus	3064797	Haladaptataceae	family
366650	species	338	Xanthomonas	genus
366602	species	75	Caulobacter	genus
366586	species	626119	Ruania	genus
366533	species	245186	Loktanella	genus
366394	strain	110321	Sinorhizobium medicae	species
366289	species	286	Pseudomonas	genus
36628	species	5094	Talaromyces	genus
365659	strain	28037	Streptococcus mitis	species
365617	species	44249	Paenibacillus	genus
365616	species	44249	Paenibacillus	genus
365590	species	22	Shewanella	genus
365489	species	120831	Dyadobacter	genus
365349	species	365348	Pelosinus	genus
365343	species	2782229	Epilithonimonas	genus
365341	species	165695	Sphingobium	genus
365046	strain	94132	Ramlibacter tataouinensis	species
365044	strain	216465	Polaromonas naphthalenivorans	species
365032	genus	89374	Saprospiraceae	family
364410	species	364409	Granulibacter	genus
364317	species	364316	Verminephrobacter	genus
364298	species	53457	Janibacter	genus
364297	species	34008	Rhodovulum	genus
364296	species	34016	Rhodobium	genus
364199	species	265	Paracoccus	genus
364198	species	2800384	Pseudidiomarina	genus
364197	species	286	Pseudomonas	genus
364106	strain	562	Escherichia coli	species
364098	species	335405	Sphingosinicella	genus
364039	species	312063	Azohydromonas	genus
363872	species	2837502	Ectobacillus	genus
363863	species	29404	Microlunatus	genus
363848	species	231454	Dyella	genus
363843	species	212743	Rhizobacter	genus
363832	species	207599	Solirubrobacter	genus
363754	strain	1353277	Rhizobium freirei	species
363631	species	41275	Brevundimonas	genus
363630	species	53460	Nakamurella	genus
363408	genus	49546	Flavobacteriaceae	family
363331	species	59732	Chryseobacterium	genus
363277	species	363276	Ktedonobacter	genus
363265	species	2974265	Leyella	genus
363259	species	166953	Kaistia	genus
363253	strain	29546	Lawsonia intracellularis	species
362976	strain	293091	Haloquadratum walsbyi	species
362948	strain	1624	Ligilactobacillus salivarius	species
362837	species	2132	Spiroplasma	genus
362787	species	282132	Protochlamydia	genus
362781	species	104267	Tenacibaculum	genus
362663	strain	562	Escherichia coli	species
362523	species	527198	Mariniflexile	genus
362418	species	237	Flavobacterium	genus
362413	species	237	Flavobacterium	genus
362257	species	1883	Streptomyces	genus
362242	strain	1809	Mycobacterium ulcerans	species
362240	species	1298	Deinococcus	genus
361791	species	1386	Bacillus	genus
361607	genus	361606	Patulibacteraceae	family
361575	species	1742993	Pseudarthrobacter	genus
361319	species	1883	Streptomyces	genus
361280	species	84406	Virgibacillus	genus
361279	species	459532	Terribacillus	genus
361277	species	459532	Terribacillus	genus
361183	species	361177	Altererythrobacter	genus
361177	genus	335929	Erythrobacteraceae	family
361101	species	1301	Streptococcus	genus
361100	strain	1396	Bacillus cereus	species
361055	species	361050	Rubritalea	genus
361050	genus	1648490	Rubritaleaceae	family
360911	species	33986	Exiguobacterium	genus
360910	strain	521	Bordetella avium	species
360807	species	841	Roseburia	genus
360541	genus	3120162	Tepidibacteraceae	family
360293	species	283735	Leeuwenhoekiella	genus
360241	species	360239	Tepidicella	genus
360115	strain	777	Coxiella burnetii	species
360109	strain	197	Campylobacter jejuni	species
360107	strain	76517	Campylobacter hominis	species
360106	strain	196	Campylobacter fetus	species
360105	strain	200	Campylobacter curvus	species
360104	strain	199	Campylobacter concisus	species
360102	strain	632	Yersinia pestis	species
360095	strain	774	Bartonella bacilliformis	species
360094	strain	347	Xanthomonas oryzae	species
360086	species	165301	Lentzea	genus
360056	species	656899	Schlesneria	genus
359917	species	44249	Paenibacillus	genus
359787	strain	1280	Staphylococcus aureus	species
359786	strain	1280	Staphylococcus aureus	species
359408	species	359407	Methylotenera	genus
359407	genus	32011	Methylophilaceae	family
359391	strain	235	Brucella abortus	species
359365	species	1569	Sporosarcina	genus
359359	species	613121	Smaragdicoccus	genus
359336	genus	506	Alcaligenaceae	family
359303	species	22	Shewanella	genus
359169	genus	2004	Streptosporangiaceae	family
359110	species	286	Pseudomonas	genus
359	species	379	Rhizobium	genus
358766	species	395331	Methanoregula	genus
358743	species	2719313	Enterocloster	genus
358742	species	2719313	Enterocloster	genus
358687	species	2782229	Epilithonimonas	genus
358681	strain	1393	Brevibacillus brevis	species
35841	species	1276290	Caldibacillus	genus
358396	strain	229731	Halobiforma lacisalsi	species
35839	species	35838	Holophaga	genus
35838	genus	574976	Holophagaceae	family
35836	genus	213465	Syntrophobacteraceae	family
35833	species	35832	Bilophila	genus
35832	genus	194924	Desulfovibrionaceae	family
35830	species	35829	Acetivibrio	genus
35829	genus	216572	Oscillospiraceae	family
35823	genus	1892252	Microcoleaceae	family
358220	species	12916	Acidovorax	genus
35818	species	209	Helicobacter	genus
35817	species	209	Helicobacter	genus
35814	species	517	Bordetella	genus
35812	genus	433	Acetobacteraceae	family
35811	species	1041	Erythrobacter	genus
358100	species	33882	Microbacterium	genus
35810	genus	335929	Erythrobacteraceae	family
358099	species	1696	Brevibacterium	genus
35806	species	34008	Rhodovulum	genus
358023	genus	49546	Flavobacteriaceae	family
35801	species	35800	Nitrospina	genus
35800	genus	407032	Nitrospinaceae	family
358	species	357	Agrobacterium	genus
35798	genus	206379	Nitrosomonadaceae	family
35797	species	35796	Nitrococcus	genus
35796	genus	72276	Ectothiorhodospiraceae	family
35795	species	943	Ehrlichia	genus
35794	species	780	Rickettsia	genus
35793	species	780	Rickettsia	genus
35792	species	780	Rickettsia	genus
35791	species	780	Rickettsia	genus
35790	species	780	Rickettsia	genus
35789	species	780	Rickettsia	genus
35788	species	780	Rickettsia	genus
35786	species	68335	Coprothermobacter	genus
357809	strain	66219	Lachnoclostridium phytofermentans	species
357808	species	120961	Roseiflexus	genus
357804	strain	357794	Psychromonas ingrahamii	species
357794	species	67572	Psychromonas	genus
35760	species	1678	Bifidobacterium	genus
35757	species	1716	Corynebacterium	genus
35756	species	1716	Corynebacterium	genus
35755	species	1716	Corynebacterium	genus
357544	strain	210	Helicobacter pylori	species
35753	genus	28056	Micromonosporaceae	family
35751	species	35750	Sporichthya	genus
35750	genus	85033	Sporichthyaceae	family
35746	species	2251	Haloferax	genus
357441	species	1350	Enterococcus	genus
35743	species	56688	Halorubrum	genus
357353	species	2207	Methanosarcina	genus
357348	strain	28450	Burkholderia pseudomallei	species
357278	species	2767886	Levilactobacillus	genus
357276	species	909656	Phocaeicola	genus
357244	strain	784	Orientia tsutsugamushi	species
357240	species	1649295	Franconibacter	genus
357233	species	1649298	Siccibacter	genus
35703	species	544	Citrobacter	genus
35701	species	2831443	Heliomicrobium	genus
357	genus	82115	Rhizobiaceae	family
35688	species	2791	Porphyridium	genus
356828	species	419014	Alloscardovia	genus
356797	genus	2814874	Neomegalonemataceae	family
356778	genus	2066434	Geminicoccaceae	family
356662	species	650341	Leeia	genus
356305	species	59732	Chryseobacterium	genus
356302	species	240411	Chitinimonas	genus
35623	species	2147	Acholeplasma	genus
35621	species	1883	Streptomyces	genus
35619	species	1883	Streptomyces	genus
356147	species	1817	Nocardia	genus
356145	species	1817	Nocardia	genus
355930	species	337004	Microcella	genus
355591	species	2742	Marinobacter	genus
35554	species	28231	Geobacter	genus
355278	strain	172	Leptospira biflexa	species
355277	strain	174	Leptospira borgpetersenii	species
355276	strain	174	Leptospira borgpetersenii	species
355249	species	1883	Streptomyces	genus
354590	species	37096	Rhodomonas	genus
354356	species	354354	Niastella	genus
354352	species	354349	Pseudochrobactrum	genus
354351	species	354349	Pseudochrobactrum	genus
354349	genus	118882	Brucellaceae	family
354247	species	67575	Rheinheimera	genus
354246	species	630749	Spongiibacter	genus
354245	strain	1123225	Spongiispira norvegica	species
354242	strain	197	Campylobacter jejuni	species
354197	species	490567	Arenimonas	genus
354	species	352	Azotobacter	genus
353799	genus	1644061	Natrialbaceae	family
353496	strain	1584	Lactobacillus delbrueckii	species
353156	species	84567	Pedobacter	genus
353	species	352	Azotobacter	genus
352450	genus	80864	Comamonadaceae	family
352165	strain	638849	Pyramidobacter piscolens	species
352	genus	135621	Pseudomonadaceae	family
351746	strain	303	Pseudomonas putida	species
351745	species	22	Shewanella	genus
351679	species	626	Xenorhabdus	genus
351677	species	626	Xenorhabdus	genus
351676	species	626	Xenorhabdus	genus
351675	species	626	Xenorhabdus	genus
351673	species	626	Xenorhabdus	genus
351672	species	626	Xenorhabdus	genus
351671	species	626	Xenorhabdus	genus
351656	species	626	Xenorhabdus	genus
351627	strain	44001	Caldicellulosiruptor saccharolyticus	species
351614	species	626	Xenorhabdus	genus
351607	strain	28049	Acidothermus cellulolyticus	species
351605	strain	351604	Geotalea uraniireducens	species
351604	species	2910589	Geotalea	genus
351581	strain	263	Francisella tularensis	species
351348	strain	2743	Marinobacter nauticus	species
351345	species	44013	Polynucleobacter	genus
35128	species	35127	Thalassiosira	genus
351205	species	351195	Salimicrobium	genus
351187	species	168694	Salinispora	genus
351160	strain	1175445	Methanocella arvoryzae	species
351095	species	351094	Paucisalibacillus	genus
351091	species	459786	Oscillibacter	genus
351052	species	133193	Alkalilimnicola	genus
351016	species	2433	Roseobacter	genus
350894	species	237	Flavobacterium	genus
350893	species	237	Flavobacterium	genus
350701	strain	152500	Burkholderia dolosa	species
350688	strain	461876	Alkaliphilus oremlandii	species
350058	strain	110539	Mycolicibacterium vanbaalenii	species
350054	strain	1804	Mycolicibacterium gilvum	species
350	species	349	Zoogloea	genus
349968	strain	634	Yersinia bercovieri	species
349967	strain	33060	Yersinia mollaretii	species
349966	strain	29484	Yersinia frederiksenii	species
349965	strain	631	Yersinia intermedia	species
349751	species	1716	Corynebacterium	genus
349747	strain	633	Yersinia pseudotuberculosis	species
349746	strain	632	Yersinia pestis	species
349741	strain	239935	Akkermansia muciniphila	species
349522	species	1839	Nocardioides	genus
349521	strain	158327	Hahella chejuensis	species
349520	strain	1406	Paenibacillus polymyxa	species
349519	strain	33964	Leuconostoc citreum	species
349314	genus	28056	Micromonosporaceae	family
349312	genus	28056	Micromonosporaceae	family
349307	strain	2224	Methanothrix thermoacetophila	species
349221	species	213485	Micavibrio	genus
349215	strain	349221	Micavibrio aeruginosavorus	species
349163	strain	524	Acidiphilium cryptum	species
349161	strain	59610	Desulforamulus reducens	species
349124	strain	1053	Halorhodospira halophila	species
349106	species	497	Psychrobacter	genus
349102	strain	1063	Cereibacter sphaeroides	species
349101	strain	1063	Cereibacter sphaeroides	species
349	genus	2008794	Zoogloeaceae	family
348824	species	379	Rhizobium	genus
348780	strain	2257	Natronomonas pharaonis	species
348779	species	286	Pseudomonas	genus
348778	species	286	Pseudomonas	genus
348582	species	348581	Propionicicella	genus
348581	genus	85015	Nocardioidaceae	family
348151	species	2767882	Furfurilactobacillus	genus
348043	species	1883	Streptomyces	genus
347834	strain	29449	Rhizobium etli	species
34763	genus	41302	Oikopleuridae	family
347534	species	347533	Zobellella	genus
347495	strain	1396	Bacillus cereus	species
347483	species	75309	Rhodanobacter	genus
347481	species	76890	Asticcacaulis	genus
347257	strain	2110	Mycoplasmopsis agalactiae	species
347256	strain	2098	Metamycoplasma hominis	species
347255	strain	35788	Rickettsia africae	species
347253	strain	1304	Streptococcus salivarius	species
347	species	338	Xanthomonas	genus
346912	species	204476	Labrys	genus
346911	species	204476	Labrys	genus
346665	species	475	Moraxella	genus
346377	species	390846	Echinicola	genus
346185	species	111500	Allomuricauda	genus
346182	species	68	Lysobacter	genus
346181	species	68	Lysobacter	genus
346179	species	963	Herbaspirillum	genus
346096	genus	2005523	Paludibacteraceae	family
346045	species	1813	Amycolatopsis	genus
346	species	338	Xanthomonas	genus
345632	species	28231	Geobacter	genus
345342	species	303379	Herminiimonas	genus
345219	strain	1398	Heyndrickxia coagulans	species
345073	strain	666	Vibrio cholerae	species
344884	species	246875	Algoriphagus	genus
344883	species	34072	Variovorax	genus
344882	species	83618	Pseudoxanthomonas	genus
344881	species	237	Flavobacterium	genus
344880	species	13687	Sphingomonas	genus
344747	strain	122	Gimesia maris	species
344736	species	263377	Salipiger	genus
344616	strain	2421	Thermosipho africanus	species
344609	strain	621	Shigella boydii	species
344165	species	33882	Microbacterium	genus
344063	genus	85021	Intrasporangiaceae	family
343874	species	59734	Empedobacter	genus
343873	genus	2762318	Weeksellaceae	family
343517	species	44249	Paenibacillus	genus
343512	species	46352	Agrococcus	genus
343509	strain	63612	Sodalis glossinidius	species
343334	genus	49546	Flavobacteriaceae	family
343	species	338	Xanthomonas	genus
342949	species	2260	Pyrococcus	genus
342948	species	2263	Thermococcus	genus
342658	genus	541019	Gracilibacteraceae	family
342616	strain	1311	Streptococcus agalactiae	species
342451	strain	29385	Staphylococcus saprophyticus	species
342113	species	32008	Burkholderia	genus
342109	strain	347	Xanthomonas oryzae	species
342108	strain	84159	Paramagnetospirillum magneticum	species
341722	species	46352	Agrococcus	genus
341694	species	1257	Peptostreptococcus	genus
341225	species	3025755	Thomasclavelia	genus
34105	species	34104	Streptobacillus	genus
341045	species	963	Herbaspirillum	genus
34104	genus	1129771	Leptotrichiaceae	family
34103	species	34102	Sphaerotilus	genus
34102	genus	2975441	Sphaerotilaceae	family
34100	genus	186818	Planococcaceae	family
34098	genus	39782	Blattabacteriaceae	family
34096	genus	1100104	Brevinemataceae	family
34093	genus	92712	Simkaniaceae	family
34090	species	1099	Pelodictyon	genus
34087	species	28453	Sphingobacterium	genus
34086	species	84567	Pedobacter	genus
34085	species	34084	Riemerella	genus
34084	genus	2762318	Weeksellaceae	family
34078	species	1203	Scytonema	genus
34073	species	34072	Variovorax	genus
34072	genus	80864	Comamonadaceae	family
34071	species	34069	Telluria	genus
34069	genus	75682	Oxalobacteraceae	family
34068	species	34067	Cycloclasticus	genus
34067	genus	135616	Piscirickettsiaceae	family
34062	species	475	Moraxella	genus
34059	species	475	Moraxella	genus
34058	species	429	Methylobacter	genus
340467	species	497742	Desulfatirhabdium	genus
34038	species	34037	Rahnella	genus
34037	genus	1903411	Yersiniaceae	family
340363	species	41949	Microthrix	genus
340345	species	65496	Actinoalloteichus	genus
340322	strain	1718	Corynebacterium glutamicum	species
340321	species	55968	Leucobacter	genus
340320	species	55968	Leucobacter	genus
34029	species	88	Leptothrix	genus
34027	species	551759	Aromatoleum	genus
34023	genus	2829815	Azospirillaceae	family
340214	species	175304	Lentibacillus	genus
34021	species	34019	Liberibacter	genus
34019	genus	82115	Rhizobiaceae	family
34018	species	1081	Rhodospirillum	genus
340177	strain	337090	Chlorobium chlorochromatii	species
34016	genus	119043	Rhodobiaceae	family
34015	species	150203	Blastomonas	genus
340146	species	33986	Exiguobacterium	genus
340145	species	33986	Exiguobacterium	genus
340117	genus	171550	Rikenellaceae	family
34011	species	1543704	Niveispirillum	genus
340102	strain	121277	Pyrobaculum arsenaticum	species
340100	strain	94624	Bordetella petrii	species
34010	species	191	Azospirillum	genus
340099	strain	496866	Thermoanaerobacter pseudethanolicus	species
340095	species	28261	Thermodesulfovibrio	genus
34008	genus	31989	Paracoccaceae	family
340070	genus	412447	Criblamydiaceae	family
34007	species	265	Paracoccus	genus
34006	species	265	Paracoccus	genus
34005	species	265	Paracoccus	genus
340047	strain	2095	Mycoplasma capricolum	species
34004	species	265	Paracoccus	genus
34003	species	265	Paracoccus	genus
340021	species	335927	Thalassovita	genus
34002	species	265	Paracoccus	genus
34000	genus	433	Acetobacteraceae	family
34	species	32	Myxococcus	genus
33996	species	89583	Gluconacetobacter	genus
33995	species	1434011	Komagataeibacter	genus
33993	genus	942	Anaplasmataceae	family
33992	species	780	Rickettsia	genus
33991	species	780	Rickettsia	genus
33990	species	780	Rickettsia	genus
33989	species	780	Rickettsia	genus
33987	species	33986	Exiguobacterium	genus
339862	species	79206	Desulfosporosinus	genus
339860	strain	2317	Methanosphaera stadtmanae	species
33984	species	33983	Luteococcus	genus
33983	genus	31957	Propionibacteriaceae	family
33981	genus	83778	Kineosporiaceae	family
33976	genus	186818	Planococcaceae	family
33973	genus	204434	Acidobacteriaceae	family
33970	species	33969	Melissococcus	genus
33969	genus	81852	Enterococcaceae	family
33968	species	1243	Leuconostoc	genus
339676	species	1505652	Terrisporobacter	genus
339671	strain	67854	Actinobacillus succinogenes	species
339670	strain	152480	Burkholderia ambifaria	species
339656	strain	720605	Halomonas smyrnensis	species
33964	species	1243	Leuconostoc	genus
33959	species	1578	Lactobacillus	genus
33954	species	1485	Clostridium	genus
33952	species	33951	Acetobacterium	genus
33951	genus	186806	Eubacteriaceae	family
33946	species	1649	Kurthia	genus
33945	species	1350	Enterococcus	genus
33943	species	1129704	Kyrpidia	genus
33942	species	55080	Brevibacillus	genus
33941	species	129337	Geobacillus	genus
33940	species	129337	Geobacillus	genus
33936	species	1055323	Aeribacillus	genus
33935	species	400634	Lysinibacillus	genus
33934	species	150247	Anoxybacillus	genus
33932	species	2837511	Sutcliffiella	genus
339268	species	1763	Mycobacterium	genus
33926	genus	2146	Acholeplasmataceae	family
33918	species	33882	Microbacterium	genus
33917	species	33882	Microbacterium	genus
33910	species	1813	Amycolatopsis	genus
33906	species	1849	Actinopolyspora	genus
33905	species	1678	Bifidobacterium	genus
33904	species	1883	Streptomyces	genus
33903	species	1883	Streptomyces	genus
339	species	338	Xanthomonas	genus
338969	strain	192843	Rhodoferax ferrireducens	species
338966	strain	29543	Pelobacter propionicus	species
338963	strain	19	Syntrophotalea carbinolica	species
33889	species	1696	Brevibacterium	genus
33888	species	33886	Rathayibacter	genus
33887	species	33886	Rathayibacter	genus
33886	genus	85023	Microbacteriaceae	family
33885	species	33882	Microbacterium	genus
33884	species	33882	Microbacterium	genus
33883	species	33882	Microbacterium	genus
33882	genus	85023	Microbacteriaceae	family
33881	species	2034	Curtobacterium	genus
33877	genus	85023	Microbacteriaceae	family
33874	genus	28056	Micromonosporaceae	family
33871	species	33870	Coriobacterium	genus
33870	genus	84107	Coriobacteriaceae	family
338583	genus	28056	Micromonosporaceae	family
338565	species	551	Erwinia	genus
338417	species	85413	Bosea	genus
338321	genus	170	Leptospiraceae	family
338192	species	338191	Nitrosopumilus	genus
338188	species	816	Bacteroides	genus
338	genus	32033	Xanthomonadaceae	family
337894	species	1813	Amycolatopsis	genus
337832	species	286	Pseudomonas	genus
337779	species	73029	Dechloromonas	genus
337316	species	165779	Anaerococcus	genus
337191	species	2053	Gordonia	genus
337090	species	1091	Chlorobium	genus
337005	species	337004	Microcella	genus
337004	genus	85023	Microbacteriaceae	family
337	species	32008	Burkholderia	genus
336989	species	323449	Pontibacter	genus
336988	species	46254	Oenococcus	genus
336982	strain	1773	Mycobacterium tuberculosis	species
336828	species	336827	Rhodonellum	genus
336827	genus	89373	Cytophagaceae	family
336819	species	101	Flectobacillus	genus
336810	species	336809	Candidatus Karelsulcia	genus
336804	species	336803	Thorsellia	genus
336407	strain	33990	Rickettsia bellii	species
336276	genus	49546	Flavobacteriaceae	family
336261	species	336260	Thermovirga	genus
336260	genus	3029089	Thermovirgaceae	family
336203	species	165695	Sphingobium	genus
335992	strain	198252	Candidatus Pelagibacter ubique	species
335972	species	662	Vibrio	genus
335952	species	2249	Halococcus	genus
335543	strain	119484	Syntrophobacter fumaroxidans	species
335541	strain	863	Syntrophomonas wolfei	species
335476	species	52972	Polaromonas	genus
335431	species	114248	Tepidimonas	genus
335406	species	335405	Sphingosinicella	genus
335405	genus	2820280	Sphingosinicellaceae	family
335284	strain	330922	Psychrobacter cryohalolentis	species
335283	strain	916	Nitrosomonas eutropha	species
334857	genus	2070	Pseudonocardiaceae	family
334771	species	334767	Ignisphaera	genus
334767	genus	2272	Desulfurococcaceae	family
334736	species	1569	Sporosarcina	genus
334735	species	1569	Sporosarcina	genus
334715	species	51366	Salinivibrio	genus
334543	species	497	Psychrobacter	genus
334542	species	1827	Rhodococcus	genus
334413	strain	1260	Finegoldia magna	species
334406	strain	1396	Bacillus cereus	species
334390	strain	1613	Limosilactobacillus fermentum	species
334380	strain	784	Orientia tsutsugamushi	species
334253	species	74385	Gracilibacillus	genus
333990	species	2747	Carnobacterium	genus
333988	species	22	Shewanella	genus
333987	species	67572	Psychromonas	genus
333965	species	586	Providencia	genus
333964	species	626	Xenorhabdus	genus
333963	species	55968	Leucobacter	genus
333962	species	586	Providencia	genus
333849	strain	1352	Enterococcus faecium	species
333702	species	59732	Chryseobacterium	genus
333384	species	1883	Streptomyces	genus
333374	species	45667	Halobacillus	genus
333367	species	2719313	Enterocloster	genus
333146	strain	97393	Ferroplasma acidarmanus	species
333138	species	2893056	Halalkalibacter	genus
332999	species	84567	Pedobacter	genus
332953	species	332951	Halovivax	genus
332950	species	1350	Enterococcus	genus
332949	species	1350	Enterococcus	genus
332657	species	52972	Polaromonas	genus
332656	species	830	Butyrivibrio	genus
332524	species	1654	Actinomyces	genus
332410	species	33986	Exiguobacterium	genus
332340	species	332339	Salicola	genus
332249	species	332248	Truepera	genus
332248	genus	332247	Trueperaceae	family
332246	genus	1963270	Halococcaceae	family
332184	species	33882	Microbacterium	genus
332168	species	2249	Halococcus	genus
332163	species	332162	Solibacter	genus
332162	genus	332161	Solibacteraceae	family
332157	genus	2896860	Spirosomataceae	family
332102	genus	1853230	Crocinitomicaceae	family
332100	genus	186824	Thermoactinomycetaceae	family
332055	species	165695	Sphingobium	genus
331992	species	1501433	Kamptonema	genus
331971	genus	186817	Bacillaceae	family
331697	species	79328	Chitinophaga	genus
331679	species	1253	Pediococcus	genus
331678	strain	1096	Chlorobium phaeobacteroides	species
331654	genus	186817	Bacillaceae	family
331648	species	363408	Nonlabens	genus
331636	strain	83554	Chlamydia psittaci	species
331635	strain	85991	Chlamydia pecorum	species
331526	species	331525	Kribbia	genus
331525	genus	85021	Intrasporangiaceae	family
331272	strain	95486	Burkholderia cenocepacia	species
331271	strain	2978683	Burkholderia orbicola	species
331113	strain	83561	Simkania negevensis	species
331112	strain	562	Escherichia coli	species
331111	strain	562	Escherichia coli	species
331104	strain	624186	Blattabacterium sp. (Blattella germanica)	species
330943	species	57493	Kocuria	genus
330922	species	497	Psychrobacter	genus
330920	species	13687	Sphingomonas	genus
330835	species	99479	Tetrasphaera	genus
330834	species	99479	Tetrasphaera	genus
330779	strain	2285	Sulfolobus acidocaldarius	species
33075	species	33973	Acidobacterium	genus
330734	species	2742	Marinobacter	genus
33073	genus	28256	Halomonadaceae	family
33072	species	33071	Gloeobacter	genus
33071	genus	1890422	Gloeobacteraceae	family
33070	species	2881385	Thermostichus	genus
33069	species	286	Pseudomonas	genus
33060	species	629	Yersinia	genus
33059	species	119977	Acidithiobacillus	genus
33058	species	33057	Thauera	genus
33057	genus	2008794	Zoogloeaceae	family
33056	species	33055	Candidatus Kinetoplastibacterium	genus
33053	species	482	Neisseria	genus
33052	species	165697	Sphingopyxis	genus
33051	species	13687	Sphingomonas	genus
33050	species	165697	Sphingopyxis	genus
33047	species	773	Bartonella	genus
33046	species	773	Bartonella	genus
33045	species	773	Bartonella	genus
33044	species	773	Bartonella	genus
33043	species	33042	Coprococcus	genus
33042	genus	186803	Lachnospiraceae	family
33039	species	2316020	Mediterraneibacter	genus
33038	species	2316020	Mediterraneibacter	genus
33037	species	165779	Anaerococcus	genus
33036	species	165779	Anaerococcus	genus
33035	species	572511	Blautia	genus
33034	species	165779	Anaerococcus	genus
33033	species	543311	Parvimonas	genus
33032	species	165779	Anaerococcus	genus
33031	species	162289	Peptoniphilus	genus
33030	species	162289	Peptoniphilus	genus
33029	species	165779	Anaerococcus	genus
33028	species	1279	Staphylococcus	genus
33024	genus	909930	Acidaminococcaceae	family
33023	species	1386	Bacillus	genus
33022	species	1386	Bacillus	genus
330214	species	1234	Nitrospira	genus
33020	species	1386	Bacillus	genus
33018	species	2077	Sporolactobacillus	genus
33017	species	1386	Bacillus	genus
33012	species	203133	Propionimicrobium	genus
33011	species	1912216	Cutibacterium	genus
33010	species	1912216	Cutibacterium	genus
33008	species	1827	Rhodococcus	genus
33007	species	2692118	Winkia	genus
33001	genus	117942	Desulfurellaceae	family
33	species	32	Myxococcus	genus
329988	species	838	Prevotella	genus
329858	species	329857	Cohnella	genus
329857	genus	186822	Paenibacillaceae	family
329854	species	816	Bacteroides	genus
329726	strain	155978	Acaryochloris marina	species
329267	species	995014	Fontibacillus	genus
329186	species	237	Flavobacterium	genus
329	species	48736	Ralstonia	genus
328814	species	239759	Alistipes	genus
328813	species	239759	Alistipes	genus
328812	species	375288	Parabacteroides	genus
328517	species	323413	Dokdonella	genus
328515	species	363408	Nonlabens	genus
328412	species	1929090	Pseudaeromonas	genus
328396	species	1350	Enterococcus	genus
328301	species	513557	Syntrophorhabdus	genus
328049	species	1817	Nocardia	genus
327160	species	327159	Candidatus Accumulibacter	genus
326544	species	1621534	Paraglaciecola	genus
326523	species	482	Neisseria	genus
326522	species	482	Neisseria	genus
326442	strain	166935	Pseudoalteromonas translucida	species
326427	strain	152260	Chloroflexus aggregans	species
326426	strain	1685	Bifidobacterium breve	species
326425	strain	1587	Lactobacillus helveticus	species
326424	strain	1859	Frankia alni	species
326423	strain	492670	Bacillus velezensis	species
32636	genus	3046412	Halothermotrichaceae	family
326329	species	52959	Polaribacter	genus
326320	species	326319	Dokdonia	genus
326319	genus	49546	Flavobacteriaceae	family
326298	strain	39766	Sulfurimonas denitrificans	species
326297	strain	60478	Shewanella amazonensis	species
326069	species	292691	Christiangramia	genus
325778	species	2225	Methanococcoides	genus
325775	species	776	Coxiella	genus
325240	strain	62322	Shewanella baltica	species
325168	species	2375	Sporomusa	genus
324925	strain	34090	Pelodictyon phaeoclathratiforme	species
324854	species	2675233	Metabacillus	genus
324852	species	182639	Kribbella	genus
324851	species	182639	Kribbella	genus
324831	strain	1596	Lactobacillus gasseri	species
324768	species	2675233	Metabacillus	genus
324767	species	1386	Bacillus	genus
324617	species	642	Aeromonas	genus
324602	strain	1108	Chloroflexus aurantiacus	species
324057	species	44249	Paenibacillus	genus
323850	strain	359303	Shewanella loihica	species
323848	strain	1231	Nitrosospira multiformis	species
323761	species	33882	Microbacterium	genus
323620	genus	82115	Rhizobiaceae	family
323450	species	323449	Pontibacter	genus
323449	genus	1853232	Hymenobacteraceae	family
323413	genus	1775411	Rhodanobacteraceae	family
323284	species	507	Alcaligenes	genus
323261	strain	1229	Nitrosococcus oceani	species
323259	strain	2203	Methanospirillum hungatei	species
323098	strain	913	Nitrobacter winogradskyi	species
323097	strain	912	Nitrobacter hamburgensis	species
322710	strain	354	Azotobacter vinelandii	species
322609	species	85043	Williamsia	genus
322602	species	57495	Dermacoccus	genus
322596	species	57495	Dermacoccus	genus
32257	genus	481	Neisseriaceae	family
322509	species	37914	Dietzia	genus
322508	species	57493	Kocuria	genus
322163	species	41275	Brevundimonas	genus
322159	strain	1308	Streptococcus thermophilus	species
322098	strain	229545	Aster yellows witches'-broom phytoplasma	species
322095	species	836	Porphyromonas	genus
32207	genus	1268	Micrococcaceae	family
32205	genus	170	Leptospiraceae	family
32199	genus	1903409	Erwiniaceae	family
321985	species	1522432	Pseudoduganella	genus
321984	species	1522432	Pseudoduganella	genus
321983	species	1522432	Pseudoduganella	genus
321982	species	1522432	Pseudoduganella	genus
321967	strain	1597	Lacticaseibacillus paracasei	species
321956	strain	1584	Lactobacillus delbrueckii	species
321895	species	1822464	Paraburkholderia	genus
321846	species	286	Pseudomonas	genus
321661	species	286	Pseudomonas	genus
321339	species	608658	Citreimonas	genus
321332	species	1129	Synechococcus	genus
321327	species	1129	Synechococcus	genus
321325	species	85043	Williamsia	genus
321318	species	37914	Dietzia	genus
321315	genus	2004	Streptosporangiaceae	family
321314	strain	28901	Salmonella enterica	species
320853	species	1485	Clostridium	genus
320799	species	2053	Gordonia	genus
320787	species	68288	Cyclobacterium	genus
32068	genus	1129771	Leptotrichiaceae	family
32067	genus	1129771	Leptotrichiaceae	family
32057	species	1186	Calothrix	genus
32056	species	2662189	Dulcicalothrix	genus
32054	species	1186	Calothrix	genus
32051	species	1129	Synechococcus	genus
320497	species	320496	Neoasaia	genus
32049	species	3079908	Picosynechococcus	genus
320483	strain	770	Anaplasma marginale	species
32048	species	1129	Synechococcus	genus
32046	species	1129	Synechococcus	genus
32042	strain	316	Stutzerimonas stutzeri	species
32040	species	3051137	Paracidovorax	genus
320389	strain	13373	Burkholderia mallei	species
320388	strain	13373	Burkholderia mallei	species
320373	strain	28450	Burkholderia pseudomallei	species
320372	strain	28450	Burkholderia pseudomallei	species
32025	species	209	Helicobacter	genus
32014	genus	2897177	Chitinibacteraceae	family
32013	species	283	Comamonas	genus
32008	genus	119060	Burkholderiaceae	family
32002	species	222	Achromobacter	genus
32	genus	31	Myxococcaceae	family
31998	species	407	Methylobacterium	genus
319970	species	1350	Enterococcus	genus
31996	species	532	Beijerinckia	genus
319939	species	286	Pseudomonas	genus
31988	genus	69277	Phyllobacteriaceae	family
31983	genus	1570339	Peptoniphilaceae	family
31980	genus	186803	Lachnospiraceae	family
319795	strain	68909	Deinococcus geothermalis	species
31973	species	1279384	Eggerthia	genus
31971	species	2749846	Amedibacillus	genus
319709	species	1763	Mycobacterium	genus
319707	species	1866885	Mycolicibacterium	genus
319706	species	1866885	Mycolicibacterium	genus
319701	strain	1314	Streptococcus pyogenes	species
319653	species	1253	Pediococcus	genus
319652	species	1253	Pediococcus	genus
31964	species	1573	Clavibacter	genus
31958	species	1813	Amycolatopsis	genus
319458	genus	2896860	Spirosomataceae	family
31943	species	1696	Brevibacterium	genus
319225	strain	1100	Pelodictyon luteolum	species
319224	strain	24	Shewanella putrefaciens	species
31910	species	576341	Halovibrio	genus
31909	species	32636	Halothermothrix	genus
319054	species	53457	Janibacter	genus
319017	species	374	Bradyrhizobium	genus
319003	species	374	Bradyrhizobium	genus
318996	species	374	Bradyrhizobium	genus
31899	species	44000	Caldicellulosiruptor	genus
318683	species	441	Gluconobacter	genus
318586	strain	266	Paracoccus denitrificans	species
318456	species	657	Photobacterium	genus
318425	species	1866885	Mycolicibacterium	genus
318424	species	1866885	Mycolicibacterium	genus
318167	strain	56812	Shewanella frigidimarina	species
318161	strain	192073	Shewanella denitrificans	species
317936	species	1177	Nostoc	genus
317735	species	1350	Enterococcus	genus
317664	species	317661	Quadrisphaera	genus
317661	genus	83778	Kineosporiaceae	family
317655	strain	117207	Sphingopyxis alaskensis	species
317619	strain	1223	Prochlorothrix hollandica	species
317580	species	237	Flavobacterium	genus
317577	species	1298	Deinococcus	genus
317575	species	317574	Methylothermus	genus
317574	genus	1486721	Methylothermaceae	family
317025	strain	39765	Hydrogenovibrio crunogenus	species
317019	species	1839	Nocardioides	genus
317018	species	57494	Nesterenkonia	genus
317010	species	1350	Enterococcus	genus
317	species	286	Pseudomonas	genus
316997	species	28067	Rubrivivax	genus
316401	strain	562	Escherichia coli	species
316284	strain	1971	Streptomyces noursei	species
316280	strain	1950	Streptomyces peucetius	species
316279	species	1129	Synechococcus	genus
316278	species	1129	Synechococcus	genus
316277	species	43773	Syntrophus	genus
316276	strain	1050	Thermochromatium tepidum	species
316275	strain	40269	Aliivibrio salmonicida	species
316274	strain	65	Herpetosiphon aurantiacus	species
316273	strain	456327	Xanthomonas euvesicatoria	species
316068	species	319458	Leadbetterella	genus
316067	strain	1203471	Geotalea daltonii	species
316058	strain	1076	Rhodopseudomonas palustris	species
316057	strain	1076	Rhodopseudomonas palustris	species
316056	strain	1076	Rhodopseudomonas palustris	species
316055	strain	1076	Rhodopseudomonas palustris	species
316	species	2901164	Stutzerimonas	genus
315750	strain	1408	Bacillus pumilus	species
315749	strain	580165	Bacillus cytotoxicus	species
315730	strain	1405	Bacillus mycoides	species
315456	strain	42862	Rickettsia felis	species
315421	species	226	Alteromonas	genus
315405	species	1301	Streptococcus	genus
315277	strain	813	Chlamydia trachomatis	species
314724	strain	142	Borrelia turicatae	species
314723	strain	140	Borrelia hermsii	species
314722	species	83618	Pseudoxanthomonas	genus
314565	strain	339	Xanthomonas campestris	species
314345	strain	314344	Mariprofundus ferrooxydans	species
314344	species	377315	Mariprofundus	genus
314315	strain	1599	Latilactobacillus sakei	species
314290	species	662	Vibrio	genus
314285	strain	393662	Congregibacter litoralis	species
314282	species	67572	Psychromonas	genus
314281	species	53246	Pseudoalteromonas	genus
314276	strain	190892	Idiomarina baltica	species
314275	species	226	Alteromonas	genus
314267	species	60136	Sulfitobacter	genus
314266	species	13687	Sphingomonas	genus
314264	species	74030	Roseovarius	genus
314263	species	74030	Roseovarius	genus
314262	species	2433	Roseobacter	genus
314260	strain	208216	Parvularcula bermudensis	species
314255	species	1679449	Pseudooceanicola	genus
314254	species	153232	Oceanicaulis	genus
314253	species	911	Nitrobacter	genus
314230	strain	124	Blastopirellula marina	species
314225	strain	39960	Erythrobacter litoralis	species
314202	species	352449	Giesbergeria	genus
314200	species	352449	Giesbergeria	genus
314103	species	47251	Leptolyngbya	genus
313985	species	115782	Trichlorobacter	genus
313627	species	1386	Bacillus	genus
313625	species	1129	Synechococcus	genus
313612	species	28073	Lyngbya	genus
313606	strain	1027	Microscilla marina	species
313603	species	252356	Maribacter	genus
313598	species	52959	Polaribacter	genus
313596	strain	252307	Robiginitalea biformata	species
313595	strain	57029	Psychroflexus torquis	species
313590	species	326319	Dokdonia	genus
313589	species	53457	Janibacter	genus
313588	species	216431	Croceibacter	genus
313587	strain	62970	Methanogenium frigidum	species
313439	species	1301	Streptococcus	genus
313368	species	315422	Palleronia	genus
313367	species	188905	Jannaschia	genus
313007	species	160795	Ureibacillus	genus
312309	strain	668	Aliivibrio fischeri	species
312306	species	286	Pseudomonas	genus
312286	species	1069494	Trueperella	genus
312285	species	1069494	Trueperella	genus
312279	species	312278	Emticicia	genus
312278	genus	2896860	Spirosomataceae	family
312277	species	237	Flavobacterium	genus
312153	strain	576611	Polynucleobacter asymbioticus	species
311999	species	1883	Streptomyces	genus
311808	species	1663	Arthrobacter	genus
311789	species	22	Shewanella	genus
311458	species	1048752	Candidatus Caldarchaeum	genus
311424	strain	61435	Dehalococcoides mccartyi	species
311410	species	150830	Roseibium	genus
311403	strain	359	Rhizobium rhizogenes	species
311402	strain	3025782	Allorhizobium ampelinum	species
311400	species	2263	Thermococcus	genus
311334	species	59732	Chryseobacterium	genus
311333	species	59732	Chryseobacterium	genus
311326	species	1386	Bacillus	genus
311244	species	44249	Paenibacillus	genus
311234	species	1707	Cellulomonas	genus
311230	species	1822464	Paraburkholderia	genus
311208	species	311207	Gaetbulibacter	genus
311207	genus	49546	Flavobacteriaceae	family
311181	genus	2008793	Sterolibacteriaceae	family
311180	species	2919626	Alloyangia	genus
310783	species	1298	Deinococcus	genus
310767	species	349	Zoogloea	genus
310575	species	290425	Advenella	genus
310514	species	52228	Hallella	genus
310400	species	13687	Sphingomonas	genus
310300	species	816	Bacteroides	genus
310298	species	909656	Phocaeicola	genus
310297	species	909656	Phocaeicola	genus
309887	species	1298	Deinococcus	genus
309886	species	1298	Deinococcus	genus
309868	species	34019	Liberibacter	genus
309807	strain	146919	Salinibacter ruber	species
309806	species	212790	Sulfurihydrogenibium	genus
309805	species	182899	Persephonella	genus
309803	strain	2337	Thermotoga neapolitana	species
309801	strain	500	Thermomicrobium roseum	species
309800	strain	2246	Haloferax volcanii	species
309799	strain	14	Dictyoglomus thermophilum	species
309798	strain	35786	Coprothermobacter proteolyticus	species
309797	species	118004	Chrysiogenes	genus
309788	species	400634	Lysinibacillus	genus
309120	species	39948	Dialister	genus
308994	species	39948	Dialister	genus
308865	genus	2762318	Weeksellaceae	family
3088	species	91192	Tetradesmus	genus
308754	species	34008	Rhodovulum	genus
308354	species	1279	Staphylococcus	genus
308163	species	2745	Halomonas	genus
308116	species	326319	Dokdonia	genus
308113	species	326319	Dokdonia	genus
308105	species	407	Methylobacterium	genus
3081	species	113523	Neodesmus	genus
3077	species	3071	Chlorella	genus
307643	species	33986	Exiguobacterium	genus
307628	genus	2005520	Dysgonomonadaceae	family
307627	species	286104	Winogradskyella	genus
307580	species	44249	Paenibacillus	genus
307521	species	74385	Gracilibacillus	genus
307480	species	59732	Chryseobacterium	genus
307126	species	2767887	Ligilactobacillus	genus
307124	species	2747271	Calidithermus	genus
306546	species	359337	Marinimicrobium	genus
306544	species	44249	Paenibacillus	genus
306542	species	44249	Paenibacillus	genus
306539	genus	186817	Bacillaceae	family
306537	strain	38289	Corynebacterium jeikeium	species
306263	strain	201	Campylobacter lari	species
306138	species	1485	Clostridium	genus
305977	species	305976	Pusillimonas	genus
305900	species	305899	Endozoicomonas	genus
305793	species	2767879	Companilactobacillus	genus
305719	species	2974251	Segatella	genus
305700	species	33057	Thauera	genus
305698	species	31988	Aminobacter	genus
305578	species	1386	Bacillus	genus
305517	species	1839	Nocardioides	genus
3055	species	3052	Chlamydomonas	genus
305	species	48736	Ralstonia	genus
304895	species	414878	Catenulispora	genus
304736	species	212790	Sulfurihydrogenibium	genus
3047	species	3044	Dunaliella	genus
3046	species	3044	Dunaliella	genus
304371	strain	570267	Methanocella paludicola	species
304269	species	1386	Bacillus	genus
304268	species	2813788	Litchfieldia	genus
304213	species	28228	Colwellia	genus
304212	species	28228	Colwellia	genus
304207	species	2767891	Schleiferilactobacillus	genus
304077	species	434	Acetobacter	genus
304	species	93681	Roseateles	genus
3039	species	3038	Euglena	genus
303682	species	33057	Thauera	genus
303541	species	1578	Lactobacillus	genus
303380	species	303379	Herminiimonas	genus
303379	genus	75682	Oxalobacteraceae	family
303240	species	2767888	Liquorilactobacillus	genus
303226	genus	1300	Streptococcaceae	family
303118	species	194	Campylobacter	genus
303	species	286	Pseudomonas	genus
302484	species	2251	Haloferax	genus
302481	species	45667	Halobacillus	genus
302449	species	1716	Corynebacterium	genus
302409	strain	779	Ehrlichia ruminantium	species
302401	species	68287	Mesorhizobium	genus
302168	species	2040	Aeromicrobium	genus
302167	species	84406	Virgibacillus	genus
301541	species	171	Leptospira	genus
301388	species	1707	Cellulomonas	genus
301375	species	2222	Methanothrix	genus
301302	species	841	Roseburia	genus
301301	species	841	Roseburia	genus
301154	species	13687	Sphingomonas	genus
301	species	286	Pseudomonas	genus
300852	strain	274	Thermus thermophilus	species
300825	species	2893057	Shouchella	genus
300419	species	300418	Catellicoccus	genus
300269	strain	624	Shigella sonnei	species
300268	strain	621	Shigella boydii	species
300267	strain	622	Shigella dysenteriae	species
300231	species	89404	Glaciecola	genus
300181	species	613	Serratia	genus
300179	species	254250	Isoptericola	genus
300029	species	1817	Nocardia	genus
300028	species	1827	Rhodococcus	genus
300024	species	81	Hyphomicrobium	genus
300019	species	33882	Microbacterium	genus
300018	species	33882	Microbacterium	genus
300	species	286	Pseudomonas	genus
299768	strain	1308	Streptococcus thermophilus	species
299767	species	547	Enterobacter	genus
299568	genus	481	Neisseriaceae	family
299567	species	299566	Adhaeribacter	genus
299566	genus	1853232	Hymenobacteraceae	family
299563	species	872	Desulfovibrio	genus
299480	species	420644	Piscibacillus	genus
299262	species	299261	Tateyamaria	genus
299255	species	44011	Ferrimonas	genus
299152	species	1873	Micromonospora	genus
298908	species	286	Pseudomonas	genus
298708	species	13687	Sphingomonas	genus
298701	species	872	Desulfovibrio	genus
298657	species	53246	Pseudoalteromonas	genus
298655	species	2994363	Pseudofrankia	genus
298654	species	2994363	Pseudofrankia	genus
298653	species	1854	Frankia	genus
298386	strain	74109	Photobacterium profundum	species
298163	species	361607	Patulibacter	genus
2981	species	2980	Tribonema	genus
298	species	286	Pseudomonas	genus
297352	strain	1364	Lactococcus piscium	species
297318	species	44249	Paenibacillus	genus
297246	strain	446	Legionella pneumophila	species
297245	strain	446	Legionella pneumophila	species
297244	species	59732	Chryseobacterium	genus
297174	species	74385	Gracilibacillus	genus
297173	species	84406	Virgibacillus	genus
297170	species	1386	Bacillus	genus
297168	species	1386	Bacillus	genus
2970915	species	881616	Herbiconiux	genus
2970914	species	881616	Herbiconiux	genus
297	species	70774	Hydrogenophilus	genus
296745	species	379065	Caldalkalibacillus	genus
296591	species	52972	Polaromonas	genus
296199	species	662	Vibrio	genus
296052	species	296051	Terrimonas	genus
296051	genus	563835	Chitinophagaceae	family
296	species	286	Pseudomonas	genus
295837	species	37096	Rhodomonas	genus
29581	species	29580	Janthinobacterium	genus
29580	genus	75682	Oxalobacteraceae	family
29575	species	29574	Taylorella	genus
29574	genus	506	Alcaligenaceae	family
29573	species	2745	Halomonas	genus
29571	species	2745	Halomonas	genus
29570	species	2745	Halomonas	genus
29562	species	2923352	Mesomycoplasma	genus
295577	genus	1836792	Chthoniobacteraceae	family
29556	species	2767358	Mycoplasmopsis	genus
29555	species	2767358	Mycoplasmopsis	genus
29554	species	2895509	Metamycoplasma	genus
29552	species	2903106	Haploplasma	genus
29549	species	29548	Rhodothermus	genus
29548	genus	563843	Rhodothermaceae	family
29546	species	41707	Lawsonia	genus
2954440	species	44675	Geothrix	genus
2954439	species	44675	Geothrix	genus
2954438	species	41949	Microthrix	genus
29543	species	18	Pelobacter	genus
295428	species	237	Flavobacterium	genus
29542	species	2812025	Syntrophotalea	genus
295419	species	295418	Rubellimicrobium	genus
295418	genus	2854170	Roseobacteraceae	family
295405	strain	817	Bacteroides fragilis	species
29540	strain	64602	Natrialba asiatica	species
29536	species	237	Flavobacterium	genus
295358	strain	2099	Mesomycoplasma hyopneumoniae	species
29534	species	237	Flavobacterium	genus
29533	species	237	Flavobacterium	genus
295324	species	44249	Paenibacillus	genus
295319	strain	28901	Salmonella enterica	species
295302	species	33986	Exiguobacterium	genus
29530	species	978	Cytophaga	genus
29529	species	79328	Chitinophaga	genus
29526	genus	213465	Syntrophobacteraceae	family
29521	genus	143786	Brachyspiraceae	family
29520	species	138	Borrelia	genus
29519	species	64895	Borreliella	genus
29518	species	64895	Borreliella	genus
29510	species	338321	Turneriella	genus
2951	species	2949	Symbiodinium	genus
295089	species	2792075	Pontixanthobacter	genus
29508	species	171	Leptospira	genus
29507	species	171	Leptospira	genus
295069	species	59732	Chryseobacterium	genus
295068	species	28253	Marinomonas	genus
295065	species	175304	Lentibacillus	genus
29506	species	171	Leptospira	genus
29501	species	2093	Mycoplasma	genus
29498	species	662	Vibrio	genus
29497	species	662	Vibrio	genus
29495	species	662	Vibrio	genus
29494	species	662	Vibrio	genus
29489	species	642	Aeromonas	genus
29488	species	29487	Photorhabdus	genus
29487	genus	1903414	Morganellaceae	family
29486	species	629	Yersinia	genus
29485	species	629	Yersinia	genus
29484	species	629	Yersinia	genus
29483	species	629	Yersinia	genus
294710	species	294702	Proteiniphilum	genus
29471	species	122277	Pectobacterium	genus
294702	genus	2005520	Dysgonomonadaceae	family
294699	species	150247	Anoxybacillus	genus
29469	species	133	Methylocystis	genus
29468	species	133	Methylocystis	genus
294671	species	2172	Methanobrevibacter	genus
29466	species	29465	Veillonella	genus
29465	genus	31977	Veillonellaceae	family
29461	species	234	Brucella	genus
29460	species	234	Brucella	genus
29459	species	234	Brucella	genus
2945	species	2944	Prorocentrum	genus
29449	species	379	Rhizobium	genus
29448	species	374	Bradyrhizobium	genus
29447	species	338	Xanthomonas	genus
29443	species	157932	Paucimonas	genus
29442	species	286	Pseudomonas	genus
29438	species	286	Pseudomonas	genus
29435	species	286	Pseudomonas	genus
29433	species	475	Moraxella	genus
29432	species	497	Psychrobacter	genus
29430	species	469	Acinetobacter	genus
29429	species	2282523	Methylorubrum	genus
29419	species	209	Helicobacter	genus
29410	species	1129	Synechococcus	genus
29407	genus	45401	Hyphomicrobiaceae	family
29405	species	29404	Microlunatus	genus
29404	genus	31957	Propionibacteriaceae	family
294	species	286	Pseudomonas	genus
293958	species	379	Rhizobium	genus
29395	genus	186817	Bacillaceae	family
29394	species	29393	Dolosigranulum	genus
29393	genus	186828	Carnobacteriaceae	family
29391	species	1378	Gemella	genus
293890	species	33877	Agromyces	genus
29388	species	1279	Staphylococcus	genus
29385	species	1279	Staphylococcus	genus
29384	species	1279	Staphylococcus	genus
293826	strain	208226	Alkaliphilus metalliredigens	species
29382	species	1279	Staphylococcus	genus
29380	species	1279	Staphylococcus	genus
29379	species	1279	Staphylococcus	genus
29378	species	1279	Staphylococcus	genus
2937417	species	816	Bacteroides	genus
29372	species	1485	Clostridium	genus
29370	species	2719231	Lacrimispora	genus
29369	species	1485	Clostridium	genus
293653	strain	1314	Streptococcus pyogenes	species
293647	species	224459	Byssovorax	genus
29364	species	1506553	Lachnoclostridium	genus
29363	species	1485	Clostridium	genus
29362	species	1508657	Ruminiclostridium	genus
293614	strain	786	Rickettsia akari	species
293613	strain	788	Rickettsia canadensis	species
29361	species	1506577	Tyzzerella	genus
29360	species	698776	Cellulosilyticum	genus
293551	species	226	Alteromonas	genus
29354	species	2719231	Lacrimispora	genus
29348	species	3025755	Thomasclavelia	genus
29347	species	1506553	Lachnoclostridium	genus
293431	genus	1644056	Haloferacaceae	family
293386	species	1386	Bacillus	genus
293371	species	2767890	Paucilactobacillus	genus
29332	species	1433999	Domibacillus	genus
29331	genus	186817	Bacillaceae	family
29330	genus	186823	Alicyclobacillaceae	family
29329	species	28895	Thermoanaerobacterium	genus
293256	species	2950009	Alkalidesulfovibrio	genus
29323	species	1754	Thermoanaerobacter	genus
29322	species	1730	Eubacterium	genus
29321	species	1716	Corynebacterium	genus
29320	species	1742992	Paenarthrobacter	genus
29316	species	2529408	Schaalia	genus
29314	species	1073531	Mycolicibacter	genus
293136	genus	3039170	Desulfitibacteraceae	family
293091	species	293431	Haloquadratum	genus
293089	species	293088	Martelella	genus
293085	species	171	Leptospira	genus
293075	species	171	Leptospira	genus
293050	species	1827	Rhodococcus	genus
29303	species	2995706	Streptantibioticus	genus
293	species	41275	Brevundimonas	genus
29299	species	1839	Nocardioides	genus
29298	genus	2004	Streptosporangiaceae	family
29292	species	2260	Pyrococcus	genus
292913	species	165697	Sphingopyxis	genus
29291	species	2225	Methanococcoides	genus
29288	species	29287	Natronococcus	genus
29287	genus	1644061	Natrialbaceae	family
29284	species	56688	Halorubrum	genus
292833	genus	689704	Rhabdochlamydiaceae	family
29283	species	56688	Halorubrum	genus
29282	species	2237	Haloarcula	genus
292806	species	160795	Ureibacillus	genus
292805	strain	80849	Wolbachia endosymbiont of Brugia malayi	species
292800	species	946234	Flavonifractor	genus
292734	species	497	Psychrobacter	genus
292733	species	497	Psychrobacter	genus
292691	genus	49546	Flavobacteriaceae	family
292637	genus	186824	Thermoactinomycetaceae	family
292636	genus	186824	Thermoactinomycetaceae	family
292635	genus	186824	Thermoactinomycetaceae	family
292632	genus	216572	Oscillospiraceae	family
292566	species	13034	Dactylococcopsis	genus
292564	strain	59930	Cyanobium gracile	species
292563	strain	102235	Cyanobacterium stanieri	species
292480	genus	186828	Carnobacteriaceae	family
292462	species	1763	Mycobacterium	genus
292459	strain	2734	Symbiobacterium thermophilum	species
292415	strain	36861	Thiobacillus denitrificans	species
292414	species	97050	Ruegeria	genus
292407	species	120831	Dyadobacter	genus
29204	species	29203	Cyclotella	genus
292	species	32008	Burkholderia	genus
291995	species	2901164	Stutzerimonas	genus
291990	species	291988	Thermosediminibacter	genus
291988	genus	2770093	Thermosediminibacteraceae	family
291985	species	1855416	Qipengyuania	genus
291968	species	291967	Acaricomes	genus
291967	genus	1268	Micrococcaceae	family
291742	species	45667	Halobacillus	genus
2916959	genus	186807	Peptococcaceae	family
2916692	genus	186807	Peptococcaceae	family
2916691	genus	186807	Peptococcaceae	family
2916690	genus	186807	Peptococcaceae	family
2916674	genus	213121	Desulfobulbaceae	family
291645	species	816	Bacteroides	genus
291644	species	816	Bacteroides	genus
291602	species	182639	Kribbella	genus
291403	species	246875	Algoriphagus	genus
291331	strain	347	Xanthomonas oryzae	species
291272	strain	101534	Candidatus Blochmannia pennsylvanicus	species
291193	species	49279	Gelidibacter	genus
291192	species	244698	Gillisia	genus
291190	species	244698	Gillisia	genus
291189	species	283785	Bizionia	genus
291188	species	283785	Bizionia	genus
291187	species	283785	Bizionia	genus
291186	species	283785	Bizionia	genus
291183	genus	49546	Flavobacteriaceae	family
291181	genus	49546	Flavobacteriaceae	family
291180	species	291178	Subsaximicrobium	genus
291179	species	291178	Subsaximicrobium	genus
291178	genus	49546	Flavobacteriaceae	family
291176	species	773	Bartonella	genus
291112	species	29487	Photorhabdus	genus
291048	species	191301	Caminibacter	genus
290847	strain	210	Helicobacter pylori	species
290731	genus	3029090	Aminiphilaceae	family
290633	strain	442	Gluconobacter oxydans	species
290589	species	99906	Alkalibacterium	genus
290588	species	2893057	Shouchella	genus
290512	strain	1102	Prosthecochloris aestuarii	species
290434	strain	664662	Borreliella bavariensis	species
290402	strain	1520	Clostridium beijerinckii	species
290400	species	188905	Jannaschia	genus
290399	species	1663	Arthrobacter	genus
290398	strain	158080	Chromohalobacter salexigens	species
290397	strain	161493	Anaeromyxobacter dehalogenans	species
290340	strain	43663	Paenarthrobacter aurescens	species
290339	strain	28141	Cronobacter sakazakii	species
290338	strain	545	Citrobacter koseri	species
290335	species	51668	Tetragenococcus	genus
290318	strain	1094	Chlorobium phaeovibrioides	species
290317	strain	1096	Chlorobium phaeobacteroides	species
290315	strain	1092	Chlorobium limicola	species
290306	species	265	Paracoccus	genus
2903	species	2902	Emiliania	genus
290231	species	1817	Nocardia	genus
2902295	strain	680	Vibrio campbellii	species
290184	genus	2937910	Desulfotomaculaceae	family
290180	genus	2762306	Roseivirgaceae	family
290174	genus	49546	Flavobacteriaceae	family
290112	species	626	Xenorhabdus	genus
290111	species	626	Xenorhabdus	genus
290110	species	626	Xenorhabdus	genus
290109	species	626	Xenorhabdus	genus
290055	species	2005359	Faecalicatena	genus
290053	species	816	Bacteroides	genus
290052	species	35829	Acetivibrio	genus
2899264	species	2899262	Candidatus Methylophosphatis	genus
2899263	species	2899262	Candidatus Methylophosphatis	genus
2899262	genus	2008793	Sterolibacteriaceae	family
2899244	species	73029	Dechloromonas	genus
2898	species	3030	Cryptomonas	genus
289483	species	83618	Pseudoxanthomonas	genus
289397	strain	28903	Mycoplasmopsis bovis	species
289380	strain	1502	Clostridium perfringens	species
289377	strain	1741	Thermodesulfobacterium commune	species
289376	strain	28262	Thermodesulfovibrio yellowstonii	species
289370	species	286	Pseudomonas	genus
289299	species	3044	Dunaliella	genus
289244	genus	85017	Promicromonosporaceae	family
289201	genus	186817	Bacillaceae	family
28905	genus	2056687	Fastidiosibacteraceae	family
28903	species	2767358	Mycoplasmopsis	genus
28901	species	590	Salmonella	genus
289003	species	286	Pseudomonas	genus
288995	species	46913	Devosia	genus
288992	species	84567	Pedobacter	genus
28898	species	194	Campylobacter	genus
288965	species	35829	Acetivibrio	genus
28896	species	28895	Thermoanaerobacterium	genus
28895	genus	186814	Thermoanaerobacteraceae	family
28892	strain	2201	Methanofollis liminatans	species
28884	genus	135616	Piscirickettsiaceae	family
288705	strain	1646	Renibacterium salmoninarum	species
288681	strain	1396	Bacillus cereus	species
288426	species	265	Paracoccus	genus
2883127	species	60136	Sulfitobacter	genus
288022	species	288021	Kordiimonas	genus
288018	genus	49546	Flavobacteriaceae	family
288000	species	374	Bradyrhizobium	genus
2880	species	2879	Ectocarpus	genus
288	species	53246	Pseudoalteromonas	genus
287844	species	2767884	Lapidilactobacillus	genus
287752	strain	651183	Aurantimonas manganoxydans	species
2876566	species	12916	Acidovorax	genus
2876565	species	2040	Aeromicrobium	genus
2876564	species	374	Bradyrhizobium	genus
2876563	species	59732	Chryseobacterium	genus
2876562	species	407	Methylobacterium	genus
2876561	species	16	Methylophilus	genus
2876560	species	1839	Nocardioides	genus
2876559	species	84567	Pedobacter	genus
2876558	species	84567	Pedobacter	genus
2876557	species	84567	Pedobacter	genus
2876556	species	286	Pseudomonas	genus
2876555	species	33886	Rathayibacter	genus
2876554	species	379	Rhizobium	genus
2876553	species	13687	Sphingomonas	genus
2876552	species	13687	Sphingomonas	genus
2876551	species	13687	Sphingomonas	genus
2876550	species	13687	Sphingomonas	genus
287609	species	2870716	Neoroseomonas	genus
287535	species	455358	Balneola	genus
287488	species	1050833	Eionea	genus
287487	species	475794	Haliea	genus
287478	species	574559	Hellea	genus
287099	species	143222	Salegentibacter	genus
287097	species	245186	Loktanella	genus
287	species	286	Pseudomonas	genus
286804	species	286801	Segniliparus	genus
286802	species	286801	Segniliparus	genus
286801	genus	316606	Segniliparaceae	family
286800	genus	186817	Bacillaceae	family
2867376	genus	2867375	Desulfallaceae	family
286729	genus	558415	Marinilabiliaceae	family
286727	species	191	Azospirillum	genus
286638	species	149698	Massilia	genus
286636	strain	1314	Streptococcus pyogenes	species
286438	species	33877	Agromyces	genus
286436	species	1386	Bacillus	genus
286420	species	158481	Hahella	genus
286138	species	189330	Dorea	genus
286104	genus	49546	Flavobacteriaceae	family
286	genus	135621	Pseudomonadaceae	family
285983	species	2675231	Mesobacillus	genus
285929	species	662	Vibrio	genus
285922	species	57493	Kocuria	genus
285847	species	1873	Micromonospora	genus
285684	strain	54296	Aphanizomenon gracile	species
285679	species	1873	Micromonospora	genus
2856	species	2852	Cylindrotheca	genus
285578	species	1883	Streptomyces	genus
285562	species	1883	Streptomyces	genus
285540	species	1883	Streptomyces	genus
285530	species	1883	Streptomyces	genus
285473	species	1883	Streptomyces	genus
2853165	species	2063	Kitasatospora	genus
2853	species	2852	Cylindrotheca	genus
285268	species	434	Acetobacter	genus
285107	genus	31989	Paracoccaceae	family
285105	genus	2992719	Tepidimicrobiaceae	family
285091	species	3020832	Alloalcanivorax	genus
285070	species	307628	Petrimonas	genus
285040	species	1839	Nocardioides	genus
2850	species	2849	Phaeodactylum	genus
285	species	283	Comamonas	genus
284599	species	1883	Streptomyces	genus
284598	species	1883	Streptomyces	genus
284597	species	1883	Streptomyces	genus
284595	species	1883	Streptomyces	genus
284582	species	331654	Alkalibacillus	genus
284581	species	2800373	Priestia	genus
284580	species	1386	Bacillus	genus
284579	species	1884429	Salibacterium	genus
284578	species	175304	Lentibacillus	genus
284577	species	2745	Halomonas	genus
284570	species	33882	Microbacterium	genus
28454	species	28453	Sphingobacterium	genus
28453	genus	84566	Sphingobacteriaceae	family
28452	species	171	Leptospira	genus
28450	species	32008	Burkholderia	genus
28449	species	482	Neisseria	genus
28448	species	1434011	Komagataeibacter	genus
28447	species	1573	Clavibacter	genus
28445	species	1763	Mycobacterium	genus
28443	genus	2004	Streptosporangiaceae	family
2843	species	2842	Skeletonema	genus
284016	species	20	Phenylobacterium	genus
283942	strain	135577	Idiomarina loihiensis	species
283878	species	55968	Leucobacter	genus
283877	species	55968	Leucobacter	genus
283816	species	2675233	Metabacillus	genus
283811	species	283810	Stackebrandtia	genus
283810	genus	85034	Glycomycetaceae	family
283785	genus	49546	Flavobacteriaceae	family
283737	species	559173	Fructobacillus	genus
283735	genus	49546	Flavobacteriaceae	family
283734	species	1279	Staphylococcus	genus
283718	species	2053	Gordonia	genus
283702	species	2905940	Syntrophobacterium	genus
283699	species	53246	Pseudoalteromonas	genus
283686	species	1330547	Kosakonia	genus
2834413	species	44249	Paenibacillus	genus
283166	strain	38323	Bartonella henselae	species
283165	strain	803	Bartonella quintana	species
283	genus	80864	Comamonadaceae	family
2829	species	2828	Heterosigma	genus
282685	species	1817	Nocardia	genus
282676	species	12914	Acidianus	genus
282669	species	497	Psychrobacter	genus
28264	species	28263	Arcanobacterium	genus
28263	genus	2049	Actinomycetaceae	family
28262	species	28261	Thermodesulfovibrio	genus
28261	genus	2811504	Thermodesulfovibrionaceae	family
28258	species	204286	Cobetia	genus
28255	species	28253	Marinomonas	genus
28253	genus	135620	Oceanospirillaceae	family
28252	species	2745	Halomonas	genus
28251	species	28250	Ornithobacterium	genus
28250	genus	2762318	Weeksellaceae	family
282459	strain	1280	Staphylococcus aureus	species
282458	strain	1280	Staphylococcus aureus	species
282402	species	838	Prevotella	genus
28236	genus	1643949	Petrotogaceae	family
28233	genus	1643949	Petrotogaceae	family
28232	species	28231	Geobacter	genus
28231	genus	213422	Geobacteraceae	family
28230	species	2747	Carnobacterium	genus
28229	species	28228	Colwellia	genus
28228	genus	267889	Colwelliaceae	family
28227	species	2791001	Malacoplasma	genus
28223	species	28222	Desulfobacula	genus
28222	genus	213119	Desulfobacteraceae	family
28220	species	28219	Brachymonas	genus
282199	species	282198	Nereida	genus
282197	species	188905	Jannaschia	genus
28219	genus	80864	Comamonadaceae	family
282132	genus	92713	Parachlamydiaceae	family
28213	species	13687	Sphingomonas	genus
28212	species	13687	Sphingomonas	genus
28210	species	28209	Chelatococcus	genus
28209	genus	2036754	Chelatococcaceae	family
282060	species	125287	Ornithinimicrobium	genus
28200	species	2321111	Aliarcobacter	genus
28199	species	28196	Arcobacter	genus
28198	species	2321111	Aliarcobacter	genus
28197	species	2321111	Aliarcobacter	genus
28196	genus	2808963	Arcobacteraceae	family
28194	genus	1853233	Thermonemataceae	family
281920	species	836	Porphyromonas	genus
281915	genus	80864	Comamonadaceae	family
28189	species	1016	Capnocytophaga	genus
28188	species	1016	Capnocytophaga	genus
28187	species	28186	Acetohalobium	genus
28186	genus	53434	Halobacteroidaceae	family
28184	species	171	Leptospira	genus
28183	species	171	Leptospira	genus
28182	species	171	Leptospira	genus
281785	species	28100	Phyllobacterium	genus
2817710	species	1883	Streptomyces	genus
2817708	species	1883	Streptomyces	genus
28176	species	1076727	Photodesmus	genus
28175	species	662	Vibrio	genus
28174	species	662	Vibrio	genus
281739	species	135575	Idiomarina	genus
281738	species	497	Psychrobacter	genus
28173	species	662	Vibrio	genus
28172	species	662	Vibrio	genus
281714	species	1839	Nocardioides	genus
28169	species	662	Vibrio	genus
281689	strain	891	Desulfuromonas acetoxidans	species
28152	species	629	Yersinia	genus
28151	species	613	Serratia	genus
281473	species	281472	Jiangella	genus
281472	genus	1217100	Jiangellaceae	family
281467	species	286	Pseudomonas	genus
28141	species	413496	Cronobacter	genus
28139	species	28138	Rikenella	genus
28138	genus	171550	Rikenellaceae	family
281376	species	469	Acinetobacter	genus
281375	species	469	Acinetobacter	genus
28137	species	838	Prevotella	genus
281362	species	73029	Dechloromonas	genus
281361	species	237	Flavobacterium	genus
28136	species	2974251	Segatella	genus
28135	species	2974251	Segatella	genus
28134	species	2974257	Hoylesella	genus
28133	species	838	Prevotella	genus
28132	species	838	Prevotella	genus
281310	strain	727	Haemophilus influenzae	species
28131	species	838	Prevotella	genus
281309	strain	1428	Bacillus thuringiensis	species
28130	species	838	Prevotella	genus
28129	species	838	Prevotella	genus
28128	species	838	Prevotella	genus
28127	species	2974257	Hoylesella	genus
28126	species	2974251	Segatella	genus
28125	species	838	Prevotella	genus
28124	species	836	Porphyromonas	genus
28123	species	836	Porphyromonas	genus
28118	species	283168	Odoribacter	genus
28117	species	239759	Alistipes	genus
28116	species	816	Bacteroides	genus
28115	species	836	Porphyromonas	genus
28114	species	836	Porphyromonas	genus
28113	species	816	Bacteroides	genus
281120	species	281119	Candidatus Amoebophilus	genus
28112	species	195950	Tannerella	genus
28111	species	816	Bacteroides	genus
28110	species	262	Francisella	genus
281093	species	1101	Prosthecochloris	genus
281091	species	6	Azorhizobium	genus
281090	strain	1575	Leifsonia xyli	species
28109	species	53246	Pseudoalteromonas	genus
28108	species	226	Alteromonas	genus
28107	species	53246	Pseudoalteromonas	genus
28105	genus	82115	Rhizobiaceae	family
28104	species	68287	Mesorhizobium	genus
28101	species	28100	Phyllobacterium	genus
2810068	species	357	Agrobacterium	genus
28100	genus	69277	Phyllobacteriaceae	family
281	species	279	Xanthobacter	genus
28099	species	357	Agrobacterium	genus
28095	species	32008	Burkholderia	genus
28092	species	2038280	Robbsia	genus
28091	species	482	Neisseria	genus
28090	species	469	Acinetobacter	genus
28082	species	445	Legionella	genus
28080	species	194	Campylobacter	genus
28077	species	1543705	Nitrospirillum	genus
28074	species	28073	Lyngbya	genus
28073	genus	1892254	Oscillatoriaceae	family
28072	species	1177	Nostoc	genus
28070	genus	1890450	Aphanothecaceae	family
28068	species	28067	Rubrivivax	genus
28067	genus	2975441	Sphaerotilaceae	family
28066	species	28065	Rhodoferax	genus
28065	genus	80864	Comamonadaceae	family
280618	species	1817	Nocardia	genus
28052	species	28050	Lachnospira	genus
28050	genus	186803	Lachnospiraceae	family
28049	species	28048	Acidothermus	genus
28048	genus	85032	Acidothermaceae	family
280473	species	280472	Aquiflexum	genus
280472	genus	563798	Cyclobacteriaceae	family
28047	species	1866885	Mycolicibacterium	genus
28045	species	1763	Mycobacterium	genus
28038	species	2767885	Latilactobacillus	genus
28037	species	1301	Streptococcus	genus
28035	species	1279	Staphylococcus	genus
28034	species	28033	Sulfobacillus	genus
28033	genus	539000	Clostridiales Family XVII. Incertae Sedis	family
28031	species	400634	Lysinibacillus	genus
28028	species	1716	Corynebacterium	genus
28026	species	1678	Bifidobacterium	genus
28025	species	1678	Bifidobacterium	genus
280240	species	2013	Nocardiopsis	genus
280239	species	2013	Nocardiopsis	genus
280236	species	2013	Nocardiopsis	genus
2802253	species	1386	Bacillus	genus
280147	species	469	Acinetobacter	genus
280093	species	237	Flavobacterium	genus
280	species	279	Xanthobacter	genus
2798804	species	28065	Rhodoferax	genus
279828	species	337004	Microcella	genus
279827	species	20	Phenylobacterium	genus
279826	species	2675231	Mesobacillus	genus
279824	species	246875	Algoriphagus	genus
279813	species	331971	Thalassobacillus	genus
279808	strain	1283	Staphylococcus haemolyticus	species
279613	species	898	Desulfomicrobium	genus
279574	species	33877	Agromyces	genus
279573	species	33877	Agromyces	genus
279572	species	33877	Agromyces	genus
279446	species	1647190	Aquibacillus	genus
279369	species	2709686	Novosphingopyxis	genus
279359	species	292691	Christiangramia	genus
279262	species	1817	Nocardia	genus
279238	strain	48935	Novosphingobium aromaticivorans	species
279215	species	1386	Bacillus	genus
279208	species	44249	Paenibacillus	genus
279113	species	202907	Collimonas	genus
279058	species	202907	Collimonas	genus
279010	strain	1402	Bacillus licheniformis	species
279	genus	335928	Xanthobacteraceae	family
278993	genus	2937911	Thermincolaceae	family
278992	strain	1889	Streptomyces ambofaciens	species
278991	species	55079	Aneurinibacillus	genus
278990	species	55080	Brevibacillus	genus
2789879	species	673534	Plantactinospora	genus
278961	species	392733	Terriglobus	genus
278860	species	662	Vibrio	genus
2782231	genus	2762318	Weeksellaceae	family
2782229	genus	2762318	Weeksellaceae	family
278209	species	1827	Rhodococcus	genus
278197	strain	1255	Pediococcus pentosaceus	species
278153	species	68287	Mesorhizobium	genus
278137	strain	1804	Mycolicibacterium gilvum	species
278132	species	2211638	Limimaricola	genus
277961	species	2742	Marinobacter	genus
2778647	species	75309	Rhodanobacter	genus
2774129	species	497	Psychrobacter	genus
2774128	species	497	Psychrobacter	genus
2774127	species	497	Psychrobacter	genus
277	species	65551	Meiothermus	genus
2767999	strain	2949636	Cyanocohniella rudolphia	species
2762759	species	1847	Pseudonocardia	genus
2762225	species	1663	Arthrobacter	genus
2762224	species	1663	Arthrobacter	genus
2762220	species	1696	Brevibacterium	genus
2762217	species	1386	Bacillus	genus
2762215	species	469	Acinetobacter	genus
276	species	270	Thermus	genus
2759766	genus	5020	Phaeosphaeriaceae	family
2759736	genus	33958	Lactobacillaceae	family
2757	species	2755	Brochothrix	genus
2756	species	2755	Brochothrix	genus
2755	genus	186820	Listeriaceae	family
2754	species	2753	Synergistes	genus
2753	genus	649777	Synergistaceae	family
2752	species	2747	Carnobacterium	genus
2751	species	2747	Carnobacterium	genus
2750	species	2747	Carnobacterium	genus
2749995	species	286104	Winogradskyella	genus
2749994	species	104264	Cellulophaga	genus
2749	species	2747	Carnobacterium	genus
2748	species	2747	Carnobacterium	genus
2747	genus	186828	Carnobacteriaceae	family
2746	species	2745	Halomonas	genus
274593	species	44249	Paenibacillus	genus
274591	genus	69277	Phyllobacteriaceae	family
2745566	species	104267	Tenacibaculum	genus
2745565	species	104267	Tenacibaculum	genus
2745563	species	52959	Polaribacter	genus
2745561	species	52959	Polaribacter	genus
2745558	species	104264	Cellulophaga	genus
274539	species	256319	Chlorobaculum	genus
274537	species	256319	Chlorobaculum	genus
2745	genus	28256	Halomonadaceae	family
274470	genus	186806	Eubacteriaceae	family
2744555	species	97050	Ruegeria	genus
2743	species	2742	Marinobacter	genus
2742142	species	1279	Staphylococcus	genus
2742	genus	2887365	Marinobacteraceae	family
2740	genus	186807	Peptococcaceae	family
274	species	270	Thermus	genus
2739	species	2737	Vagococcus	genus
2738	species	2737	Vagococcus	genus
2737	genus	81852	Enterococcaceae	family
273678	species	33882	Microbacterium	genus
273677	species	33882	Microbacterium	genus
273676	species	1839	Nocardioides	genus
2736	species	2735	Verrucomicrobium	genus
2735891	species	31988	Aminobacter	genus
273528	species	33986	Exiguobacterium	genus
273526	strain	615	Serratia marcescens	species
2735259	species	3020832	Alloalcanivorax	genus
2735	genus	203557	Verrucomicrobiaceae	family
2734	species	2733	Symbiobacterium	genus
273384	species	1696	Brevibacterium	genus
273376	species	3062336	Parasphaerochaeta	genus
2733571	species	1069494	Trueperella	genus
2733	genus	543349	Symbiobacteriaceae	family
273123	strain	633	Yersinia pseudotuberculosis	species
273121	strain	844	Wolinella succinogenes	species
273119	strain	134821	Ureaplasma parvum	species
273116	strain	50339	Thermoplasma volcanium	species
273075	strain	2303	Thermoplasma acidophilum	species
273068	strain	911092	Caldanaerobacter subterraneus	species
273063	strain	111955	Sulfurisphaera tokodaii	species
273057	strain	2287	Saccharolobus solfataricus	species
273036	strain	1280	Staphylococcus aureus	species
273035	strain	47834	Spiroplasma kunkelii	species
273032	species	1386	Bacillus	genus
272947	strain	782	Rickettsia prowazekii	species
272944	strain	781	Rickettsia conorii	species
272943	strain	1063	Cereibacter sphaeroides	species
272942	strain	1061	Rhodobacter capsulatus	species
272920	species	1485	Clostridium	genus
272919	species	57494	Nesterenkonia	genus
272918	species	57494	Nesterenkonia	genus
272914	species	190323	Plantibacter	genus
272844	strain	29292	Pyrococcus abyssi	species
272843	strain	747	Pasteurella multocida	species
272831	strain	487	Neisseria meningitidis	species
272635	strain	2107	Mycoplasmopsis pulmonis	species
272634	strain	2104	Mycoplasmoides pneumoniae	species
272633	strain	28227	Malacoplasma penetrans	species
272631	strain	1769	Mycobacterium leprae	species
272630	strain	408	Methylorubrum extorquens	species
272627	strain	188	Paramagnetospirillum magnetotacticum	species
272626	strain	1642	Listeria innocua	species
272624	strain	446	Legionella pneumophila	species
272623	strain	1358	Lactococcus lactis	species
272622	strain	1359	Lactococcus cremoris	species
272621	strain	1579	Lactobacillus acidophilus	species
272620	strain	573	Klebsiella pneumoniae	species
272569	strain	2238	Haloarcula marismortui	species
272568	strain	33996	Gluconacetobacter diazotrophicus	species
272567	strain	1422	Geobacillus stearothermophilus	species
272564	strain	49338	Desulfitobacterium hafniense	species
272563	strain	1496	Clostridioides difficile	species
272562	strain	1488	Clostridium acetobutylicum	species
272561	strain	813	Chlamydia trachomatis	species
272560	strain	28450	Burkholderia pseudomallei	species
272559	strain	817	Bacteroides fragilis	species
272558	strain	86665	Halalkalibacterium halodurans	species
272557	strain	56636	Aeropyrum pernix	species
272556	strain	714	Aggregatibacter actinomycetemcomitans	species
272548	species	1654	Actinomyces	genus
2725306	species	1221880	Psychrobacillus	genus
2725303	species	1485	Clostridium	genus
2724178	species	286	Pseudomonas	genus
2724	species	2723	Hirschia	genus
2723	genus	69657	Hyphomonadaceae	family
272241	species	255204	Pseudoclavibacter	genus
272240	species	256818	Gulosibacter	genus
272239	species	256818	Gulosibacter	genus
272210	species	55968	Leucobacter	genus
272164	species	336276	Olleya	genus
272161	species	1663	Arthrobacter	genus
272136	species	47251	Leptolyngbya	genus
272135	species	1183	Plectonema	genus
272134	strain	1184	Leptolyngbya boryana	species
272131	species	1177	Nostoc	genus
272129	species	1501433	Kamptonema	genus
272123	strain	1165	Anabaena cylindrica	species
271865	species	234	Brucella	genus
271848	strain	57975	Burkholderia thailandensis	species
2718	species	2717	Cardiobacterium	genus
2717	genus	868	Cardiobacteriaceae	family
2716812	species	2994361	Protofrankia	genus
2714952	species	93681	Roseateles	genus
271440	species	1883	Streptomyces	genus
271434	species	1663	Arthrobacter	genus
271432	species	1663	Arthrobacter	genus
271431	species	1663	Arthrobacter	genus
271420	species	2901164	Stutzerimonas	genus
271417	species	642	Aeromonas	genus
2714	species	2713	Aquifex	genus
2713	genus	64898	Aquificaceae	family
271160	species	271159	Nicoletella	genus
271157	species	237	Flavobacterium	genus
271156	species	237	Flavobacterium	genus
271155	species	237	Flavobacterium	genus
271098	species	22	Shewanella	genus
271097	species	22	Shewanella	genus
271096	species	22	Shewanella	genus
271091	species	623282	Psychrilyobacter	genus
271065	species	2822410	Methylotuvimicrobium	genus
271	species	270	Thermus	genus
270914	species	76831	Myroides	genus
270643	species	3164	Tetraselmis	genus
270496	species	2905136	Fundidesulfovibrio	genus
270495	species	482136	Fangia	genus
2703885	species	34037	Rahnella	genus
270374	species	2742	Marinobacter	genus
270351	species	407	Methylobacterium	genus
270350	species	407	Methylobacterium	genus
270250	species	773	Bartonella	genus
2702	species	2701	Gardnerella	genus
2701	genus	31953	Bifidobacteriaceae	family
270	genus	188786	Thermaceae	family
2699836	species	1279	Staphylococcus	genus
269800	strain	2021	Thermobifida fusca	species
269799	strain	28232	Geobacter metallireducens	species
269798	strain	985	Cytophaga hutchinsonii	species
269797	strain	2208	Methanosarcina barkeri	species
269796	strain	1085	Rhodospirillum rubrum	species
269781	species	120831	Dyadobacter	genus
269774	species	269773	Atopococcus	genus
269773	genus	186828	Carnobacteriaceae	family
2697	genus	31984	Heliobacteriaceae	family
269673	species	2077	Sporolactobacillus	genus
269672	species	2077	Sporolactobacillus	genus
269666	species	1301	Streptococcus	genus
269484	strain	944	Ehrlichia canis	species
269482	strain	60552	Burkholderia vietnamiensis	species
269421	species	33877	Agromyces	genus
269420	species	33877	Agromyces	genus
269261	species	269260	Nitratifractor	genus
269144	species	57494	Nesterenkonia	genus
269084	strain	32046	Synechococcus elongatus	species
268739	strain	416273	Natronomonas moolapensis	species
268410	species	268408	Rhodovarius	genus
268407	species	44249	Paenibacillus	genus
2681492	species	1883	Streptomyces	genus
267986	genus	3024551	Owenweeksiaceae	family
267870	strain	1126	Microcystis aeruginosa	species
267818	species	1578	Lactobacillus	genus
267800	species	290425	Advenella	genus
267748	strain	2118	[Mycoplasma] mobile	species
267747	strain	1747	Cutibacterium acnes	species
267746	species	55079	Aneurinibacillus	genus
267745	species	55080	Brevibacillus	genus
267671	strain	173	Leptospira interrogans	species
267633	species	2767886	Levilactobacillus	genus
267608	strain	1310165	Ralstonia pseudosolanacearum	species
267408	genus	85021	Intrasporangiaceae	family
267377	strain	39152	Methanococcus maripaludis	species
267375	species	53246	Pseudoalteromonas	genus
267368	species	56688	Halorubrum	genus
267364	species	2767886	Levilactobacillus	genus
267363	species	2767886	Levilactobacillus	genus
267212	species	482	Neisseria	genus
267128	species	165697	Sphingopyxis	genus
266940	strain	131568	Kineococcus radiotolerans	species
266892	species	1884429	Salibacterium	genus
266854	species	448176	Granulicoccus	genus
266835	strain	2066070	Mesorhizobium japonicum	species
266834	strain	382	Sinorhizobium meliloti	species
266812	species	2709685	Parasphingorhabdus	genus
266809	species	266808	Thalassobacter	genus
266805	species	48073	Microbulbifer	genus
266779	species	449972	Chelativorans	genus
266749	species	2782231	Kaistella	genus
266748	species	2782231	Kaistella	genus
266265	strain	36873	Paraburkholderia xenovorans	species
266264	strain	119219	Cupriavidus metallidurans	species
266131	species	47420	Hydrogenophaga	genus
266129	species	47420	Hydrogenophaga	genus
266128	species	40323	Stenotrophomonas	genus
266127	species	13687	Sphingomonas	genus
266122	species	68	Lysobacter	genus
266121	species	99	Ancylobacter	genus
266117	strain	49319	Rubrobacter xylanophilus	species
266062	species	83618	Pseudoxanthomonas	genus
266061	species	83618	Pseudoxanthomonas	genus
266009	species	81682	Methylovorus	genus
266	species	265	Paracoccus	genus
265976	genus	2805590	Ornithinimicrobiaceae	family
265975	genus	186803	Lachnospiraceae	family
265960	species	1434011	Komagataeibacter	genus
265959	species	1434011	Komagataeibacter	genus
265949	species	1763	Mycobacterium	genus
265944	species	1485	Clostridium	genus
265719	species	265718	Aquimonas	genus
265718	genus	1775411	Rhodanobacteraceae	family
265669	strain	1639	Listeria monocytogenes	species
265668	species	662	Vibrio	genus
265659	species	1298	Deinococcus	genus
265606	species	265488	Rhodopirellula	genus
265570	genus	2771472	Sulfurovaceae	family
265546	species	150247	Anoxybacillus	genus
265528	species	2857	Nitzschia	genus
265524	species	49237	Chaetoceros	genus
2654982	species	1822464	Paraburkholderia	genus
2654916	species	1386	Bacillus	genus
265488	genus	2691357	Pirellulaceae	family
265487	genus	2691357	Pirellulaceae	family
265470	species	510701	Desulfurispora	genus
265430	species	1386	Bacillus	genus
265429	species	292713	Silanimonas	genus
265425	species	288793	Salinimonas	genus
265311	strain	2151	Mesoplasma florum	species
265291	species	283	Comamonas	genus
265177	species	1263	Ruminococcus	genus
265176	species	33882	Microbacterium	genus
265175	species	32257	Kingella	genus
265072	strain	405	Methylobacillus flagellatus	species
265	genus	31989	Paracoccaceae	family
264995	genus	186806	Eubacteriaceae	family
264732	strain	1525	Moorella thermoacetica	species
264731	strain	839	Xylanibacter ruminicola	species
264730	strain	29438	Pseudomonas savastanoi	species
264665	species	1163	Anabaena	genus
264574	species	129577	Oceanimonas	genus
264462	strain	959	Bdellovibrio bacteriovorus	species
264297	species	1707	Cellulomonas	genus
264251	species	157920	Cellulosimicrobium	genus
264203	strain	542	Zymomonas mobilis	species
264202	strain	83556	Chlamydia felis	species
264201	strain	362787	Candidatus Protochlamydia amoebophila	species
264199	strain	1308	Streptococcus thermophilus	species
264198	strain	248026	Cupriavidus pinatubonensis	species
264148	species	264147	Millisia	genus
264147	genus	85026	Gordoniaceae	family
264027	species	246875	Algoriphagus	genus
264023	species	527198	Mariniflexile	genus
263910	species	1817	Nocardia	genus
263909	species	2053	Gordonia	genus
263908	species	2053	Gordonia	genus
263906	species	499551	Methanolinea	genus
263849	species	1827	Rhodococcus	genus
263819	species	629	Yersinia	genus
263818	species	28253	Marinomonas	genus
263724	species	135575	Idiomarina	genus
263723	species	135575	Idiomarina	genus
263511	species	263510	Crocosphaera	genus
263475	species	496496	Viridibacillus	genus
263474	species	2837501	Fredinandcohnia	genus
263438	species	953	Wolbachia	genus
263437	species	953	Wolbachia	genus
263378	species	263377	Salipiger	genus
263370	genus	263369	Bacteriovoracaceae	family
263358	strain	1003110	Micromonospora maris	species
263067	species	263066	Malikia	genus
263	species	262	Francisella	genus
262898	species	1873	Micromonospora	genus
262806	species	43673	Jonesia	genus
262768	strain	100379	Onion yellows phytoplasma	species
262728	strain	727	Haemophilus influenzae	species
262727	strain	727	Haemophilus influenzae	species
262724	strain	274	Thermus thermophilus	species
262723	strain	2109	Mycoplasmopsis synoviae	species
262722	strain	2099	Mesomycoplasma hyopneumoniae	species
262719	strain	2099	Mesomycoplasma hyopneumoniae	species
262698	strain	235	Brucella abortus	species
262668	species	469	Acinetobacter	genus
262543	strain	332410	Exiguobacterium sibiricum	species
262324	species	68	Lysobacter	genus
262320	species	237	Flavobacterium	genus
262316	strain	1764	Mycobacterium avium	species
262209	species	53457	Janibacter	genus
262077	species	2742	Marinobacter	genus
262076	species	2742	Marinobacter	genus
262	genus	34064	Francisellaceae	family
261965	species	261963	Kangiella	genus
261964	species	261963	Kangiella	genus
261935	species	2745	Halomonas	genus
261934	species	261933	Pleomorphomonas	genus
261827	genus	49546	Flavobacteriaceae	family
261685	species	261684	Thermosinus	genus
261684	genus	1843490	Sporomusaceae	family
261654	species	1873	Micromonospora	genus
261594	strain	1392	Bacillus anthracis	species
261591	strain	1392	Bacillus anthracis	species
261524	species	1763	Mycobacterium	genus
261477	species	1817	Nocardia	genus
261474	species	191373	Pelotomaculum	genus
261302	species	1822464	Paraburkholderia	genus
261299	species	1505657	Intestinibacter	genus
261292	species	914	Nitrosomonas	genus
261291	species	56688	Halorubrum	genus
261164	species	497	Psychrobacter	genus
261021	species	1485	Clostridium	genus
260799	strain	1392	Bacillus anthracis	species
260714	species	194	Campylobacter	genus
2606622	species	1663	Arthrobacter	genus
2605776	species	1678	Bifidobacterium	genus
260554	species	1386	Bacillus	genus
260553	species	1696	Brevibacterium	genus
260552	species	48073	Microbulbifer	genus
260365	species	22	Shewanella	genus
260364	species	22	Shewanella	genus
260085	species	165696	Novosphingobium	genus
260084	species	76890	Asticcacaulis	genus
2597657	strain	2242	Halobacterium salinarum	species
259564	strain	29291	Methanococcoides burtonii	species
259537	species	73029	Dechloromonas	genus
259536	strain	334543	Psychrobacter arcticus	species
2594913	species	1716	Corynebacterium	genus
2594882	species	2316020	Mediterraneibacter	genus
259390	species	1817	Nocardia	genus
259354	species	218207	Desulfatibacillum	genus
259315	species	216851	Faecalibacterium	genus
2590772	species	374	Bradyrhizobium	genus
259	species	28453	Sphingobacterium	genus
258826	species	1163	Anabaena	genus
2587855	species	60136	Sulfitobacter	genus
258723	species	191769	Marinilactibacillus	genus
258594	strain	1076	Rhodopseudomonas palustris	species
258591	species	2745	Halomonas	genus
258533	species	1866885	Mycolicibacterium	genus
258514	genus	216572	Oscillospiraceae	family
2585118	species	239759	Alistipes	genus
258505	species	1866885	Mycolicibacterium	genus
2584944	species	40544	Sutterella	genus
2583376	species	44249	Paenibacillus	genus
258256	species	258255	Pseudovibrio	genus
258224	species	1716	Corynebacterium	genus
258	species	28453	Sphingobacterium	genus
257984	species	1742989	Glutamicibacter	genus
2579163	strain	2651157	Myxacorys almedinensis	species
257772	species	2745	Halomonas	genus
257758	species	1301	Streptococcus	genus
257708	species	125216	Roseomonas	genus
257627	species	3044	Dunaliella	genus
2574734	species	1647190	Aquibacillus	genus
257454	species	1742990	Paeniglutamicibacter	genus
257446	species	175304	Lentibacillus	genus
257440	species	261933	Pleomorphomonas	genus
257438	species	441	Gluconobacter	genus
257363	strain	785	Rickettsia typhi	species
257314	strain	33959	Lactobacillus johnsonii	species
257311	strain	519	Bordetella parapertussis	species
257310	strain	518	Bordetella bronchiseptica	species
257309	strain	1717	Corynebacterium diphtheriae	species
257281	species	1817	Nocardia	genus
257277	species	1817	Nocardia	genus
257275	species	1817	Nocardia	genus
257274	species	1817	Nocardia	genus
257003	species	13687	Sphingomonas	genus
256847	species	256846	Lentisphaera	genus
256846	genus	566277	Lentisphaeraceae	family
256839	species	22	Shewanella	genus
256826	species	2160	Methanobacterium	genus
256821	species	256818	Gulosibacter	genus
256818	genus	85023	Microbacteriaceae	family
256731	species	256730	Volucribacter	genus
256702	species	1742989	Glutamicibacter	genus
256701	species	1742989	Glutamicibacter	genus
256618	species	256616	Parvibaculum	genus
256616	genus	2813035	Parvibaculaceae	family
256549	species	53457	Janibacter	genus
2565273	species	111830	Defluviicoccus	genus
256326	species	497	Psychrobacter	genus
256325	species	497	Psychrobacter	genus
256	species	76831	Myroides	genus
255984	species	1855416	Qipengyuania	genus
2559073	species	1912216	Cutibacterium	genus
255723	species	84108	Slackia	genus
255616	species	2251	Haloferax	genus
255519	species	1903434	Atlantibacter	genus
255470	strain	61435	Dehalococcoides mccartyi	species
255248	species	1243	Leuconostoc	genus
255247	species	1329200	Fictibacillus	genus
255205	species	255204	Pseudoclavibacter	genus
255204	genus	85023	Microbacteriaceae	family
254955	species	111500	Allomuricauda	genus
254954	species	111500	Allomuricauda	genus
254945	strain	779	Ehrlichia ruminantium	species
254934	species	37096	Rhodomonas	genus
254793	species	22	Shewanella	genus
254788	species	1742990	Paeniglutamicibacter	genus
254787	species	1742990	Paeniglutamicibacter	genus
254784	species	99906	Alkalibacterium	genus
254759	species	2837510	Siminovitchia	genus
254758	species	2837510	Siminovitchia	genus
254757	species	2837510	Siminovitchia	genus
2546104	species	44249	Paenibacillus	genus
254410	species	2823237	Alteribacter	genus
254408	species	413435	Solimonas	genus
254250	genus	85017	Promicromonosporaceae	family
254245	genus	118968	Coxiellaceae	family
254161	species	2901189	Halopseudomonas	genus
254	species	59732	Chryseobacterium	genus
253703	species	44249	Paenibacillus	genus
253255	genus	1737406	Tissierellaceae	family
253245	species	267986	Owenweeksia	genus
253239	species	253238	Ethanoligenens	genus
253183	genus	85017	Promicromonosporaceae	family
253107	species	2765403	Natronolimnohabitans	genus
253106	genus	1644061	Natrialbaceae	family
253	species	59732	Chryseobacterium	genus
252970	species	1822464	Paraburkholderia	genus
252966	species	252965	Mahella	genus
252965	genus	543372	Thermoanaerobacterales Family IV. Incertae Sedis	family
252597	species	226	Alteromonas	genus
252583	species	662	Vibrio	genus
252514	species	48073	Microbulbifer	genus
252394	species	65496	Actinoalloteichus	genus
252356	genus	49546	Flavobacteriaceae	family
252307	species	252306	Robiginitalea	genus
252306	genus	49546	Flavobacteriaceae	family
252305	strain	314255	Pseudooceanicola batsensis	species
252302	species	252301	Oceanicola	genus
252230	species	1839	Nocardioides	genus
252130	species	299568	Uruburuella	genus
252	species	2745	Halomonas	genus
2518989	species	2847769	Aequoribacter	genus
251701	species	286	Pseudomonas	genus
251542	species	203804	Blochmannia	genus
251535	species	203804	Blochmannia	genus
251229	strain	54299	Chroococcidiopsis thermalis	species
251221	strain	33072	Gloeobacter violaceus	species
251	species	83612	Psychroflexus	genus
2508867	species	838	Prevotella	genus
2506427	species	1883	Streptomyces	genus
250	species	59732	Chryseobacterium	genus
25	species	22	Shewanella	genus
2499145	species	1827	Rhodococcus	genus
2496640	species	35812	Roseococcus	genus
249567	species	1883	Streptomyces	genus
249529	genus	186814	Thermoanaerobacteraceae	family
249410	species	47420	Hydrogenophaga	genus
249409	species	47420	Hydrogenophaga	genus
249402	species	273135	Cardinium	genus
249352	species	237	Flavobacterium	genus
249351	species	237	Flavobacterium	genus
249188	species	724	Haemophilus	genus
249058	species	2053	Gordonia	genus
2490539	strain	241426	Crinalium magnum	species
249	species	296051	Terrimonas	genus
248907	species	112040	Zobellia	genus
248906	species	112040	Zobellia	genus
248905	species	112040	Zobellia	genus
248903	species	44249	Paenibacillus	genus
248902	species	33877	Agromyces	genus
2488819	species	1716	Corynebacterium	genus
248744	genus	186803	Lachnospiraceae	family
248552	species	1817	Nocardia	genus
248551	species	1817	Nocardia	genus
248452	species	497	Psychrobacter	genus
248451	species	497	Psychrobacter	genus
248316	species	29465	Veillonella	genus
248026	species	106589	Cupriavidus	genus
247523	species	53246	Pseudoalteromonas	genus
247490	species	360731	Candidatus Jettenia	genus
247333	species	265976	Serinicoccus	genus
247156	strain	37329	Nocardia farcinica	species
247022	species	48073	Microbulbifer	genus
247	species	59734	Empedobacter	genus
246969	species	2263	Thermococcus	genus
246876	genus	246874	Cryomorphaceae	family
246875	genus	563798	Cyclobacteriaceae	family
246873	genus	1853230	Crocinitomicaceae	family
246796	species	84567	Pedobacter	genus
246794	species	58050	Moritella	genus
246787	species	816	Bacteroides	genus
246786	species	2675233	Metabacillus	genus
246613	species	33882	Microbacterium	genus
246603	species	169133	Citricoccus	genus
246602	species	1522432	Pseudoduganella	genus
246432	species	1279	Staphylococcus	genus
246273	species	953	Wolbachia	genus
246201	strain	28037	Streptococcus mitis	species
246200	strain	89184	Ruegeria pomeroyi	species
246198	strain	28131	Prevotella intermedia	species
246197	strain	34	Myxococcus xanthus	species
246196	strain	1772	Mycolicibacterium smegmatis	species
246195	strain	870	Dichelobacter nodosus	species
246194	strain	129958	Carboxydothermus hydrogenoformans	species
246167	species	662	Vibrio	genus
246144	species	1350	Enterococcus	genus
246	species	59732	Chryseobacterium	genus
245876	genus	69277	Phyllobacteriaceae	family
245836	species	2013	Nocardiopsis	genus
245385	species	2745	Halomonas	genus
245294	species	42054	Chromohalobacter	genus
245188	species	2211641	Yoonia	genus
245187	species	245186	Loktanella	genus
245160	species	1329200	Fictibacillus	genus
245	species	237	Flavobacterium	genus
244787	species	191291	Nautilia	genus
244698	genus	49546	Flavobacteriaceae	family
244596	species	274591	Hoeflea	genus
244592	strain	388408	Roseibium alexandrii	species
244581	species	2100211	Paracaedimonas	genus
244573	species	1056	Thiocapsa	genus
244566	species	286	Pseudomonas	genus
244366	species	570	Klebsiella	genus
244365	species	244364	Methylohalobius	genus
244364	genus	1486721	Methylothermaceae	family
244292	species	1763	Mycobacterium	genus
244127	genus	216572	Oscillospiraceae	family
244	species	162291	Planomicrobium	genus
243701	species	745	Pasteurella	genus
243629	species	243627	Hydrocarboniphaga	genus
2434	species	2433	Roseobacter	genus
243365	strain	536	Chromobacterium violaceum	species
2433	genus	2854170	Roseobacteraceae	family
243277	strain	666	Vibrio cholerae	species
243276	strain	160	Treponema pallidum	species
243275	strain	158	Treponema denticola	species
243274	strain	2336	Thermotoga maritima	species
243273	strain	2097	Mycoplasmoides genitalium	species
243272	strain	2111	Metamycoplasma arthritidis	species
243265	strain	2218628	Photorhabdus laumondii	species
243261	species	32008	Burkholderia	genus
243243	strain	1764	Mycobacterium avium	species
243233	strain	414	Methylococcus capsulatus	species
243232	strain	2190	Methanocaldococcus jannaschii	species
243231	strain	35554	Geobacter sulfurreducens	species
243230	strain	1299	Deinococcus radiodurans	species
243164	strain	61435	Dehalococcoides mccartyi	species
243161	strain	83560	Chlamydia muridarum	species
243160	strain	13373	Burkholderia mallei	species
243159	strain	920	Acidithiobacillus ferrooxidans	species
243090	strain	265606	Rhodopirellula baltica	species
243063	species	106633	Thioalkalivibrio	genus
242750	species	52228	Hallella	genus
242737	species	1763	Mycobacterium	genus
242703	species	105850	Acidilobus	genus
242700	species	1754	Thermoanaerobacter	genus
242619	strain	837	Porphyromonas gingivalis	species
242606	species	242605	Luteibacter	genus
2426	species	2425	Teredinibacter	genus
2424	species	2422	Fervidobacterium	genus
2423	species	2422	Fervidobacterium	genus
242231	strain	485	Neisseria gonorrhoeae	species
2422	genus	1643950	Fervidobacteriaceae	family
2421	species	2420	Thermosipho	genus
2420	genus	1643950	Fervidobacteriaceae	family
241429	genus	1892255	Gomontiellaceae	family
241425	species	241421	Crinalium	genus
241421	genus	1892255	Gomontiellaceae	family
241244	species	648802	Rummeliibacillus	genus
241189	genus	186803	Lachnospiraceae	family
241145	species	143222	Salegentibacter	genus
240840	species	1988	Actinomadura	genus
240495	species	1847	Pseudonocardia	genus
240427	species	2767892	Secundilactobacillus	genus
240303	species	45667	Halobacillus	genus
240302	species	45667	Halobacillus	genus
240295	species	240294	Schizothrix	genus
240292	strain	264691	Trichormus variabilis	species
240237	species	240236	Woodsholea	genus
240233	genus	31953	Bifidobacteriaceae	family
240125	species	1763	Mycobacterium	genus
240016	strain	2736	Verrucomicrobium spinosum	species
240015	strain	33075	Acidobacterium capsulatum	species
24	species	22	Shewanella	genus
239984	species	2013	Nocardiopsis	genus
239974	species	2013	Nocardiopsis	genus
239935	species	239934	Akkermansia	genus
239934	genus	1647988	Akkermansiaceae	family
239759	genus	171550	Rikenellaceae	family
239	species	237	Flavobacterium	genus
238813	species	1562	Desulfotomaculum	genus
238783	genus	31989	Paracoccaceae	family
238749	genus	80864	Comamonadaceae	family
2382	species	31980	Acetitomaculum	genus
238015	species	2767888	Liquorilactobacillus	genus
238013	species	2767889	Loigolactobacillus	genus
238	species	308865	Elizabethkingia	genus
2378	species	2375	Sporomusa	genus
237727	species	1041	Erythrobacter	genus
237684	species	320933	Salinibacillus	genus
237679	species	175304	Lentibacillus	genus
237656	species	1847	Pseudonocardia	genus
237612	species	13687	Sphingomonas	genus
237611	species	13687	Sphingomonas	genus
237610	species	286	Pseudomonas	genus
237609	species	286	Pseudomonas	genus
237576	species	265975	Oribacterium	genus
237530	species	44249	Paenibacillus	genus
2375	genus	1843490	Sporomusaceae	family
237446	species	1578	Lactobacillus	genus
237444	genus	49546	Flavobacteriaceae	family
2374	species	2373	Acetonema	genus
237373	species	178469	Arenibacter	genus
2373	genus	1843490	Sporomusaceae	family
237258	species	501783	Cloacibacterium	genus
2371	species	2370	Xylella	genus
237019	species	246875	Algoriphagus	genus
237018	species	246875	Algoriphagus	genus
237017	species	246875	Algoriphagus	genus
2370	genus	32033	Xanthomonadaceae	family
237	genus	49546	Flavobacteriaceae	family
2369	species	2368	Arhodomonas	genus
236814	species	59732	Chryseobacterium	genus
2368	genus	72276	Ectothiorhodospiraceae	family
236753	species	236752	Fastidiosipila	genus
236752	genus	216572	Oscillospiraceae	family
236511	species	1817	Nocardia	genus
236100	species	2742	Marinobacter	genus
236097	species	59753	Alcanivorax	genus
236068	species	182639	Kribbella	genus
236067	species	182639	Kribbella	genus
236052	genus	85015	Nocardioidaceae	family
236	species	234	Brucella	genus
235985	species	228398	Streptacidiphilus	genus
235923	species	1186	Calothrix	genus
235922	strain	1160	Planktothrix agardhii	species
235909	strain	1462	Geobacillus kaustophilus	species
235888	genus	85023	Microbacteriaceae	family
2358	species	2357	Desulfomonile	genus
2357	genus	3031658	Desulfomonilaceae	family
235556	species	286	Pseudomonas	genus
2354	species	2353	Flexispira	genus
235279	strain	32025	Helicobacter hepaticus	species
2352	species	2351	Flexistipes	genus
2351	genus	2945022	Flexistipitaceae	family
2350	species	2349	Haliscomenobacter	genus
235	species	234	Brucella	genus
2349	genus	1937961	Haliscomenobacteraceae	family
234834	species	1696	Brevibacterium	genus
234831	species	53246	Pseudoalteromonas	genus
234828	species	1716	Corynebacterium	genus
234827	species	411566	Midichloria	genus
234826	strain	770	Anaplasma marginale	species
234621	strain	1833	Rhodococcus erythropolis	species
2342	strain	1486991	Candidatus Sodalis pierantonius	species
234	genus	118882	Brucellaceae	family
2337	species	2335	Thermotoga	genus
2336	species	2335	Thermotoga	genus
233583	species	1707	Cellulomonas	genus
2335	genus	188709	Thermotogaceae	family
233413	strain	1773	Mycobacterium tuberculosis	species
233412	strain	730	[Haemophilus] ducreyi	species
233316	species	226	Alteromonas	genus
2332	genus	203492	Fusobacteriaceae	family
233189	genus	292628	Anaerolineaceae	family
233181	species	33055	Candidatus Kinetoplastibacterium	genus
2331	species	2330	Halanaerobium	genus
233055	species	36853	Desulfitobacterium	genus
2330	genus	972	Halanaerobiaceae	family
232991	strain	32056	Dulcicalothrix desertica	species
232721	species	12916	Acidovorax	genus
2325	species	1754	Thermoanaerobacter	genus
232444	species	1696	Brevibacterium	genus
232270	species	1502725	Effusibacillus	genus
232259	species	232244	Belliella	genus
232244	genus	563798	Cyclobacteriaceae	family
232216	species	59732	Chryseobacterium	genus
2322	species	2321	Methanohalobium	genus
232115	genus	49546	Flavobacteriaceae	family
2321	genus	2206	Methanosarcinaceae	family
2320	species	2319	Methanopyrus	genus
2319	genus	183713	Methanopyraceae	family
2317	species	2316	Methanosphaera	genus
2316080	species	209	Helicobacter	genus
2316	genus	2159	Methanobacteriaceae	family
2315418	genus	2315421	Candidatus Sumerlaeaceae	family
2315	species	2314	Methanoplanus	genus
231455	species	231454	Dyella	genus
2314	genus	2194	Methanomicrobiaceae	family
231233	species	1301	Streptococcus	genus
231146	strain	457083	Tolypothrix tenuis	species
231053	species	231052	Saccharibacter	genus
231049	species	2767882	Furfurilactobacillus	genus
231023	strain	303	Pseudomonas putida	species
2308	genus	2307	Pyrodictiaceae	family
230667	species	230666	Chitinibacter	genus
230495	species	230494	Reinekea	genus
230361	species	2172	Methanobrevibacter	genus
230355	genus	2194	Methanomicrobiaceae	family
2303491	genus	2303486	Candidatus Amarolineaceae	family
230310	species	281915	Curvibacter	genus
2303	species	2302	Thermoplasma	genus
2302	genus	46659	Thermoplasmataceae	family
230178	species	1386	Bacillus	genus
230174	species	1386	Bacillus	genus
230173	species	1386	Bacillus	genus
230143	species	196081	Scardovia	genus
230105	species	40222	Methylophaga	genus
230094	species	93217	Pandoraea	genus
230091	species	1873	Micromonospora	genus
230089	species	29487	Photorhabdus	genus
23	species	22	Shewanella	genus
229980	species	56635	Aeropyrum	genus
2299	genus	3031624	Desulfosarcinaceae	family
229731	species	203193	Halobiforma	genus
2296	species	2904687	Desulforapulum	genus
229549	species	1301	Streptococcus	genus
229545	species	33926	Phytoplasma	genus
2295	genus	3023783	Desulfobacteriaceae	family
229486	species	1883	Streptomyces	genus
229480	species	267408	Arsenicicoccus	genus
2293	species	2289	Desulfobacter	genus
229205	species	237	Flavobacterium	genus
229204	species	237	Flavobacterium	genus
229203	species	237	Flavobacterium	genus
229193	strain	632	Yersinia pestis	species
2290982	strain	2930362	Timaviella dunensis	species
229007	species	2745	Halomonas	genus
2290	species	2289	Desulfobacter	genus
228972	genus	85017	Promicromonosporaceae	family
228959	species	252356	Maribacter	genus
228958	species	252356	Maribacter	genus
228957	species	252356	Maribacter	genus
228956	species	252356	Maribacter	genus
228955	species	178469	Arenibacter	genus
228924	species	228923	Guggenheimella	genus
228923	genus	543313	Eubacteriales Family XII. Incertae Sedis	family
228908	strain	160232	Nanoarchaeum equitans	species
2289	genus	213119	Desulfobacteraceae	family
228899	species	2675229	Peribacillus	genus
228745	species	171868	Thermovibrio	genus
2287	species	2100760	Saccharolobus	genus
228654	species	497	Psychrobacter	genus
228604	species	2974251	Segatella	genus
228602	species	1817	Nocardia	genus
228601	species	1817	Nocardia	genus
228600	species	1817	Nocardia	genus
228599	species	1817	Nocardia	genus
228596	species	1817	Nocardia	genus
228576	species	2893057	Shouchella	genus
228575	species	44249	Paenibacillus	genus
228574	species	44249	Paenibacillus	genus
2285	species	2284	Sulfolobus	genus
228414	species	2249	Halococcus	genus
228410	strain	915	Nitrosomonas europaea	species
228405	strain	81032	Hyphomonas neptunium	species
228400	strain	731	Histophilus somni	species
2284	genus	118883	Sulfolobaceae	family
228398	genus	2062	Streptomycetaceae	family
2282743	genus	186807	Peptococcaceae	family
2282742	genus	186807	Peptococcaceae	family
2282741	genus	186807	Peptococcaceae	family
2282740	genus	2867375	Desulfallaceae	family
228230	species	1866885	Mycolicibacterium	genus
228229	species	2767887	Ligilactobacillus	genus
228104	species	1386	Bacillus	genus
228006	species	1817	Nocardia	genus
2280	species	2279	Staphylothermus	genus
228	species	53246	Pseudoalteromonas	genus
227979	genus	90964	Staphylococcaceae	family
227945	species	1578	Lactobacillus	genus
227944	species	1578	Lactobacillus	genus
227943	species	2742598	Limosilactobacillus	genus
227942	species	2742598	Limosilactobacillus	genus
2279	genus	2272	Desulfurococcaceae	family
227882	strain	33903	Streptomyces avermitilis	species
227866	species	1386	Bacillus	genus
227864	genus	186817	Bacillaceae	family
2277	species	2276	Pyrobaculum	genus
2276	genus	2267	Thermoproteaceae	family
2275	species	2273	Desulfurococcus	genus
227388	genus	227387	Thermodesulfobiaceae	family
227377	strain	777	Coxiella burnetii	species
227319	species	1716	Corynebacterium	genus
227318	species	390988	Actinocatenispora	genus
227316	species	1873	Micromonospora	genus
2273	genus	2272	Desulfurococcaceae	family
2271	species	2270	Thermoproteus	genus
227084	species	237444	Ulvibacter	genus
2270	genus	2267	Thermoproteaceae	family
227	species	53246	Pseudoalteromonas	genus
226900	strain	1396	Bacillus cereus	species
2269	species	2268	Thermofilum	genus
2268	genus	114378	Thermofilaceae	family
226506	species	246875	Algoriphagus	genus
226505	species	246875	Algoriphagus	genus
226504	species	246875	Algoriphagus	genus
2265	species	2263	Thermococcus	genus
2264	species	2263	Thermococcus	genus
2263	genus	2259	Thermococcaceae	family
226217	species	1883	Streptomyces	genus
226186	strain	818	Bacteroides thetaiotaomicron	species
226185	strain	1351	Enterococcus faecalis	species
2261	species	2260	Pyrococcus	genus
226011	species	249523	Aestuariibacter	genus
226010	species	249523	Aestuariibacter	genus
2260	genus	2259	Thermococcaceae	family
226	genus	72275	Alteromonadaceae	family
225992	species	283	Comamonas	genus
225991	species	283	Comamonas	genus
225971	species	1855416	Qipengyuania	genus
225937	strain	1033846	Marinobacter adhaerens	species
225917	species	44249	Paenibacillus	genus
225915	species	44249	Paenibacillus	genus
225906	species	44249	Paenibacillus	genus
225894	species	1742989	Glutamicibacter	genus
225849	strain	404011	Shewanella piezotolerans	species
225848	species	22	Shewanella	genus
225845	species	1696	Brevibacterium	genus
225844	species	2675234	Alkalihalobacillus	genus
225843	species	225842	Formosa	genus
225842	genus	49546	Flavobacteriaceae	family
225762	species	2013	Nocardiopsis	genus
2257	species	63743	Natronomonas	genus
2256	genus	1644061	Natrialbaceae	family
225453	species	225447	Yaniella	genus
225447	genus	1268	Micrococcaceae	family
225422	species	60136	Sulfitobacter	genus
2254	species	2251	Haloferax	genus
225326	species	1716	Corynebacterium	genus
225324	species	212791	Enhydrobacter	genus
225323	species	80853	Allomonas	genus
2252	species	2251	Haloferax	genus
225196	species	271087	Geopsychrobacter	genus
225194	species	2883512	Citrifermentans	genus
225144	species	225143	Oceanisphaera	genus
2251	genus	1644056	Haloferacaceae	family
225084	species	1647	Erysipelothrix	genus
225051	species	1817	Nocardia	genus
2250	species	2249	Halococcus	genus
224999	species	499228	Tepidanaerobacter	genus
2249329	species	2303491	Amarolinea	genus
224915	strain	9	Buchnera aphidicola	species
224914	strain	29459	Brucella melitensis	species
224911	strain	1355477	Bradyrhizobium diazoefficiens	species
2249	genus	1963270	Halococcaceae	family
2248	species	56688	Halorubrum	genus
224719	species	2172	Methanobrevibacter	genus
2247	species	56688	Halorubrum	genus
2246	species	2251	Haloferax	genus
224474	genus	3064025	Desulfothermaceae	family
224465	genus	224464	Kofleriaceae	family
224459	genus	49	Polyangiaceae	family
224458	genus	31	Myxococcaceae	family
224455	genus	39	Archangiaceae	family
224436	species	203470	Tepidiphilus	genus
224326	strain	139	Borreliella burgdorferi	species
224325	strain	2234	Archaeoglobus fulgidus	species
224324	strain	63363	Aquifex aeolicus	species
224312	species	662	Vibrio	genus
224308	strain	1423	Bacillus subtilis	species
2242	species	2239	Halobacterium	genus
223967	species	2282523	Methylorubrum	genus
223958	species	33986	Exiguobacterium	genus
223926	strain	670	Vibrio parahaemolyticus	species
223919	species	1485	Clostridium	genus
223905	species	1839	Nocardioides	genus
223904	species	1839	Nocardioides	genus
223903	species	89966	Hymenobacter	genus
223902	species	89966	Hymenobacter	genus
2239	genus	2236	Halobacteriaceae	family
2238	species	2237	Haloarcula	genus
2237	genus	1963268	Haloarculaceae	family
223556	species	1298	Deinococcus	genus
223527	species	2745	Halomonas	genus
2234	species	2233	Archaeoglobus	genus
223392	species	1827	Rhodococcus	genus
223390	species	99	Ancylobacter	genus
223389	species	99	Ancylobacter	genus
2233801	genus	1775411	Rhodanobacteraceae	family
2233	genus	2232	Archaeoglobaceae	family
223283	strain	251701	Pseudomonas syringae group genomosp. 3	species
222991	genus	468	Moraxellaceae	family
222984	species	88723	Natrinema	genus
222891	strain	951	Neorickettsia sennetsu	species
222814	species	1621534	Paraglaciecola	genus
2226	species	2225	Methanococcoides	genus
222523	strain	1396	Bacillus cereus	species
2225	genus	2206	Methanosarcinaceae	family
2224	species	2222	Methanothrix	genus
2223	species	2222	Methanothrix	genus
2222	genus	143067	Methanotrichaceae	family
2221	species	2220	Methanolobus	genus
2220	genus	2206	Methanosarcinaceae	family
222	genus	506	Alcaligenaceae	family
221992	species	106589	Cupriavidus	genus
221989	species	1518149	Thalassotalea	genus
221988	strain	157673	[Mannheimia] succiniciproducens	species
221822	species	302485	Phaeobacter	genus
221799	species	1372	Planococcus	genus
221725	species	2063	Kitasatospora	genus
2214	species	2207	Methanosarcina	genus
221360	species	1129	Synechococcus	genus
221359	species	1129	Synechococcus	genus
221294	strain	221293	Stigonema ocellatum	species
221287	species	221282	Mastigocladopsis	genus
221279	genus	1400857	Candidatus Competibacteraceae	family
221276	species	53335	Pantoea	genus
2211639	genus	31989	Paracoccaceae	family
2211637	genus	31989	Paracoccaceae	family
2211635	genus	31989	Paracoccaceae	family
221109	strain	182710	Oceanobacillus iheyensis	species
221066	species	221065	Kordia	genus
221065	genus	49546	Flavobacteriaceae	family
221028	species	44249	Paenibacillus	genus
221027	species	157	Treponema	genus
2210	species	2207	Methanosarcina	genus
220927	species	1763	Mycobacterium	genus
2209	species	2207	Methanosarcina	genus
2208	species	2207	Methanosarcina	genus
220754	species	157226	Jeotgalibacillus	genus
220714	species	559173	Fructobacillus	genus
2207	genus	2206	Methanosarcinaceae	family
220697	species	168934	Thalassospira	genus
220688	species	2675232	Neobacillus	genus
220687	species	2675232	Neobacillus	genus
220686	species	2675232	Neobacillus	genus
220685	species	2675232	Neobacillus	genus
220684	species	2675232	Neobacillus	genus
220668	strain	1590	Lactiplantibacillus plantarum	species
220664	strain	380021	Pseudomonas protegens	species
2204	genus	2194	Methanomicrobiaceae	family
220378	species	2013	Nocardiopsis	genus
220341	strain	28901	Salmonella enterica	species
2203	species	2202	Methanospirillum	genus
2202	genus	196137	Methanospirillaceae	family
2201171	species	286	Pseudomonas	genus
2201	species	81416	Methanofollis	genus
2200	species	45989	Methanoculleus	genus
22	genus	267890	Shewanellaceae	family
2198	species	45989	Methanoculleus	genus
219748	species	1485	Clostridium	genus
219707	species	104264	Cellulophaga	genus
219649	species	1822464	Paraburkholderia	genus
219574	species	286	Pseudomonas	genus
219572	species	286	Pseudomonas	genus
219571	species	75309	Rhodanobacter	genus
2195	genus	2194	Methanomicrobiaceae	family
219314	species	2040	Aeromicrobium	genus
219301	species	43668	Brachybacterium	genus
2192	genus	88404	Methanocorpusculaceae	family
219182	species	219181	Ottowia	genus
219181	genus	80864	Comamonadaceae	family
2190	species	196118	Methanocaldococcus	genus
218936	species	642	Aeromonas	genus
2189	species	196119	Methanotorris	genus
218823	species	1813	Amycolatopsis	genus
218822	species	1813	Amycolatopsis	genus
218821	species	1813	Amycolatopsis	genus
2188	species	2184	Methanococcus	genus
2187	species	2184	Methanococcus	genus
218670	species	2742	Marinobacter	genus
218538	species	39948	Dialister	genus
218497	strain	83555	Chlamydia abortus	species
218496	strain	2039	Tropheryma whipplei	species
218495	strain	1349	Streptococcus uberis	species
218494	strain	1307	Streptococcus suis	species
218493	strain	54736	Salmonella bongori	species
218491	strain	29471	Pectobacterium atrosepticum	species
2184	genus	2183	Methanococcaceae	family
218284	species	2837508	Rossellomorea	genus
218208	species	218207	Desulfatibacillum	genus
218206	species	2910985	Paucidesulfovibrio	genus
218204	genus	186806	Eubacteriaceae	family
218144	species	2737	Vagococcus	genus
2180	species	2179	Methanothermus	genus
2179	genus	2178	Methanothermaceae	family
2177	species	2175	Methanohalophilus	genus
2176	species	2175	Methanohalophilus	genus
217511	species	217510	Fulvimarina	genus
2175	genus	2206	Methanosarcinaceae	family
217495	species	2804231	Lederbergia	genus
2173	species	2172	Methanobrevibacter	genus
217219	species	356797	Neomegalonema	genus
217204	species	222	Achromobacter	genus
217203	species	222	Achromobacter	genus
2172	genus	2159	Methanobacteriaceae	family
217168	species	186650	Microvirga	genus
217161	genus	1890431	Chamaesiphonaceae	family
217159	species	1485	Clostridium	genus
217141	species	217140	Arcicella	genus
217140	genus	2896860	Spirosomataceae	family
2171	species	2160	Methanobacterium	genus
217090	species	44249	Paenibacillus	genus
217069	species	99	Ancylobacter	genus
217031	species	2804231	Lederbergia	genus
217	species	209	Helicobacter	genus
216946	species	2132	Spiroplasma	genus
216945	species	2132	Spiroplasma	genus
216942	species	2132	Spiroplasma	genus
216938	species	2132	Spiroplasma	genus
216936	species	2132	Spiroplasma	genus
216933	species	2132	Spiroplasma	genus
216929	species	1866885	Mycolicibacterium	genus
216903	species	2782229	Epilithonimonas	genus
216895	strain	672	Vibrio vulnificus	species
216851	genus	216572	Oscillospiraceae	family
216816	species	1678	Bifidobacterium	genus
216778	species	40323	Stenotrophomonas	genus
216597	strain	28901	Salmonella enterica	species
216596	strain	3019933	Rhizobium johnstonii	species
216595	strain	294	Pseudomonas fluorescens	species
216594	strain	1781	Mycobacterium marinum	species
216592	strain	562	Escherichia coli	species
216591	strain	95486	Burkholderia cenocepacia	species
216465	species	52972	Polaromonas	genus
216463	species	2767886	Levilactobacillus	genus
216432	strain	313588	Croceibacter atlanticus	species
216431	genus	49546	Flavobacteriaceae	family
216427	species	46239	Mesoplasma	genus
216389	strain	61435	Dehalococcoides mccartyi	species
2162	species	2160	Methanobacterium	genus
216142	species	286	Pseudomonas	genus
2160	genus	2159	Methanobacteriaceae	family
216	species	209	Helicobacter	genus
215829	species	60136	Sulfitobacter	genus
215828	species	60136	Sulfitobacter	genus
215813	species	309512	Dinoroseobacter	genus
215743	species	74030	Roseovarius	genus
215721	species	1386	Bacillus	genus
215690	species	141948	Thermomonas	genus
215689	species	551	Erwinia	genus
215591	species	2951106	Gracilinema	genus
215590	species	234	Brucella	genus
215221	species	1434011	Komagataeibacter	genus
215220	species	1434011	Komagataeibacter	genus
2152	genus	186333	Anaeroplasmataceae	family
215157	species	482	Neisseria	genus
215156	species	482	Neisseria	genus
2151	species	46239	Mesoplasma	genus
215	species	209	Helicobacter	genus
214904	genus	186804	Peptostreptococcaceae	family
214856	species	239759	Alistipes	genus
214853	species	264995	Anaerofustis	genus
214851	species	292632	Subdoligranulum	genus
2148	species	2147	Acholeplasma	genus
2147	genus	2146	Acholeplasmataceae	family
214688	strain	114	Gemmata obscuriglobus	species
2145	species	2132	Spiroplasma	genus
214473	species	1279	Staphylococcus	genus
214106	species	125216	Roseomonas	genus
214095	species	1350	Enterococcus	genus
214092	strain	632	Yersinia pestis	species
214	species	209	Helicobacter	genus
213810	strain	1161942	Ruminococcus champanellensis	species
213783	species	22	Shewanella	genus
213632	species	1177	Nostoc	genus
213623	species	1163	Anabaena	genus
213622	species	1163	Anabaena	genus
213610	species	1125	Microcystis	genus
213588	species	141948	Thermomonas	genus
213585	strain	2209	Methanosarcina mazei	species
2135651	species	379	Rhizobium	genus
213554	species	2745	Halomonas	genus
213485	genus	213483	Pseudobdellovibrionaceae	family
2134	species	2132	Spiroplasma	genus
213312	species	963	Herbaspirillum	genus
2133	species	2132	Spiroplasma	genus
213248	species	232115	Mesonia	genus
213224	species	213223	Geothermobacter	genus
2132	genus	2131	Spiroplasmataceae	family
213185	species	196119	Methanotorris	genus
2130	species	2129	Ureaplasma	genus
213	species	209	Helicobacter	genus
2129	genus	2790998	Mycoplasmoidaceae	family
2128	species	2923352	Mesomycoplasma	genus
212767	species	1763	Mycobacterium	genus
212765	species	1866885	Mycolicibacterium	genus
212744	genus	75682	Oxalobacteraceae	family
212742	genus	481	Neisseriaceae	family
212741	genus	135621	Pseudomonadaceae	family
212717	strain	1513	Clostridium tetani	species
212667	species	662	Vibrio	genus
212663	species	662	Vibrio	genus
212659	species	651660	Paenisporosarcina	genus
2125991	genus	563835	Chitinophagaceae	family
212403	species	497	Psychrobacter	genus
212362	species	1177	Nostoc	genus
2123	species	2093	Mycoplasma	genus
212194	species	1763	Mycobacterium	genus
212118	genus	135617	Thiotrichaceae	family
212111	genus	1046	Chromatiaceae	family
212110	genus	1046	Chromatiaceae	family
2121	species	2895509	Metamycoplasma	genus
212042	strain	948	Anaplasma phagocytophilum	species
212	species	209	Helicobacter	genus
2118	species	2923352	Mesomycoplasma	genus
211669	species	67572	Psychromonas	genus
211668	species	28228	Colwellia	genus
2116	species	2791001	Malacoplasma	genus
211589	species	963	Herbaspirillum	genus
211586	strain	70863	Shewanella oneidensis	species
2115	species	2767358	Mycoplasmopsis	genus
211469	genus	85018	Dermatophilaceae	family
2113	species	2767358	Mycoplasmopsis	genus
211146	species	1742992	Paenarthrobacter	genus
211110	strain	1311	Streptococcus agalactiae	species
2111	species	2895509	Metamycoplasma	genus
2110	species	2767358	Mycoplasmopsis	genus
2109263	genus	2109261	Abditibacteriaceae	family
2109	species	2767358	Mycoplasmopsis	genus
2107	species	2767358	Mycoplasmopsis	genus
210622	genus	31979	Clostridiaceae	family
210512	species	362865	Sandarakinorhabdus	genus
2105	species	2093	Mycoplasma	genus
210408	species	57488	Thiorhodococcus	genus
2104	species	2995234	Mycoplasmoides	genus
2102	species	2093	Mycoplasma	genus
210007	strain	1309	Streptococcus mutans	species
2100	species	2923352	Mesomycoplasma	genus
210	species	209	Helicobacter	genus
21	species	20	Phenylobacterium	genus
2099	species	2923352	Mesomycoplasma	genus
209882	strain	155615	Fusobacterium vincentii	species
209880	species	209879	Allisonella	genus
209879	genus	31977	Veillonellaceae	family
2098	species	2895509	Metamycoplasma	genus
209770	species	48736	Ralstonia	genus
2097	species	2995234	Mycoplasmoides	genus
209639	species	2742	Marinobacter	genus
2096	species	2995234	Mycoplasmoides	genus
2095	species	2093	Mycoplasma	genus
209446	species	2093	Mycoplasma	genus
2094	species	2767358	Mycoplasmopsis	genus
209389	species	2837504	Heyndrickxia	genus
2093	genus	2092	Mycoplasmataceae	family
209261	strain	28901	Salmonella enterica	species
209252	species	1817	Nocardia	genus
209249	species	1817	Nocardia	genus
209247	species	1817	Nocardia	genus
209246	species	1817	Nocardia	genus
209053	species	1016	Capnocytophaga	genus
209	genus	72293	Helicobacteraceae	family
208964	strain	287	Pseudomonas aeruginosa	species
208963	strain	287	Pseudomonas aeruginosa	species
208962	species	561	Escherichia	genus
208656	species	43668	Brachybacterium	genus
208602	species	1817	Nocardia	genus
2086	genus	186333	Anaeroplasmataceae	family
208596	species	2747	Carnobacterium	genus
208479	species	2719313	Enterocloster	genus
208445	species	1813	Amycolatopsis	genus
208444	species	1813	Amycolatopsis	genus
208443	species	1813	Amycolatopsis	genus
208441	species	1813	Amycolatopsis	genus
208439	species	1813	Amycolatopsis	genus
208435	strain	1311	Streptococcus agalactiae	species
2083192	genus	85033	Sporichthyaceae	family
208226	species	114627	Alkaliphilus	genus
208224	species	547	Enterobacter	genus
208223	species	1330547	Kosakonia	genus
208216	species	208215	Parvularcula	genus
208199	species	2893058	Pseudalkalibacillus	genus
207954	species	459520	Neptuniibacter	genus
207949	species	599651	Bermanella	genus
2078569	species	644652	Gordonibacter	genus
2078	species	2077	Sporolactobacillus	genus
2077	genus	186821	Sporolactobacillaceae	family
207610	species	283	Comamonas	genus
207609	species	32008	Burkholderia	genus
207599	genus	320599	Solirubrobacteraceae	family
207559	strain	58180	Oleidesulfovibrio alaskensis	species
2074	species	1847	Pseudonocardia	genus
207340	species	125216	Roseomonas	genus
207244	genus	186803	Lachnospiraceae	family
2071	genus	2070	Pseudonocardiaceae	family
206680	genus	92712	Simkaniaceae	family
206672	strain	216816	Bifidobacterium longum	species
2066	species	2063	Kitasatospora	genus
206506	species	257820	Kerstersia	genus
206505	species	257820	Kerstersia	genus
206499	species	551	Erwinia	genus
206403	species	265570	Sulfurovum	genus
206394	species	44249	Paenibacillus	genus
206393	species	191373	Pelotomaculum	genus
206375	genus	481	Neisseriaceae	family
2063	genus	2062	Streptomycetaceae	family
206164	species	270	Thermus	genus
206163	species	44249	Paenibacillus	genus
2061	species	2060	Tsukamurella	genus
206043	species	1654	Actinomyces	genus
206042	species	53246	Pseudoalteromonas	genus
206041	species	237	Flavobacterium	genus
2060	genus	85028	Tsukamurellaceae	family
205941	species	235888	Salinibacterium	genus
205922	strain	294	Pseudomonas fluorescens	species
205921	strain	1311	Streptococcus agalactiae	species
205920	strain	945	Ehrlichia chaffeensis	species
205918	strain	317	Pseudomonas syringae	species
205914	strain	731	Histophilus somni	species
205913	strain	216816	Bifidobacterium longum	species
205889	genus	31989	Paracoccaceae	family
205844	species	165696	Novosphingobium	genus
2057	species	2056	Sphaerobacter	genus
2055	species	2053	Gordonia	genus
2054281	species	57493	Kocuria	genus
2054	species	2053	Gordonia	genus
205332	species	33877	Agromyces	genus
2053	genus	85026	Gordoniaceae	family
2052682	species	1448052	Globisporangium	genus
2052	species	2050	Mobiluncus	genus
2051	species	2050	Mobiluncus	genus
2050	genus	2049	Actinomycetaceae	family
2049912	genus	563835	Chitinophagaceae	family
204936	species	2375	Sporomusa	genus
204934	species	125216	Roseomonas	genus
2048911	genus	3069972	Arenimicrobiaceae	family
2048907	genus	3069972	Arenimicrobiaceae	family
2048670	species	29580	Janthinobacterium	genus
204802	species	1883	Streptomyces	genus
204801	species	1883	Streptomyces	genus
204799	species	245876	Nitratireductor	genus
204773	species	303379	Herminiimonas	genus
204731	species	295418	Rubellimicrobium	genus
204722	strain	29461	Brucella suis	species
2047	species	32207	Rothia	genus
204536	strain	309806	Sulfurihydrogenibium azorense	species
204528	species	125216	Roseomonas	genus
204525	species	2870717	Pseudoroseomonas	genus
204516	species	909656	Phocaeicola	genus
2045	species	2044	Pimelobacter	genus
204477	genus	45401	Hyphomicrobiaceae	family
204476	genus	335928	Xanthobacteraceae	family
204474	genus	45401	Hyphomicrobiaceae	family
204472	genus	2172021	Ancalomicrobiaceae	family
204470	species	29330	Alicyclobacillus	genus
204462	species	963	Herbaspirillum	genus
204456	genus	31989	Paracoccaceae	family
204447	genus	2829815	Azospirillaceae	family
2041	species	2040	Aeromicrobium	genus
204091	species	125216	Roseomonas	genus
204072	species	174951	Ramlibacter	genus
2040476	genus	186806	Eubacteriaceae	family
204042	species	204037	Dickeya	genus
204039	species	204037	Dickeya	genus
204038	species	204037	Dickeya	genus
2040	genus	85015	Nocardioidaceae	family
204	species	194	Campylobacter	genus
2039714	genus	563835	Chitinophagaceae	family
2039627	genus	2893042	Salisaetaceae	family
2039302	genus	3085657	Monoglobaceae	family
2039236	genus	1644061	Natrialbaceae	family
203907	species	203804	Blochmannia	genus
2039	species	2038	Tropheryma	genus
203861	genus	942	Anaplasmataceae	family
2038	genus	2805591	Tropherymataceae	family
203799	species	1839	Nocardioides	genus
203795	species	226	Alteromonas	genus
203697	genus	506	Alcaligenaceae	family
2036001	genus	1963268	Haloarculaceae	family
2036	species	2034	Curtobacterium	genus
203523	species	203522	Longispora	genus
203522	genus	28056	Micromonosporaceae	family
2035	species	2034	Curtobacterium	genus
203471	species	203470	Tepidiphilus	genus
203470	genus	206349	Hydrogenophilaceae	family
2034	genus	85023	Microbacteriaceae	family
2033608	genus	1963271	Halorubraceae	family
2033	species	33882	Microbacterium	genus
203275	strain	28112	Tannerella forsythia	species
203267	strain	2039	Tropheryma whipplei	species
203263	species	1716	Corynebacterium	genus
203193	genus	1644061	Natrialbaceae	family
203192	species	2901164	Stutzerimonas	genus
203135	genus	1963268	Haloarculaceae	family
203133	genus	31957	Propionibacteriaceae	family
203124	strain	1206	Trichodesmium erythraeum	species
203123	strain	1247	Oenococcus oeni	species
203122	strain	86304	Saccharophagus degradans	species
203120	strain	1245	Leuconostoc mesenteroides	species
203119	strain	1515	Acetivibrio thermocellus	species
203	species	194	Campylobacter	genus
202956	species	469	Acinetobacter	genus
202955	species	469	Acinetobacter	genus
202954	species	469	Acinetobacter	genus
202952	species	469	Acinetobacter	genus
202951	species	469	Acinetobacter	genus
202950	species	469	Acinetobacter	genus
202949	genus	3039168	Moorellaceae	family
2029	genus	2070	Pseudonocardiaceae	family
202862	species	1883	Streptomyces	genus
2028297	species	547	Enterobacter	genus
202789	species	76833	Actinobaculum	genus
202772	species	202771	Zooshikella	genus
202750	species	1649	Kurthia	genus
202747	species	202746	Sulfurimonas	genus
2026885	species	2250122	Candidatus Bipolaricaulis	genus
2026194	species	1386	Bacillus	genus
2026193	species	1386	Bacillus	genus
2026192	species	1386	Bacillus	genus
2026191	species	1386	Bacillus	genus
2026190	species	1386	Bacillus	genus
2026189	species	1386	Bacillus	genus
2026188	species	1386	Bacillus	genus
2026187	species	1386	Bacillus	genus
2026186	species	1386	Bacillus	genus
2026179	genus	3023805	Desulfocucumaceae	family
202611	species	400634	Lysinibacillus	genus
2025949	species	963	Herbaspirillum	genus
2025876	species	375288	Parabacteroides	genus
2025617	genus	3085096	Ketobacteraceae	family
2024975	genus	2024974	Silvanigrellaceae	family
202462	species	33926	Phytoplasma	genus
2024580	species	673534	Plantactinospora	genus
2023705	genus	89374	Saprospiraceae	family
2023	genus	186824	Thermoactinomycetaceae	family
2022711	genus	2202724	Methanonatronarchaeaceae	family
2021862	species	478070	Labrenzia	genus
2021	species	83677	Thermobifida	genus
2020	species	2019	Thermomonospora	genus
202	species	194	Campylobacter	genus
2019	genus	2012	Thermomonosporaceae	family
2017485	species	43668	Brachybacterium	genus
2017483	species	84406	Virgibacillus	genus
2016	genus	2070	Pseudonocardiaceae	family
2015076	species	59732	Chryseobacterium	genus
2015	species	2013	Nocardiopsis	genus
2014	species	2013	Nocardiopsis	genus
2013	genus	83676	Nocardiopsaceae	family
201185	species	34023	Rhodocista	genus
201096	genus	80864	Comamonadaceae	family
201	species	194	Campylobacter	genus
200991	species	1372	Planococcus	genus
200904	species	200903	Paraliobacillus	genus
200903	genus	186817	Bacillaceae	family
2008781	genus	2008790	Thiobacillaceae	family
2008440	species	2263	Thermococcus	genus
200677	genus	1471398	Prolixibacteraceae	family
200670	genus	89377	Crenotrichaceae	family
200618	species	1839	Nocardioides	genus
2006110	species	83614	Luteimonas	genus
2006	species	147067	Thermobispora	genus
2005460	species	268175	Chondrocystis	genus
2005375	genus	186817	Bacillaceae	family
2005073	species	423349	Mucilaginibacter	genus
2005072	species	67572	Psychromonas	genus
2005046	species	40323	Stenotrophomonas	genus
2005	genus	2004	Streptosporangiaceae	family
2004797	genus	2211325	Vicinamibacteraceae	family
200475	species	200473	Brumimicrobium	genus
200473	genus	1853230	Crocinitomicaceae	family
2004595	species	1485	Clostridium	genus
200452	species	286	Pseudomonas	genus
200451	species	286	Pseudomonas	genus
200450	species	286	Pseudomonas	genus
200415	species	200414	Caldisphaera	genus
200414	genus	255472	Caldisphaeraceae	family
200379	species	165301	Lentzea	genus
2003551	species	1707	Cellulomonas	genus
200253	species	1298	Deinococcus	genus
200132	species	44249	Paenibacillus	genus
2001	species	2000	Streptosporangium	genus
2000	genus	2004	Streptosporangiaceae	family
200	species	194	Campylobacter	genus
20	genus	76892	Caulobacteraceae	family
1998	genus	2004	Streptosporangiaceae	family
199596	species	120652	Methylocella	genus
199592	species	33882	Microbacterium	genus
199591	species	1696	Brevibacterium	genus
1995	genus	2004	Streptosporangiaceae	family
199441	species	2893056	Halalkalibacter	genus
1994	species	1988	Actinomadura	genus
199310	strain	562	Escherichia coli	species
1993	species	1988	Actinomadura	genus
199136	species	1663	Arthrobacter	genus
1990	species	1988	Actinomadura	genus
199	species	194	Campylobacter	genus
198832	species	662	Vibrio	genus
198822	species	1822464	Paraburkholderia	genus
198815	species	662	Vibrio	genus
198804	strain	9	Buchnera aphidicola	species
1988031	genus	3085097	Candidatus Promineifilaceae	family
1988	genus	2012	Thermomonosporaceae	family
1987723	species	10	Cellvibrio	genus
1987061	species	1301	Streptococcus	genus
1987060	species	1301	Streptococcus	genus
198706	species	198705	Lampropedia	genus
1987059	species	1301	Streptococcus	genus
1987058	species	1301	Streptococcus	genus
1987056	species	1301	Streptococcus	genus
1987053	species	1301	Streptococcus	genus
1987052	species	1301	Streptococcus	genus
1987051	species	1301	Streptococcus	genus
1987050	species	1301	Streptococcus	genus
198705	genus	80864	Comamonadaceae	family
1987049	species	1301	Streptococcus	genus
1987047	species	1301	Streptococcus	genus
1987046	species	1301	Streptococcus	genus
1987044	species	1301	Streptococcus	genus
198628	strain	204038	Dickeya dadantii	species
1986204	species	2019482	Brevefilum	genus
198620	species	286	Pseudomonas	genus
198618	species	286	Pseudomonas	genus
198616	species	286	Pseudomonas	genus
1985873	species	1778653	Sulfuriferula	genus
198484	species	69965	Macrococcus	genus
198483	species	69965	Macrococcus	genus
198482	species	69965	Macrococcus	genus
198481	species	497	Psychrobacter	genus
198480	species	497	Psychrobacter	genus
198467	species	150247	Anoxybacillus	genus
198466	strain	1314	Streptococcus pyogenes	species
198312	species	1041	Erythrobacter	genus
198307	species	1883	Streptomyces	genus
198306	species	1883	Streptomyces	genus
198305	species	1883	Streptomyces	genus
198304	species	1883	Streptomyces	genus
198252	species	198251	Pelagibacter	genus
198215	strain	623	Shigella flexneri	species
198214	strain	623	Shigella flexneri	species
198119	species	44249	Paenibacillus	genus
198118	species	129337	Geobacillus	genus
198107	species	12960	Azoarcus	genus
198094	strain	1392	Bacillus anthracis	species
198093	species	2870717	Pseudoroseomonas	genus
198092	species	125216	Roseomonas	genus
1980514	genus	2236	Halobacteriaceae	family
1980001	species	157920	Cellulosimicrobium	genus
1979526	species	1386	Bacillus	genus
1978566	species	69578	Cryobacterium	genus
1977908	species	665874	Limnohabitans	genus
197614	species	1301	Streptococcus	genus
197575	species	724	Haemophilus	genus
1975676	species	237	Flavobacterium	genus
197482	species	2321114	Malaciobacter	genus
197461	species	258255	Pseudovibrio	genus
1974213	species	1101	Prosthecochloris	genus
197345	species	83612	Psychroflexus	genus
197222	species	1621534	Paraglaciecola	genus
197221	strain	146786	Thermosynechococcus vestitus	species
197162	species	53572	Deferribacter	genus
1970	species	1883	Streptomyces	genus
197	species	194	Campylobacter	genus
196914	species	1865	Actinoplanes	genus
1969	species	1883	Streptomyces	genus
1967782	species	810	Chlamydia	genus
196627	strain	1718	Corynebacterium glutamicum	species
196620	strain	1280	Staphylococcus aureus	species
196600	strain	672	Vibrio vulnificus	species
196588	species	1041	Erythrobacter	genus
196490	species	374	Bradyrhizobium	genus
196367	species	1827195	Caballeronia	genus
1961799	genus	134623	Opitutaceae	family
196164	strain	152794	Corynebacterium efficiens	species
196162	species	1839	Nocardioides	genus
196119	genus	196117	Methanocaldococcaceae	family
196118	genus	196117	Methanocaldococcaceae	family
196084	genus	85023	Microbacteriaceae	family
196082	genus	31953	Bifidobacteriaceae	family
196081	genus	31953	Bifidobacteriaceae	family
196079	genus	135620	Oceanospirillaceae	family
196024	species	642	Aeromonas	genus
196015	species	196013	Caldimonas	genus
1960083	species	1654	Actinomyces	genus
196	species	194	Campylobacter	genus
195964	genus	28056	Micromonosporaceae	family
195950	genus	2005525	Tannerellaceae	family
195930	species	106589	Cupriavidus	genus
195913	species	245186	Loktanella	genus
195907	species	244698	Gillisia	genus
195801	species	1883	Streptomyces	genus
195749	species	43676	Promicromonospora	genus
195748	species	43676	Promicromonospora	genus
1957020	genus	85023	Microbacteriaceae	family
195522	species	2263	Thermococcus	genus
195253	species	1129	Synechococcus	genus
195103	strain	1502	Clostridium perfringens	species
195102	strain	1502	Clostridium perfringens	species
1951	species	1883	Streptomyces	genus
195099	strain	197	Campylobacter jejuni	species
195088	species	45667	Halobacillus	genus
195069	species	37096	Rhodomonas	genus
195064	species	1051	Ectothiorhodospira	genus
195	species	194	Campylobacter	genus
194963	species	28105	Sinorhizobium	genus
194867	species	13687	Sphingomonas	genus
194841	species	919	Thiobacillus	genus
194702	species	2717	Cardiobacterium	genus
1946401	species	73029	Dechloromonas	genus
1945662	species	265	Paracoccus	genus
1945521	species	497	Psychrobacter	genus
1945520	species	497	Psychrobacter	genus
1945512	species	10	Cellvibrio	genus
194439	strain	1097	Chlorobaculum tepidum	species
194438	species	13687	Sphingomonas	genus
194437	species	13687	Sphingomonas	genus
194436	species	407	Methylobacterium	genus
194435	species	407	Methylobacterium	genus
194433	species	407	Methylobacterium	genus
194432	species	407	Methylobacterium	genus
1943561	genus	186822	Paenibacillaceae	family
194326	species	2767879	Companilactobacillus	genus
1942464	species	104264	Cellulophaga	genus
194196	species	194195	Alysiella	genus
194195	genus	481	Neisseriaceae	family
1940855	genus	203492	Fusobacteriaceae	family
1940790	species	2483368	Sedimentisphaera	genus
1940395	genus	186821	Sporolactobacillaceae	family
194	genus	72294	Campylobacteraceae	family
1938607	species	13687	Sphingomonas	genus
1938606	species	29580	Janthinobacterium	genus
1938605	species	41275	Brevundimonas	genus
1938604	species	187	Aquaspirillum	genus
1938	species	1883	Streptomyces	genus
1937461	species	102106	Collinsella	genus
1936081	species	1649495	Seonamhaeicola	genus
1936080	species	286104	Winogradskyella	genus
193568	genus	1890941	Nanoarchaeaceae	family
193567	strain	1314	Streptococcus pyogenes	species
1934947	genus	1934946	Immundisolibacteraceae	family
193462	species	1883	Streptomyces	genus
193461	species	1883	Streptomyces	genus
193460	species	1883	Streptomyces	genus
193384	species	193383	Rhodoglobus	genus
193383	genus	85023	Microbacteriaceae	family
1933220	species	28453	Sphingobacterium	genus
1932360	species	1073987	Halorientalis	genus
1931224	genus	32033	Xanthomonadaceae	family
193112	species	133	Methylocystis	genus
193100	species	133	Methylocystis	genus
193095	species	133	Methylocystis	genus
193093	species	133	Methylocystis	genus
1930830	genus	1300	Streptococcaceae	family
1930795	genus	186824	Thermoactinomycetaceae	family
1930764	species	1569	Sporosarcina	genus
1930557	species	22	Shewanella	genus
1930546	species	1569	Sporosarcina	genus
1930	species	1883	Streptomyces	genus
193	species	191	Azospirillum	genus
192992	genus	320796	Thermoleophilaceae	family
192987	genus	186828	Carnobacteriaceae	family
192952	strain	2209	Methanosarcina mazei	species
192843	species	28065	Rhodoferax	genus
192814	species	45667	Halobacillus	genus
192812	species	1855416	Qipengyuania	genus
1926494	species	1822464	Paraburkholderia	genus
1926	species	1883	Streptomyces	genus
192421	species	1372	Planococcus	genus
192389	species	59732	Chryseobacterium	genus
192222	strain	197	Campylobacter jejuni	species
1921569	genus	1921568	Micropepsaceae	family
1921510	species	2685927	Tardibacter	genus
1921443	species	133925	Olsenella	genus
1921421	species	129337	Geobacillus	genus
1920883	species	1759396	Marivivens	genus
1920749	species	2490204	Candidatus Mancarchaeum	genus
192073	species	22	Shewanella	genus
1920426	species	237	Flavobacterium	genus
1920191	species	80865	Delftia	genus
1920190	species	47	Archangium	genus
192	species	191	Azospirillum	genus
191960	species	349742	Sedimenticola	genus
1919	species	1883	Streptomyces	genus
191863	species	295577	Chthoniobacter	genus
1918598	genus	995019	Sutterellaceae	family
1918542	genus	186803	Lachnospiraceae	family
1918540	genus	2005473	Muribaculaceae	family
1918536	genus	128827	Erysipelotrichaceae	family
1918521	genus	186806	Eubacteriaceae	family
191847	species	33973	Acidobacterium	genus
1918452	genus	186803	Lachnospiraceae	family
1918450	genus	186803	Lachnospiraceae	family
1918385	genus	3082771	Acutalibacteraceae	family
1917883	species	816	Bacteroides	genus
191770	species	191769	Marinilactibacillus	genus
191769	genus	186828	Carnobacteriaceae	family
191768	species	191767	Plesiocystis	genus
1917485	species	60136	Sulfitobacter	genus
1917182	species	2017546	Paracandidimonas	genus
1917181	species	44249	Paenibacillus	genus
1917180	species	2675231	Mesobacillus	genus
1916917	species	33882	Microbacterium	genus
191610	species	1716	Corynebacterium	genus
1916	species	1883	Streptomyces	genus
191579	species	332102	Fluviicola	genus
1915078	species	285107	Thioclava	genus
1915	species	1883	Streptomyces	genus
191497	species	193383	Rhodoglobus	genus
191495	species	191494	Conexibacter	genus
191494	genus	320583	Conexibacteraceae	family
191493	species	1716	Corynebacterium	genus
1914252	genus	186814	Thermoanaerobacteraceae	family
1914243	species	544	Citrobacter	genus
1914234	genus	1914233	Gemmataceae	family
191391	species	286	Pseudomonas	genus
191390	species	286	Pseudomonas	genus
191389	species	110932	Leifsonia	genus
191373	genus	2937910	Desulfotomaculaceae	family
1913578	species	1434046	Sphingorhabdus	genus
1913577	species	292691	Christiangramia	genus
191303	genus	2810281	Turicibacteraceae	family
191302	species	46913	Devosia	genus
191292	species	1827	Rhodococcus	genus
1912896	species	816	Bacteroides	genus
1912894	species	816	Bacteroides	genus
1912856	species	162289	Peptoniphilus	genus
1912795	species	2767318	Boudabousia	genus
1912216	genus	31957	Propionibacteriaceae	family
1912215	genus	31957	Propionibacteriaceae	family
1912	species	1883	Streptomyces	genus
1911679	species	29465	Veillonella	genus
1911587	species	84406	Virgibacillus	genus
1911586	species	191769	Marinilactibacillus	genus
1911573	genus	1644056	Haloferacaceae	family
1911	species	1883	Streptomyces	genus
1910912	species	286	Pseudomonas	genus
1910910	species	469	Acinetobacter	genus
191026	species	2794998	Maridesulfovibrio	genus
191	genus	2829815	Azospirillaceae	family
1909732	species	72763	Tessaracoccus	genus
1909395	species	83681	Nonomuraea	genus
190898	species	115780	Desulfotignum	genus
190897	species	662	Vibrio	genus
190895	species	662	Vibrio	genus
190893	species	662	Vibrio	genus
190892	species	135575	Idiomarina	genus
190818	genus	2232	Archaeoglobaceae	family
1908	species	1883	Streptomyces	genus
1907654	species	102106	Collinsella	genus
1907578	species	1330545	Lelliottia	genus
190721	species	48736	Ralstonia	genus
1907	species	1883	Streptomyces	genus
1906742	species	33882	Microbacterium	genus
1906741	species	885864	Jeongeupia	genus
190650	strain	155892	Caulobacter vibrioides	species
1906156	genus	3121626	Candidatus Obscuribacteraceae	family
1905847	species	2034	Curtobacterium	genus
1905730	species	122277	Pectobacterium	genus
1905726	genus	186824	Thermoactinomycetaceae	family
1905344	genus	216572	Oscillospiraceae	family
1905141	species	1988	Actinomadura	genus
1905	species	1883	Streptomyces	genus
1904944	species	40323	Stenotrophomonas	genus
190486	strain	346	Xanthomonas citri	species
190485	strain	339	Xanthomonas campestris	species
1903704	species	432330	Tumebacillus	genus
1903694	species	225143	Oceanisphaera	genus
1903686	species	1470540	Jeotgalibaca	genus
1903627	species	547	Enterobacter	genus
1903262	species	816	Bacteroides	genus
190323	genus	85023	Microbacteriaceae	family
1903186	species	43668	Brachybacterium	genus
190310	species	22	Shewanella	genus
190308	species	22	Shewanella	genus
190305	species	22	Shewanella	genus
190304	strain	851	Fusobacterium nucleatum	species
1902579	species	1902578	Tokpelaia	genus
1902	species	1883	Streptomyces	genus
190195	species	182639	Kribbella	genus
190192	strain	2320	Methanopyrus kandleri	species
190147	species	1866885	Mycolicibacterium	genus
190146	species	1653174	Actinotignum	genus
190125	species	2239	Halobacterium	genus
1901	species	1883	Streptomyces	genus
190	species	187	Aquaspirillum	genus
19	species	2812025	Syntrophotalea	genus
189918	species	1763	Mycobacterium	genus
1898749	species	1993653	Nitrosomarinus	genus
1898474	species	69965	Macrococcus	genus
1897729	species	2745	Halomonas	genus
1897649	genus	28256	Halomonadaceae	family
189753	species	374	Bradyrhizobium	genus
189750	species	1817	Nocardia	genus
189742	species	1817	Nocardia	genus
189741	species	1817	Nocardia	genus
189739	species	1817	Nocardia	genus
189723	species	838	Prevotella	genus
189722	species	2974257	Hoylesella	genus
1897011	species	459786	Oscillibacter	genus
189691	species	44249	Paenibacillus	genus
1896196	species	1111	Porphyrobacter	genus
189540	species	1817	Nocardia	genus
189518	strain	173	Leptospira interrogans	species
189426	species	44249	Paenibacillus	genus
189425	species	44249	Paenibacillus	genus
189423	strain	1313	Streptococcus pneumoniae	species
1894	species	2063	Kitasatospora	genus
189385	species	189384	Tremblaya	genus
189382	species	2837508	Rossellomorea	genus
189381	species	2837508	Rossellomorea	genus
189330	genus	186803	Lachnospiraceae	family
189326	genus	186814	Thermoanaerobacteraceae	family
1891926	species	1936111	Fuerstiella	genus
1891675	species	53335	Pantoea	genus
1891280	species	2284	Sulfolobus	genus
1891224	species	469	Acinetobacter	genus
1890302	species	1386	Bacillus	genus
1890298	genus	563835	Chitinophagaceae	family
1890291	genus	31979	Clostridiaceae	family
1890224	genus	186817	Bacillaceae	family
189	species	660514	Novispirillum	genus
188937	strain	2214	Methanosarcina acetivorans	species
188932	species	84567	Pedobacter	genus
188913	species	180162	Cetobacterium	genus
188906	species	188905	Jannaschia	genus
1889	species	1883	Streptomyces	genus
188872	species	178469	Arenibacter	genus
1888	species	1883	Streptomyces	genus
1887	species	1883	Streptomyces	genus
188626	species	57495	Dermacoccus	genus
1886	species	1883	Streptomyces	genus
1885919	species	234	Brucella	genus
1884916	species	2039639	Nanopelagicus	genus
1884915	species	2039639	Nanopelagicus	genus
1884914	species	622681	Planktophila	genus
1884913	species	622681	Planktophila	genus
1884634	species	2039639	Nanopelagicus	genus
1884449	genus	186817	Bacillaceae	family
1884353	species	34067	Cycloclasticus	genus
1884263	species	970	Selenomonas	genus
1884	species	1883	Streptomyces	genus
1883416	species	2745	Halomonas	genus
1883	genus	2062	Streptomycetaceae	family
1882917	genus	49	Polyangiaceae	family
1882782	species	59753	Alcanivorax	genus
188144	species	188143	Enterovibrio	genus
1881	species	1873	Micromonospora	genus
1880851	species	662	Vibrio	genus
1880848	species	662	Vibrio	genus
1880839	species	22	Shewanella	genus
1880838	species	22	Shewanella	genus
1880836	species	22	Shewanella	genus
1880834	species	22	Shewanella	genus
1880682	species	286	Pseudomonas	genus
1880681	species	286	Pseudomonas	genus
1880680	species	286	Pseudomonas	genus
188	species	3031148	Paramagnetospirillum	genus
187981	species	2742	Marinobacter	genus
187980	species	48073	Microbulbifer	genus
187979	species	52225	Mitsuokella	genus
187878	species	2263	Thermococcus	genus
187868	species	3051137	Paracidovorax	genus
187493	species	187492	Thalassolituus	genus
187491	species	1716	Corynebacterium	genus
187452	species	1253	Pediococcus	genus
1874317	species	2742	Marinobacter	genus
187420	strain	145262	Methanothermobacter thermautotrophicus	species
187410	strain	632	Yersinia pestis	species
187400	species	265	Paracoccus	genus
1873524	species	1980514	Halodesulfurarchaeum	genus
1873484	species	626	Xenorhabdus	genus
1873482	species	626	Xenorhabdus	genus
187328	species	29465	Veillonella	genus
187327	species	904	Acidaminococcus	genus
187326	species	906	Megasphaera	genus
187304	species	150830	Roseibium	genus
187303	species	133	Methylocystis	genus
1873	genus	28056	Micromonosporaceae	family
187272	strain	351052	Alkalilimnicola ehrlichii	species
1872678	species	53246	Pseudoalteromonas	genus
187145	species	187144	Caldithrix	genus
187137	species	208447	Oceanithermus	genus
1871047	species	59732	Chryseobacterium	genus
1871043	species	34072	Variovorax	genus
187102	species	1866885	Mycolicibacterium	genus
1871016	species	102106	Collinsella	genus
187101	species	168808	Sneathia	genus
1871006	species	816	Bacteroides	genus
187	genus	2897176	Aquaspirillaceae	family
186931	species	106633	Thioalkalivibrio	genus
1868429	species	1386	Bacillus	genus
1868428	species	1386	Bacillus	genus
1868425	species	1386	Bacillus	genus
1868424	species	1386	Bacillus	genus
1868423	species	1386	Bacillus	genus
1868422	species	1386	Bacillus	genus
1868421	species	1386	Bacillus	genus
1868420	species	1386	Bacillus	genus
1868419	species	1386	Bacillus	genus
1868418	species	1386	Bacillus	genus
1868417	species	1386	Bacillus	genus
1868416	species	1386	Bacillus	genus
1868415	species	1386	Bacillus	genus
1868414	species	1386	Bacillus	genus
1868413	species	1386	Bacillus	genus
1868411	species	1386	Bacillus	genus
1868410	species	1386	Bacillus	genus
1868409	species	1386	Bacillus	genus
1868405	species	1386	Bacillus	genus
1868403	species	1386	Bacillus	genus
1868402	species	1386	Bacillus	genus
1868401	species	1386	Bacillus	genus
1868400	species	1386	Bacillus	genus
1868399	species	1386	Bacillus	genus
1868398	species	1386	Bacillus	genus
1868397	species	1386	Bacillus	genus
1868396	species	1386	Bacillus	genus
1868395	species	1386	Bacillus	genus
1868393	species	1386	Bacillus	genus
1868392	species	1386	Bacillus	genus
1868391	species	1386	Bacillus	genus
1868390	species	1386	Bacillus	genus
1868389	species	1386	Bacillus	genus
1868388	species	1386	Bacillus	genus
1868387	species	1386	Bacillus	genus
1868385	species	1386	Bacillus	genus
1868382	species	1386	Bacillus	genus
1868381	species	1386	Bacillus	genus
1868380	species	1386	Bacillus	genus
1868379	species	1386	Bacillus	genus
1868378	species	1386	Bacillus	genus
1868377	species	1386	Bacillus	genus
1868376	species	1386	Bacillus	genus
1868375	species	1386	Bacillus	genus
1868373	species	1386	Bacillus	genus
1868372	species	1386	Bacillus	genus
1868371	species	1386	Bacillus	genus
1868370	species	1386	Bacillus	genus
1868369	species	1386	Bacillus	genus
1868368	species	1386	Bacillus	genus
1868325	species	1101	Prosthecochloris	genus
186831	genus	3118655	Filifactoraceae	family
1867846	species	445	Legionella	genus
186761	species	2745	Halomonas	genus
186739	species	773	Bartonella	genus
1867252	strain	140	Borrelia hermsii	species
1866	species	1865	Actinoplanes	genus
1865	genus	28056	Micromonosporaceae	family
186497	strain	2261	Pyrococcus furiosus	species
186490	species	198346	Baumannia	genus
186475	genus	1508635	Roseiflexaceae	family
1863	species	1862	Dermatophilus	genus
186280	species	279	Xanthobacter	genus
1862	genus	85018	Dermatophilaceae	family
186192	species	186191	Marinithermus	genus
186189	species	186188	Xylanimonas	genus
186188	genus	85017	Promicromonosporaceae	family
186103	strain	1314	Streptococcus pyogenes	species
1861	species	1860	Geodermatophilus	genus
1860161	species	1301	Streptococcus	genus
1860122	species	109262	Halothiobacillus	genus
1860102	species	327159	Candidatus Accumulibacter	genus
1860101	species	83766	Propionivibrio	genus
185952	species	2742	Marinobacter	genus
185951	species	13687	Sphingomonas	genus
185950	species	13687	Sphingomonas	genus
185949	species	13687	Sphingomonas	genus
1859	species	1854	Frankia	genus
185874	species	191	Azospirillum	genus
1857892	species	1883	Streptomyces	genus
185761	species	1716	Corynebacterium	genus
185642	species	1763	Mycobacterium	genus
185641	species	142577	Prauserella	genus
1855912	species	2004797	Luteitalea	genus
1855823	species	3076173	Macrococcoides	genus
1855714	genus	186803	Lachnospiraceae	family
1855519	species	165695	Sphingobium	genus
1855405	genus	2893042	Salisaetaceae	family
1855299	species	459786	Oscillibacter	genus
1854	genus	74712	Frankiaceae	family
1853293	species	286	Pseudomonas	genus
1853226	genus	1853225	Salinibacteraceae	family
185300	species	346096	Paludibacter	genus
1852971	species	237	Flavobacterium	genus
185294	species	2974251	Segatella	genus
1852	species	1851	Saccharomonospora	genus
1851544	species	1921582	Orrella	genus
1851505	species	167375	Cyanobium	genus
1851148	species	2690160	Limihaloglobus	genus
1851	genus	2070	Pseudonocardiaceae	family
1850526	species	1769012	Arachidicoccus	genus
1850372	species	44249	Paenibacillus	genus
1850371	species	44249	Paenibacillus	genus
1850370	species	44249	Paenibacillus	genus
1850369	species	44249	Paenibacillus	genus
1850367	species	44249	Paenibacillus	genus
1850254	species	2321187	Poseidonibacter	genus
1850252	species	104267	Tenacibaculum	genus
1850250	species	1060	Rhodobacter	genus
1850246	species	2700084	Urechidicola	genus
1850238	species	1649486	Rhizorhabdus	genus
185008	species	830	Butyrivibrio	genus
185007	species	46205	Pseudobutyrivibrio	genus
1849967	species	1883	Streptomyces	genus
1849822	genus	186804	Peptostreptococcaceae	family
1849551	genus	134623	Opitutaceae	family
184924	species	53246	Pseudoalteromonas	genus
184923	genus	45404	Beijerinckiaceae	family
184917	species	2910984	Solidesulfovibrio	genus
184914	species	83461	Corallococcus	genus
1849032	species	1663	Arthrobacter	genus
1849031	species	33986	Exiguobacterium	genus
1849	genus	622451	Actinopolysporaceae	family
184882	species	136099	Knoellia	genus
184870	species	184869	Varibaculum	genus
184869	genus	2049	Actinomycetaceae	family
1848399	genus	31979	Clostridiaceae	family
184756	species	1817	Nocardia	genus
184755	species	662	Vibrio	genus
184748	species	265	Paracoccus	genus
1847386	genus	2211325	Vicinamibacteraceae	family
184736	species	1301	Streptococcus	genus
1847	genus	2070	Pseudonocardiaceae	family
184607	species	246873	Crocinitomix	genus
184592	species	49237	Chaetoceros	genus
1844006	species	302485	Phaeobacter	genus
1844	species	1839	Nocardioides	genus
1843368	species	165695	Sphingobium	genus
1843210	genus	186803	Lachnospiraceae	family
1843206	genus	186803	Lachnospiraceae	family
1843185	genus	2976354	Natronoarchaeaceae	family
1843	species	1839	Nocardioides	genus
1842727	species	28065	Rhodoferax	genus
1842540	species	378210	Methyloversatilis	genus
1842539	species	85413	Bosea	genus
1842537	species	47420	Hydrogenophaga	genus
1842536	species	357	Agrobacterium	genus
1842535	species	150203	Blastomonas	genus
1842534	species	28105	Sinorhizobium	genus
1842533	species	12916	Acidovorax	genus
1842532	species	2812025	Syntrophotalea	genus
184117	species	2270	Thermoproteus	genus
1841	species	1839	Nocardioides	genus
184072	species	583	Proteus	genus
1840703	species	38501	Blastococcus	genus
184067	species	504090	Kushneria	genus
184065	species	404432	Salinicola	genus
184064	species	227388	Thermodesulfobium	genus
1840214	genus	1840213	Lentimicrobiaceae	family
1839801	species	670486	Dehalogenimonas	genus
183916	species	2529408	Schaalia	genus
1839	genus	85015	Nocardioidaceae	family
1838286	species	1961799	Lacunisphaera	genus
183795	species	286	Pseudomonas	genus
1837745	species	165697	Sphingopyxis	genus
183763	species	104204	Streptomonospora	genus
183669	genus	80864	Comamonadaceae	family
1836467	species	252356	Maribacter	genus
1836	species	1835	Saccharopolyspora	genus
183593	species	1562	Desulfotomaculum	genus
183556	species	1827	Rhodococcus	genus
1835332	genus	506	Alcaligenaceae	family
1835254	species	44013	Polynucleobacter	genus
1835	genus	2070	Pseudonocardiaceae	family
1834519	species	861914	Fibrella	genus
1834196	species	1506553	Lachnoclostridium	genus
183417	species	583	Proteus	genus
1833852	species	2916693	Desulforamulus	genus
1833	species	1827	Rhodococcus	genus
183190	strain	2371	Xylella fastidiosa	species
1830	species	1827	Rhodococcus	genus
183	species	32205	Leptonema	genus
1829937	genus	2893042	Salisaetaceae	family
1829	species	1827	Rhodococcus	genus
1828144	species	1883	Streptomyces	genus
1828	species	1827	Rhodococcus	genus
182773	species	1485	Clostridium	genus
1827605	species	1883	Streptomyces	genus
1827554	species	1883	Streptomyces	genus
1827548	species	1883	Streptomyces	genus
1827532	species	1883	Streptomyces	genus
1827513	species	1883	Streptomyces	genus
1827484	genus	1471398	Prolixibacteraceae	family
1827469	species	41275	Brevundimonas	genus
1827324	species	33882	Microbacterium	genus
1827323	species	190323	Plantibacter	genus
1827277	genus	2917811	Aliterellaceae	family
1827100	species	1016	Capnocytophaga	genus
182710	species	182709	Oceanobacillus	genus
1827099	species	162289	Peptoniphilus	genus
182709	genus	186817	Bacillaceae	family
1827	genus	85025	Nocardiaceae	family
182640	species	182639	Kribbella	genus
182639	genus	2726069	Kribbellaceae	family
182623	genus	2964538	Smithellaceae	family
1824856	genus	1129771	Leptotrichiaceae	family
182455	species	29330	Alicyclobacillus	genus
182402	genus	433	Acetobacteraceae	family
1824	species	1817	Nocardia	genus
1823759	species	890	Desulfuromonas	genus
182337	species	551	Erwinia	genus
1823	species	1817	Nocardia	genus
182270	species	182269	Aurantimonas	genus
182267	species	101	Flectobacillus	genus
182262	species	261825	Agarivorans	genus
182220	species	1866885	Mycolicibacterium	genus
182217	strain	138563	Helicobacter cetorum	species
182210	species	2035811	Pseudodesulfovibrio	genus
1822	species	1817	Nocardia	genus
1821621	species	48075	Marinobacterium	genus
182141	species	53246	Pseudoalteromonas	genus
182136	species	1329200	Fictibacillus	genus
182082	strain	83558	Chlamydia pneumoniae	species
182080	species	1988	Actinomadura	genus
1820337	genus	1644056	Haloferacaceae	family
1818840	species	43676	Promicromonospora	genus
1818837	species	1696	Brevibacterium	genus
1818835	species	1696	Brevibacterium	genus
1818834	species	404432	Salinicola	genus
1818833	species	43676	Promicromonospora	genus
1818831	species	1883	Streptomyces	genus
1818830	species	43676	Promicromonospora	genus
1818829	species	85413	Bosea	genus
1818826	species	46913	Devosia	genus
1818823	species	165695	Sphingobium	genus
1818822	species	61653	Methylopila	genus
1818821	species	85413	Bosea	genus
1818819	species	68287	Mesorhizobium	genus
1818818	species	85413	Bosea	genus
1818817	species	46913	Devosia	genus
1818815	species	33882	Microbacterium	genus
1818808	species	33882	Microbacterium	genus
1818806	species	33882	Microbacterium	genus
1818795	species	85413	Bosea	genus
1818794	species	1883	Streptomyces	genus
1818793	species	61653	Methylopila	genus
1818791	species	1386	Bacillus	genus
1818789	species	85413	Bosea	genus
1818787	species	125216	Roseomonas	genus
1818785	species	125216	Roseomonas	genus
1818784	species	1883	Streptomyces	genus
1818780	species	33882	Microbacterium	genus
1818779	species	171673	Inquilinus	genus
1818777	species	110932	Leifsonia	genus
1818776	species	379	Rhizobium	genus
1818775	species	881616	Herbiconiux	genus
1818774	species	881616	Herbiconiux	genus
1818773	species	881616	Herbiconiux	genus
1818772	species	43676	Promicromonospora	genus
1818771	species	43676	Promicromonospora	genus
1818770	species	43676	Promicromonospora	genus
1818769	species	1883	Streptomyces	genus
1818767	species	43676	Promicromonospora	genus
1818763	species	379	Rhizobium	genus
1818757	species	379	Rhizobium	genus
1818756	species	881616	Herbiconiux	genus
1818754	species	43676	Promicromonospora	genus
1818752	species	379	Rhizobium	genus
1818751	species	33882	Microbacterium	genus
1818750	species	43676	Promicromonospora	genus
1818749	species	1883	Streptomyces	genus
1818748	species	379	Rhizobium	genus
1818746	species	165695	Sphingobium	genus
1818745	species	165695	Sphingobium	genus
1818743	species	165696	Novosphingobium	genus
1818741	species	59732	Chryseobacterium	genus
1818740	species	1883	Streptomyces	genus
1818738	species	379	Rhizobium	genus
1818737	species	165696	Novosphingobium	genus
1818736	species	165695	Sphingobium	genus
1818735	species	44249	Paenibacillus	genus
1818734	species	44249	Paenibacillus	genus
1818733	species	44249	Paenibacillus	genus
1818732	species	400634	Lysinibacillus	genus
1818731	species	44249	Paenibacillus	genus
1818730	species	400634	Lysinibacillus	genus
1818729	species	1839	Nocardioides	genus
1818727	species	1827	Rhodococcus	genus
1818726	species	59732	Chryseobacterium	genus
1818725	species	28100	Phyllobacterium	genus
1818724	species	43676	Promicromonospora	genus
1818723	species	1813	Amycolatopsis	genus
1818722	species	1827	Rhodococcus	genus
1818720	species	43676	Promicromonospora	genus
1818719	species	46913	Devosia	genus
1818718	species	33882	Microbacterium	genus
1818717	species	1813	Amycolatopsis	genus
1818715	species	1827	Rhodococcus	genus
1818714	species	33882	Microbacterium	genus
1818711	species	33882	Microbacterium	genus
1818710	species	165697	Sphingopyxis	genus
1818709	species	46913	Devosia	genus
1818705	species	1827	Rhodococcus	genus
1818704	species	46913	Devosia	genus
1818703	species	1827	Rhodococcus	genus
1818702	species	33882	Microbacterium	genus
1818701	species	43676	Promicromonospora	genus
1818700	species	165697	Sphingopyxis	genus
1818699	species	68287	Mesorhizobium	genus
1818695	species	33882	Microbacterium	genus
1818694	species	44249	Paenibacillus	genus
1818693	species	1827	Rhodococcus	genus
1818691	species	1827	Rhodococcus	genus
1818690	species	290425	Advenella	genus
1818689	species	59732	Chryseobacterium	genus
1818688	species	1707	Cellulomonas	genus
1818685	species	43676	Promicromonospora	genus
1818684	species	33882	Microbacterium	genus
1818683	species	379	Rhizobium	genus
1818682	species	1827	Rhodococcus	genus
1818681	species	1883	Streptomyces	genus
1818679	species	1827	Rhodococcus	genus
1818678	species	59732	Chryseobacterium	genus
1818677	species	1883	Streptomyces	genus
1818676	species	33877	Agromyces	genus
1818670	species	376469	Olivibacter	genus
1818668	species	165695	Sphingobium	genus
1818666	species	33882	Microbacterium	genus
1818664	species	33882	Microbacterium	genus
1818	species	1817	Nocardia	genus
1817964	species	323620	Shinella	genus
1817571	genus	186817	Bacillaceae	family
1817	genus	85025	Nocardiaceae	family
181675	species	2742598	Limosilactobacillus	genus
181663	species	2904716	Desulfosudis	genus
181658	species	187	Aquaspirillum	genus
181655	species	482	Neisseria	genus
1816219	species	28228	Colwellia	genus
1816218	species	28228	Colwellia	genus
181487	species	2529408	Schaalia	genus
181486	species	2276	Pyrobaculum	genus
1814253	species	469	Acinetobacter	genus
1814	species	1813	Amycolatopsis	genus
1813821	species	620	Shigella	genus
1813182	species	129337	Geobacillus	genus
1813019	species	194	Campylobacter	genus
1813	genus	2070	Pseudonocardiaceae	family
1812262	species	32207	Rothia	genus
1812261	species	3076175	Phocicoccus	genus
1812101	species	1903479	Coetzeea	genus
1812100	species	401469	Undibacterium	genus
1811193	species	1301	Streptococcus	genus
181073	species	2747	Carnobacterium	genus
181069	genus	3118655	Filifactoraceae	family
1810504	species	1934947	Immundisolibacter	genus
1810	species	1866885	Mycolicibacterium	genus
1809055	species	469	Acinetobacter	genus
1809	species	1763	Mycobacterium	genus
180837	species	953	Wolbachia	genus
1807	species	1866885	Mycolicibacterium	genus
1806892	species	469	Acinetobacter	genus
1806885	species	1434046	Sphingorhabdus	genus
1806509	species	1407607	Fusicatenibacter	genus
1806508	species	1988031	Candidatus Promineifilum	genus
180588	species	497	Psychrobacter	genus
180542	species	180541	Salinisphaera	genus
180541	genus	742031	Salinisphaeraceae	family
180441	species	237	Flavobacterium	genus
1804	species	1866885	Mycolicibacterium	genus
180332	species	588605	Robinsoniella	genus
180311	species	241189	Hespellia	genus
180282	species	80865	Delftia	genus
180281	species	167375	Cyanobium	genus
180197	species	352449	Giesbergeria	genus
180195	species	963	Herbaspirillum	genus
180194	species	352449	Giesbergeria	genus
180164	species	572511	Blautia	genus
180162	genus	203492	Fusobacteriaceae	family
1801	species	1866885	Mycolicibacterium	genus
1800	species	1866885	Mycolicibacterium	genus
180	species	179	Leptospirillum	genus
18	genus	213421	Desulfuromonadaceae	family
1799	species	1866885	Mycolicibacterium	genus
179879	species	32008	Burkholderia	genus
179878	species	13687	Sphingomonas	genus
1798224	species	281472	Jiangella	genus
179819	species	2013	Nocardiopsis	genus
1798018	species	332102	Fluviicola	genus
1797	species	1866885	Mycolicibacterium	genus
1796922	species	1114981	Piscinibacter	genus
1796616	species	572511	Blautia	genus
179637	species	2249	Halococcus	genus
179636	species	201096	Alicycliphilus	genus
179628	species	1485	Clostridium	genus
1795631	species	34072	Variovorax	genus
1795630	species	447237	Frondihabitans	genus
1795053	species	33882	Microbacterium	genus
1795	species	1866885	Mycolicibacterium	genus
1794910	genus	1843490	Sporomusaceae	family
179467	species	223927	Oxalicibacterium	genus
179408	strain	482564	Oscillatoria nigro-viridis	species
1794	species	1866885	Mycolicibacterium	genus
1793721	species	40323	Stenotrophomonas	genus
1793	species	1866885	Mycolicibacterium	genus
1792852	species	33882	Microbacterium	genus
1792508	species	263377	Salipiger	genus
1792307	species	85413	Bosea	genus
1792239	genus	1129771	Leptotrichiaceae	family
1792	species	1866885	Mycolicibacterium	genus
1791	species	1866885	Mycolicibacterium	genus
179095	species	33882	Microbacterium	genus
1790137	species	1518147	Wenyingzhuangia	genus
179010	species	497	Psychrobacter	genus
1790	species	1763	Mycobacterium	genus
179	genus	189779	Nitrospiraceae	family
1789224	species	469	Acinetobacter	genus
178901	species	434	Acetobacter	genus
178900	species	434	Acetobacter	genus
1789	species	1763	Mycobacterium	genus
178898	genus	543347	Clostridiales Family XVI. Incertae Sedis	family
178878	species	1562	Desulfotomaculum	genus
1788	species	1073531	Mycolicibacter	genus
178774	species	2837503	Gottfriedia	genus
1787	species	1763	Mycobacterium	genus
178606	species	179	Leptospirillum	genus
1785996	species	32067	Leptotrichia	genus
1785995	species	1378	Gemella	genus
178566	species	1883	Streptomyces	genus
1785162	species	286	Pseudomonas	genus
1785161	species	286	Pseudomonas	genus
1785	species	1763	Mycobacterium	genus
178469	genus	49546	Flavobacteriaceae	family
178440	genus	134623	Opitutaceae	family
1784	species	1763	Mycobacterium	genus
178399	species	28253	Marinomonas	genus
178356	species	237	Flavobacterium	genus
178355	species	237	Flavobacterium	genus
1783515	species	1883	Streptomyces	genus
178340	species	74385	Gracilibacillus	genus
178337	species	329857	Cohnella	genus
178306	strain	13773	Pyrobaculum aerophilum	species
1783	species	1763	Mycobacterium	genus
178214	species	66831	Facklamia	genus
1782	species	1073531	Mycolicibacter	genus
1781	species	1763	Mycobacterium	genus
178001	species	1243	Leuconostoc	genus
1780	species	1763	Mycobacterium	genus
177972	species	177971	Shuttleworthia	genus
177971	genus	186803	Lachnospiraceae	family
1779141	genus	126	Planctomycetaceae	family
1779002	genus	2236	Halobacteriaceae	family
1778653	genus	2772226	Sulfuricellaceae	family
1778264	species	1906660	Candidatus Mikella	genus
1778263	species	1906659	Candidatus Hoaglandella	genus
1778262	species	1906657	Candidatus Doolittlea	genus
1778	species	1763	Mycobacterium	genus
177758	species	1643951	Pseudothermotoga	genus
1777157	species	1883	Streptomyces	genus
1777144	species	1827195	Caballeronia	genus
1777143	species	1827195	Caballeronia	genus
1777142	species	1827195	Caballeronia	genus
1777141	species	1827195	Caballeronia	genus
1777140	species	1827195	Caballeronia	genus
1777139	species	1827195	Caballeronia	genus
1777138	species	1827195	Caballeronia	genus
1777137	species	1827195	Caballeronia	genus
1777136	species	1827195	Caballeronia	genus
1777135	species	1827195	Caballeronia	genus
1777134	species	1827195	Caballeronia	genus
1777133	species	1827195	Caballeronia	genus
1777132	species	1827195	Caballeronia	genus
1777	species	1763	Mycobacterium	genus
1776858	species	44249	Paenibacillus	genus
1776857	species	1839	Nocardioides	genus
1776856	species	254250	Isoptericola	genus
1776742	species	469	Acinetobacter	genus
1776741	species	469	Acinetobacter	genus
1776740	species	469	Acinetobacter	genus
1776118	species	165696	Novosphingobium	genus
1776	species	1866885	Mycolicibacterium	genus
1775697	genus	186817	Bacillaceae	family
1775542	species	1386	Bacillus	genus
1775541	species	286	Pseudomonas	genus
1775540	species	106589	Cupriavidus	genus
1775539	species	12916	Acidovorax	genus
1775538	species	12916	Acidovorax	genus
1775537	species	286	Pseudomonas	genus
1775536	species	34072	Variovorax	genus
1775535	species	12916	Acidovorax	genus
1775468	genus	204434	Acidobacteriaceae	family
1775121	genus	28256	Halomonadaceae	family
1775	species	1763	Mycobacterium	genus
177439	strain	84980	Desulfotalea psychrophila	species
1774373	strain	314275	Alteromonas mediterranea	species
177437	strain	2296	Desulforapulum autotrophicum	species
1774273	species	52959	Polaribacter	genus
177416	strain	263	Francisella tularensis	species
177413	species	99	Ancylobacter	genus
1774107	genus	128827	Erysipelotrichaceae	family
177400	species	177399	Anaerophaga	genus
1774	species	670516	Mycobacteroides	genus
177399	genus	558415	Marinilabiliaceae	family
1773	species	1763	Mycobacterium	genus
1772	species	1866885	Mycolicibacterium	genus
1771959	species	1663	Arthrobacter	genus
1771356	genus	1771355	Tepidisphaeraceae	family
1771	species	1866885	Mycolicibacterium	genus
1770534	species	1716	Corynebacterium	genus
1769779	species	48073	Microbulbifer	genus
1769738	genus	186817	Bacillaceae	family
1769726	genus	75787	Rhodocyclaceae	family
1769713	genus	292628	Anaerolineaceae	family
1769	species	1763	Mycobacterium	genus
176898	species	142577	Prauserella	genus
1768242	species	93681	Roseateles	genus
1768185	genus	204434	Acidobacteriaceae	family
1768108	species	1298	Deinococcus	genus
1768	species	1763	Mycobacterium	genus
1767	species	1763	Mycobacterium	genus
1766	species	1866885	Mycolicibacterium	genus
176598	species	83618	Pseudoxanthomonas	genus
1765374	species	32008	Burkholderia	genus
1764	species	1763	Mycobacterium	genus
1763883	species	662	Vibrio	genus
1763552	genus	186824	Thermoactinomycetaceae	family
1763535	species	47420	Hydrogenophaga	genus
1763	genus	1762	Mycobacteriaceae	family
176299	strain	1176649	Agrobacterium fabrum	species
176292	species	2767892	Secundilactobacillus	genus
176291	species	2767890	Paucilactobacillus	genus
176290	species	2745	Halomonas	genus
176281	strain	1639	Listeria monocytogenes	species
176280	strain	1282	Staphylococcus epidermidis	species
176279	strain	1282	Staphylococcus epidermidis	species
1761892	species	53246	Pseudoalteromonas	genus
1761793	species	2742	Marinobacter	genus
176102	species	53246	Pseudoalteromonas	genus
1759059	species	2892997	Candidatus Viadribacter	genus
1758720	species	84406	Virgibacillus	genus
1758689	species	265976	Serinicoccus	genus
1758178	species	875170	Celeribacter	genus
1757166	species	1508657	Ruminiclostridium	genus
1757089	species	20	Phenylobacterium	genus
1757	species	1754	Thermoanaerobacter	genus
175696	species	73918	Thermaerobacter	genus
175628	species	2053	Gordonia	genus
1756150	species	308865	Elizabethkingia	genus
1756149	species	308865	Elizabethkingia	genus
1756043	species	2804673	Cypionkella	genus
1755832	genus	31979	Clostridiaceae	family
1755811	species	2042066	Paraphotobacterium	genus
175570	species	65504	Virgisporangium	genus
1754	genus	186814	Thermoanaerobacteraceae	family
175306	species	175304	Lentibacillus	genus
175304	genus	186817	Bacillaceae	family
1753	species	53456	Propioniferax	genus
1752064	species	47251	Leptolyngbya	genus
1752063	species	1190	Fischerella	genus
1751294	species	1883	Streptomyces	genus
1751286	species	1177	Nostoc	genus
1751	species	1912215	Acidipropionibacterium	genus
1750719	species	1649	Kurthia	genus
1750	species	2801844	Arachnia	genus
174951	genus	80864	Comamonadaceae	family
1749259	species	2742	Marinobacter	genus
174923	species	157	Treponema	genus
174922	species	157	Treponema	genus
1749074	species	2093	Mycoplasma	genus
1749	species	1912215	Acidipropionibacterium	genus
1748767	genus	1748772	Blastocatellaceae	family
1748764	genus	1748772	Blastocatellaceae	family
1748243	species	1813600	Tenderia	genus
1748	species	1912215	Acidipropionibacterium	genus
174709	species	174708	Allobaculum	genus
174708	genus	128827	Erysipelotrichaceae	family
1747	species	1912216	Cutibacterium	genus
174632	species	380240	Brocadia	genus
174587	species	2747	Carnobacterium	genus
1744	species	1743	Propionibacterium	genus
1743168	species	44013	Polynucleobacter	genus
1743159	species	44013	Polynucleobacter	genus
1743157	species	44013	Polynucleobacter	genus
1743	genus	31957	Propionibacteriaceae	family
1742993	genus	1268	Micrococcaceae	family
1742992	genus	1268	Micrococcaceae	family
1742990	genus	1268	Micrococcaceae	family
1742989	genus	1268	Micrococcaceae	family
1742986	genus	468	Moraxellaceae	family
1742983	genus	204434	Acidobacteriaceae	family
1742972	species	1234	Nitrospira	genus
1742636	genus	775	Rickettsiaceae	family
1742359	species	2675230	Cytobacillus	genus
1740721	species	2675232	Neobacillus	genus
174038	species	33983	Luteococcus	genus
174037	species	67572	Psychromonas	genus
1740	genus	188711	Thermodesulfobacteriaceae	family
174	species	171	Leptospira	genus
173990	species	67575	Rheinheimera	genus
173959	species	55080	Brevibacillus	genus
1738642	genus	186817	Bacillaceae	family
173862	species	1883	Streptomyces	genus
173861	species	1883	Streptomyces	genus
173858	species	1883	Streptomyces	genus
173856	species	1883	Streptomyces	genus
1737515	species	613	Serratia	genus
173676	species	165696	Novosphingobium	genus
173675	species	165697	Sphingopyxis	genus
1736691	species	2040	Aeromicrobium	genus
1736674	species	2861660	Pseudalgibacter	genus
1736613	species	68	Lysobacter	genus
1736612	species	68	Lysobacter	genus
1736611	species	106591	Ensifer	genus
1736610	species	237	Flavobacterium	genus
1736609	species	1707	Cellulomonas	genus
1736608	species	1386	Bacillus	genus
1736607	species	162491	Oerskovia	genus
1736606	species	68	Lysobacter	genus
1736605	species	237	Flavobacterium	genus
1736604	species	286	Pseudomonas	genus
1736603	species	53355	Terrabacter	genus
1736601	species	33877	Agromyces	genus
1736600	species	1839	Nocardioides	genus
1736599	species	20	Phenylobacterium	genus
1736598	species	68	Lysobacter	genus
1736597	species	106591	Ensifer	genus
1736596	species	379	Rhizobium	genus
1736595	species	13687	Sphingomonas	genus
1736594	species	13687	Sphingomonas	genus
1736593	species	286	Pseudomonas	genus
1736592	species	379	Rhizobium	genus
1736591	species	20	Phenylobacterium	genus
1736590	species	12916	Acidovorax	genus
1736589	species	68287	Mesorhizobium	genus
1736588	species	68	Lysobacter	genus
1736587	species	46913	Devosia	genus
1736586	species	1839	Nocardioides	genus
1736585	species	286	Pseudomonas	genus
1736584	species	361177	Altererythrobacter	genus
1736583	species	85413	Bosea	genus
1736582	species	1883	Streptomyces	genus
1736581	species	68	Lysobacter	genus
1736579	species	75	Caulobacter	genus
1736577	species	379	Rhizobium	genus
1736576	species	83618	Pseudoxanthomonas	genus
1736574	species	83618	Pseudoxanthomonas	genus
1736573	species	1883	Streptomyces	genus
1736572	species	75309	Rhodanobacter	genus
1736571	species	1839	Nocardioides	genus
1736570	species	33882	Microbacterium	genus
1736569	species	41275	Brevundimonas	genus
1736568	species	68	Lysobacter	genus
1736567	species	110932	Leifsonia	genus
1736566	species	286	Pseudomonas	genus
1736563	species	379	Rhizobium	genus
1736562	species	367298	Phycicoccus	genus
1736561	species	286	Pseudomonas	genus
1736560	species	75309	Rhodanobacter	genus
1736559	species	68	Lysobacter	genus
1736558	species	106591	Ensifer	genus
1736557	species	68287	Mesorhizobium	genus
1736556	species	33882	Microbacterium	genus
1736555	species	68287	Mesorhizobium	genus
1736554	species	1883	Streptomyces	genus
1736553	species	33882	Microbacterium	genus
1736552	species	44249	Paenibacillus	genus
1736551	species	13687	Sphingomonas	genus
1736550	species	2040	Aeromicrobium	genus
1736549	species	68	Lysobacter	genus
1736548	species	379	Rhizobium	genus
1736547	species	75	Caulobacter	genus
1736546	species	1707	Cellulomonas	genus
1736545	species	379	Rhizobium	genus
1736544	species	85413	Bosea	genus
1736543	species	379	Rhizobium	genus
1736542	species	75309	Rhodanobacter	genus
1736541	species	34072	Variovorax	genus
1736540	species	2040	Aeromicrobium	genus
1736539	species	908626	Angustibacter	genus
1736538	species	44249	Paenibacillus	genus
1736537	species	46913	Devosia	genus
1736536	species	34072	Variovorax	genus
1736535	species	1883	Streptomyces	genus
1736534	species	106591	Ensifer	genus
1736533	species	237	Flavobacterium	genus
1736531	species	46913	Devosia	genus
1736530	species	34072	Variovorax	genus
1736529	species	93681	Roseateles	genus
1736528	species	212743	Rhizobacter	genus
1736526	species	286	Pseudomonas	genus
1736524	species	85413	Bosea	genus
1736523	species	1883	Streptomyces	genus
1736521	species	2040	Aeromicrobium	genus
1736520	species	75	Caulobacter	genus
1736519	species	75	Caulobacter	genus
1736517	species	149698	Massilia	genus
1736515	species	286	Pseudomonas	genus
1736514	species	33882	Microbacterium	genus
1736513	species	34072	Variovorax	genus
1736512	species	106591	Ensifer	genus
1736511	species	212743	Rhizobacter	genus
1736510	species	33882	Microbacterium	genus
1736509	species	106591	Ensifer	genus
1736508	species	12916	Acidovorax	genus
1736507	species	379	Rhizobium	genus
1736505	species	12916	Acidovorax	genus
1736504	species	1763	Mycobacterium	genus
1736503	species	1883	Streptomyces	genus
1736502	species	106591	Ensifer	genus
1736501	species	13687	Sphingomonas	genus
1736500	species	1839	Nocardioides	genus
1736499	species	1386	Bacillus	genus
1736498	species	2040	Aeromicrobium	genus
1736497	species	106591	Ensifer	genus
1736496	species	110932	Leifsonia	genus
1736495	species	1839	Nocardioides	genus
1736494	species	162491	Oerskovia	genus
1736493	species	12916	Acidovorax	genus
1736492	species	12916	Acidovorax	genus
1736491	species	165697	Sphingopyxis	genus
1736490	species	47420	Hydrogenophaga	genus
1736489	species	75654	Duganella	genus
1736488	species	1839	Nocardioides	genus
1736487	species	1344552	Noviherbaspirillum	genus
1736486	species	2063	Kitasatospora	genus
1736485	species	237	Flavobacterium	genus
1736484	species	53355	Terrabacter	genus
1736483	species	33882	Microbacterium	genus
1736482	species	75309	Rhodanobacter	genus
1736481	species	68287	Mesorhizobium	genus
1736478	species	33882	Microbacterium	genus
1736476	species	165697	Sphingopyxis	genus
1736475	species	1839	Nocardioides	genus
1736474	species	165697	Sphingopyxis	genus
1736473	species	379	Rhizobium	genus
1736472	species	149698	Massilia	genus
1736471	species	75654	Duganella	genus
1736469	species	68287	Mesorhizobium	genus
1736468	species	1386	Bacillus	genus
1736467	species	33877	Agromyces	genus
1736466	species	556257	Pseudolabrys	genus
1736465	species	75	Caulobacter	genus
1736463	species	33882	Microbacterium	genus
1736461	species	106591	Ensifer	genus
1736460	species	1839	Nocardioides	genus
1736459	species	1707	Cellulomonas	genus
1736458	species	1817	Nocardia	genus
1736457	species	1763	Mycobacterium	genus
1736456	species	379	Rhizobium	genus
1736454	species	1883	Streptomyces	genus
1736453	species	106591	Ensifer	genus
1736452	species	1883	Streptomyces	genus
1736451	species	1386	Bacillus	genus
1736450	species	1883	Streptomyces	genus
1736449	species	106591	Ensifer	genus
1736448	species	1883	Streptomyces	genus
1736447	species	13687	Sphingomonas	genus
1736446	species	110932	Leifsonia	genus
1736445	species	20	Phenylobacterium	genus
1736444	species	469	Acinetobacter	genus
1736443	species	41275	Brevundimonas	genus
1736442	species	20	Phenylobacterium	genus
1736441	species	316612	Methylibium	genus
1736440	species	106591	Ensifer	genus
1736439	species	1839	Nocardioides	genus
1736438	species	106591	Ensifer	genus
1736437	species	379	Rhizobium	genus
1736436	species	1033	Afipia	genus
1736431	species	1839	Nocardioides	genus
1736428	species	379	Rhizobium	genus
1736427	species	379	Rhizobium	genus
1736426	species	110932	Leifsonia	genus
1736425	species	1386	Bacillus	genus
1736424	species	2063	Kitasatospora	genus
1736423	species	46913	Devosia	genus
1736422	species	68287	Mesorhizobium	genus
1736421	species	367298	Phycicoccus	genus
1736405	species	1386	Bacillus	genus
1736392	species	44249	Paenibacillus	genus
1736387	species	407	Methylobacterium	genus
1736385	species	407	Methylobacterium	genus
1736382	species	407	Methylobacterium	genus
1736380	species	379	Rhizobium	genus
1736379	species	86795	Marmoricola	genus
1736378	species	182269	Aurantimonas	genus
1736377	species	33882	Microbacterium	genus
1736376	species	286	Pseudomonas	genus
1736374	species	46913	Devosia	genus
1736373	species	16	Methylophilus	genus
1736372	species	96492	Frigoribacterium	genus
1736371	species	16	Methylophilus	genus
1736370	species	13687	Sphingomonas	genus
1736369	species	13687	Sphingomonas	genus
1736368	species	1386	Bacillus	genus
1736367	species	59732	Chryseobacterium	genus
1736366	species	59732	Chryseobacterium	genus
1736364	species	407	Methylobacterium	genus
1736363	species	374	Bradyrhizobium	genus
1736362	species	1707	Cellulomonas	genus
1736361	species	59732	Chryseobacterium	genus
1736360	species	379	Rhizobium	genus
1736359	species	379	Rhizobium	genus
1736358	species	379	Rhizobium	genus
1736357	species	379	Rhizobium	genus
1736356	species	88138	Modestobacter	genus
1736355	species	379	Rhizobium	genus
1736354	species	1860	Geodermatophilus	genus
1736353	species	41275	Brevundimonas	genus
1736352	species	407	Methylobacterium	genus
1736351	species	237	Flavobacterium	genus
1736350	species	13687	Sphingomonas	genus
1736349	species	85043	Williamsia	genus
1736348	species	33882	Microbacterium	genus
1736347	species	33882	Microbacterium	genus
1736346	species	85413	Bosea	genus
1736345	species	13687	Sphingomonas	genus
1736344	species	379	Rhizobium	genus
1736343	species	13687	Sphingomonas	genus
1736342	species	1663	Arthrobacter	genus
1736341	species	110932	Leifsonia	genus
1736340	species	110934	Agreia	genus
1736339	species	1707	Cellulomonas	genus
1736338	species	1298	Deinococcus	genus
1736337	species	110932	Leifsonia	genus
1736336	species	414371	Aureimonas	genus
1736335	species	379	Rhizobium	genus
1736334	species	33882	Microbacterium	genus
1736333	species	190323	Plantibacter	genus
1736332	species	379	Rhizobium	genus
1736331	species	1839	Nocardioides	genus
1736330	species	379	Rhizobium	genus
1736329	species	447237	Frondihabitans	genus
1736328	species	33886	Rathayibacter	genus
1736327	species	33886	Rathayibacter	genus
1736326	species	33886	Rathayibacter	genus
1736325	species	2040	Aeromicrobium	genus
1736324	species	2040	Aeromicrobium	genus
1736323	species	33882	Microbacterium	genus
1736321	species	110934	Agreia	genus
1736320	species	41275	Brevundimonas	genus
1736319	species	1827	Rhodococcus	genus
1736317	species	2040	Aeromicrobium	genus
1736315	species	747294	Pseudorhodoferax	genus
1736314	species	110932	Leifsonia	genus
1736313	species	96492	Frigoribacterium	genus
1736312	species	379	Rhizobium	genus
1736311	species	2034	Curtobacterium	genus
1736310	species	1827	Rhodococcus	genus
1736309	species	13687	Sphingomonas	genus
1736308	species	96492	Frigoribacterium	genus
1736307	species	1827	Rhodococcus	genus
1736306	species	2040	Aeromicrobium	genus
1736305	species	110934	Agreia	genus
1736304	species	13687	Sphingomonas	genus
1736303	species	1663	Arthrobacter	genus
1736302	species	1827	Rhodococcus	genus
1736301	species	13687	Sphingomonas	genus
1736300	species	1827	Rhodococcus	genus
1736299	species	13687	Sphingomonas	genus
1736298	species	33986	Exiguobacterium	genus
1736297	species	84567	Pedobacter	genus
1736296	species	12916	Acidovorax	genus
1736295	species	120831	Dyadobacter	genus
1736294	species	33986	Exiguobacterium	genus
1736293	species	96492	Frigoribacterium	genus
1736292	species	33886	Rathayibacter	genus
1736291	species	2034	Curtobacterium	genus
1736290	species	55080	Brevibacillus	genus
1736289	species	59732	Chryseobacterium	genus
1736288	species	33882	Microbacterium	genus
1736287	species	32008	Burkholderia	genus
1736286	species	84567	Pedobacter	genus
1736285	species	96492	Frigoribacterium	genus
1736284	species	190323	Plantibacter	genus
1736282	species	96492	Frigoribacterium	genus
1736281	species	33882	Microbacterium	genus
1736280	species	12916	Acidovorax	genus
1736279	species	33882	Microbacterium	genus
1736278	species	379	Rhizobium	genus
1736276	species	33882	Microbacterium	genus
1736275	species	338	Xanthomonas	genus
1736274	species	1663	Arthrobacter	genus
1736273	species	1663	Arthrobacter	genus
1736272	species	149698	Massilia	genus
1736271	species	1663	Arthrobacter	genus
1736270	species	338	Xanthomonas	genus
1736269	species	469	Acinetobacter	genus
1736268	species	286	Pseudomonas	genus
1736267	species	286	Pseudomonas	genus
1736266	species	75654	Duganella	genus
1736265	species	407	Methylobacterium	genus
1736264	species	407	Methylobacterium	genus
1736263	species	407	Methylobacterium	genus
1736262	species	407	Methylobacterium	genus
1736261	species	407	Methylobacterium	genus
1736260	species	407	Methylobacterium	genus
1736259	species	407	Methylobacterium	genus
1736258	species	407	Methylobacterium	genus
1736257	species	407	Methylobacterium	genus
1736256	species	407	Methylobacterium	genus
1736255	species	407	Methylobacterium	genus
1736254	species	407	Methylobacterium	genus
1736253	species	407	Methylobacterium	genus
1736252	species	407	Methylobacterium	genus
1736251	species	407	Methylobacterium	genus
1736250	species	407	Methylobacterium	genus
1736249	species	407	Methylobacterium	genus
1736248	species	407	Methylobacterium	genus
1736247	species	407	Methylobacterium	genus
1736246	species	407	Methylobacterium	genus
1736245	species	407	Methylobacterium	genus
1736244	species	407	Methylobacterium	genus
1736243	species	407	Methylobacterium	genus
1736241	species	407	Methylobacterium	genus
1736240	species	12916	Acidovorax	genus
1736239	species	286	Pseudomonas	genus
1736238	species	237	Flavobacterium	genus
1736237	species	12916	Acidovorax	genus
1736236	species	12916	Acidovorax	genus
1736235	species	1386	Bacillus	genus
1736234	species	44249	Paenibacillus	genus
1736233	species	40323	Stenotrophomonas	genus
1736232	species	1663	Arthrobacter	genus
1736231	species	379	Rhizobium	genus
1736230	species	13687	Sphingomonas	genus
1736229	species	46913	Devosia	genus
1736228	species	13687	Sphingomonas	genus
1736227	species	75654	Duganella	genus
1736226	species	286	Pseudomonas	genus
1736225	species	551	Erwinia	genus
1736223	species	613	Serratia	genus
1736222	species	1386	Bacillus	genus
1736221	species	286	Pseudomonas	genus
1736220	species	96492	Frigoribacterium	genus
1736219	species	13687	Sphingomonas	genus
1736218	species	84567	Pedobacter	genus
1736217	species	13687	Sphingomonas	genus
1736216	species	13687	Sphingomonas	genus
1736215	species	13687	Sphingomonas	genus
1736214	species	13687	Sphingomonas	genus
1736213	species	13687	Sphingomonas	genus
1736212	species	13687	Sphingomonas	genus
1736211	species	1386	Bacillus	genus
1736210	species	1827	Rhodococcus	genus
1736209	species	60919	Sanguibacter	genus
1736	species	1730	Eubacterium	genus
1735695	species	13687	Sphingomonas	genus
1735694	species	13687	Sphingomonas	genus
1735693	species	165695	Sphingobium	genus
1735692	species	13687	Sphingomonas	genus
1735691	species	13687	Sphingomonas	genus
1735690	species	13687	Sphingomonas	genus
1735689	species	13687	Sphingomonas	genus
1735688	species	33877	Agromyces	genus
1735687	species	13687	Sphingomonas	genus
1735685	species	13687	Sphingomonas	genus
1735684	species	84567	Pedobacter	genus
1735683	species	13687	Sphingomonas	genus
1735682	species	110934	Agreia	genus
1735681	species	13687	Sphingomonas	genus
1735680	species	286	Pseudomonas	genus
1735679	species	13687	Sphingomonas	genus
1735678	species	13687	Sphingomonas	genus
1735677	species	33882	Microbacterium	genus
1735676	species	13687	Sphingomonas	genus
1735675	species	379	Rhizobium	genus
1735674	species	13687	Sphingomonas	genus
1735673	species	96492	Frigoribacterium	genus
1735672	species	59732	Chryseobacterium	genus
1735671	species	13687	Sphingomonas	genus
1735670	species	165696	Novosphingobium	genus
1735669	species	190323	Plantibacter	genus
173559	species	2053	Gordonia	genus
1735453	species	1883	Streptomyces	genus
1735449	species	43676	Promicromonospora	genus
1735162	species	1803399	Peribacter	genus
173509	species	22	Shewanella	genus
1735	species	1573535	Holdemanella	genus
173480	species	173479	Gemmatimonas	genus
173479	genus	219687	Gemmatimonadaceae	family
1734446	species	1865	Actinoplanes	genus
173366	species	133	Methylocystis	genus
173365	species	429	Methylobacter	genus
173364	species	43668	Brachybacterium	genus
173363	species	43668	Brachybacterium	genus
173362	species	43668	Brachybacterium	genus
173361	species	43668	Brachybacterium	genus
173053	species	367298	Phycicoccus	genus
173041	species	1738642	Pelagirhabdus	genus
1730	genus	186806	Eubacteriaceae	family
173	species	171	Leptospira	genus
1729720	species	143222	Salegentibacter	genus
1729713	species	2152900	Fermentibacter	genus
1729710	species	662	Vibrio	genus
172900	genus	255528	Victivallaceae	family
1727196	species	416	Methylomonas	genus
1727164	species	84567	Pedobacter	genus
1727163	species	246875	Algoriphagus	genus
172713	species	44249	Paenibacillus	genus
1727	species	1716	Corynebacterium	genus
1725411	species	1883	Streptomyces	genus
1725	species	1716	Corynebacterium	genus
1724	species	1716	Corynebacterium	genus
172371	species	3020832	Alloalcanivorax	genus
1721091	species	59732	Chryseobacterium	genus
1721	species	1716	Corynebacterium	genus
172088	species	374	Bradyrhizobium	genus
1720557	species	34104	Streptobacillus	genus
172049	species	2263	Thermococcus	genus
172045	species	308865	Elizabethkingia	genus
172044	species	13687	Sphingomonas	genus
172043	species	41275	Brevundimonas	genus
172042	species	32207	Rothia	genus
172041	species	1827	Rhodococcus	genus
172040	species	1663	Arthrobacter	genus
1720344	species	497	Psychrobacter	genus
1720300	species	2316020	Mediterraneibacter	genus
1720204	species	102106	Collinsella	genus
172	species	171	Leptospira	genus
1719125	species	401618	Riesia	genus
1719	species	1716	Corynebacterium	genus
1718	species	1716	Corynebacterium	genus
1717	species	1716	Corynebacterium	genus
171695	species	241192	Thermodesulfatator	genus
171693	species	182709	Oceanobacillus	genus
171692	species	84406	Virgibacillus	genus
171674	species	171673	Inquilinus	genus
171673	genus	41295	Rhodospirillaceae	family
171632	species	2093	Mycoplasma	genus
1716143	species	2035811	Pseudodesulfovibrio	genus
1716	genus	1653	Corynebacteriaceae	family
1715989	species	1234	Nitrospira	genus
171523	species	2759736	Lacticaseibacillus	genus
1714373	species	33882	Microbacterium	genus
171437	species	171436	Tistrella	genus
171413	genus	186827	Aerococcaceae	family
171412	genus	186827	Aerococcaceae	family
171404	species	44249	Paenibacillus	genus
171401	species	44249	Paenibacillus	genus
1714	species	1707	Cellulomonas	genus
171399	species	44249	Paenibacillus	genus
171383	species	662	Vibrio	genus
1713	species	162491	Oerskovia	genus
171287	species	2923352	Mesomycoplasma	genus
171284	species	2767358	Mycoplasmopsis	genus
1712675	species	191303	Turicibacter	genus
1712654	species	2263	Thermococcus	genus
1712410	species	2651578	Thermanaerosceptrum	genus
1712031	species	34104	Streptobacillus	genus
1712029	species	1386	Bacillus	genus
1712	species	1707	Cellulomonas	genus
171194	species	153265	Aequorivita	genus
171164	species	171163	Halosimplex	genus
171163	genus	1963268	Haloarculaceae	family
171121	species	212790	Sulfurihydrogenibium	genus
171101	strain	1313	Streptococcus pneumoniae	species
1711	species	1707	Cellulomonas	genus
171003	genus	2848916	Thermohalobacteraceae	family
1710	species	157920	Cellulosimicrobium	genus
171	genus	170	Leptospiraceae	family
170994	species	1696	Brevibacterium	genus
1709	species	1707	Cellulomonas	genus
1708	species	1707	Cellulomonas	genus
1707785	species	149698	Massilia	genus
1707394	species	2745	Halomonas	genus
1707	genus	85016	Cellulomonadaceae	family
170674	species	662	Vibrio	genus
170673	species	662	Vibrio	genus
170661	species	662	Vibrio	genus
170652	species	662	Vibrio	genus
170651	species	662	Vibrio	genus
170623	species	352	Azotobacter	genus
170573	species	1279	Staphylococcus	genus
1705617	species	1016	Capnocytophaga	genus
1705394	species	655184	Candidatus Thioglobus	genus
1705110	species	1386	Bacillus	genus
1705	species	1716	Corynebacterium	genus
1704499	species	762296	Methylovulum	genus
1704307	species	134550	Xiphinematobacter	genus
1704044	species	1663	Arthrobacter	genus
1703966	species	379	Rhizobium	genus
1703962	species	379	Rhizobium	genus
170367	species	44249	Paenibacillus	genus
1703332	species	2822463	Butyribacter	genus
1703	species	1696	Brevibacterium	genus
1702325	species	28209	Chelatococcus	genus
1702286	species	102106	Collinsella	genus
1702221	species	1729679	Faecalibaculum	genus
1702170	species	544	Citrobacter	genus
170187	strain	1313	Streptococcus pneumoniae	species
1701856	species	1883	Streptomyces	genus
1700847	species	400634	Lysinibacillus	genus
1700846	species	400634	Lysinibacillus	genus
169963	strain	1639	Listeria monocytogenes	species
1699624	species	497	Psychrobacter	genus
1699622	species	497	Psychrobacter	genus
169960	species	1663	Arthrobacter	genus
1699375	genus	1644061	Natrialbaceae	family
1698	species	1696	Brevibacterium	genus
169765	species	1763	Mycobacterium	genus
169760	species	44249	Paenibacillus	genus
1697053	species	1654787	Thiopseudomonas	genus
1697043	species	517	Bordetella	genus
1697	species	1716	Corynebacterium	genus
169686	species	89404	Glaciecola	genus
169679	species	1485	Clostridium	genus
169673	species	1129	Synechococcus	genus
169669	species	286	Pseudomonas	genus
1696072	species	33882	Microbacterium	genus
1696	genus	85019	Brevibacteriaceae	family
1695218	species	44249	Paenibacillus	genus
169480	species	32207	Rothia	genus
169435	species	244127	Anaerotruncus	genus
169430	species	1822464	Paraburkholderia	genus
169427	species	1822464	Paraburkholderia	genus
1694	species	1678	Bifidobacterium	genus
1693	species	1678	Bifidobacterium	genus
169292	species	1716	Corynebacterium	genus
1692238	species	547	Enterobacter	genus
1692	species	1678	Bifidobacterium	genus
169177	species	33986	Exiguobacterium	genus
169176	species	2827482	Caenibius	genus
169134	species	169133	Citricoccus	genus
169133	genus	1268	Micrococcaceae	family
1690815	species	1847	Pseudonocardia	genus
169050	species	49279	Gelidibacter	genus
1690248	species	1663	Arthrobacter	genus
168933	species	445	Legionella	genus
1689303	species	1945592	Lagierella	genus
1689269	species	1689250	Gorillibacterium	genus
1689	species	1678	Bifidobacterium	genus
1688404	species	1847	Pseudonocardia	genus
168808	genus	1129771	Leptotrichiaceae	family
1688	species	1678	Bifidobacterium	genus
1687	species	1678	Bifidobacterium	genus
168697	species	168694	Salinispora	genus
168695	species	168694	Salinispora	genus
168694	genus	28056	Micromonosporaceae	family
168658	genus	45404	Beijerinckiaceae	family
1686310	species	773	Bartonella	genus
1686287	species	1472763	Kallipyga	genus
1686	species	1678	Bifidobacterium	genus
1685010	species	59732	Chryseobacterium	genus
1685	species	1678	Bifidobacterium	genus
168480	species	2053	Gordonia	genus
168471	species	168470	Laribacter	genus
168469	species	286	Pseudomonas	genus
1684385	species	165696	Novosphingobium	genus
1684144	species	1386	Bacillus	genus
1684143	species	44249	Paenibacillus	genus
1684141	species	1386	Bacillus	genus
1684	species	1678	Bifidobacterium	genus
168384	species	248744	Marvinbryantia	genus
1683	species	1678	Bifidobacterium	genus
168276	species	1827	Rhodococcus	genus
168275	species	67572	Psychromonas	genus
1681844	species	105	Runella	genus
1681	species	1678	Bifidobacterium	genus
1680	species	1678	Bifidobacterium	genus
1679721	species	1663717	Herbinix	genus
167964	species	233189	Anaerolinea	genus
1679495	species	34072	Variovorax	genus
1679494	species	59732	Chryseobacterium	genus
1679444	species	239934	Akkermansia	genus
1679169	species	1386	Bacillus	genus
1679168	species	1386	Bacillus	genus
167879	strain	28229	Colwellia psychrerythraea	species
1678678	species	32008	Burkholderia	genus
1678129	species	665874	Limnohabitans	genus
1678128	species	665874	Limnohabitans	genus
1678028	species	149698	Massilia	genus
1678	genus	31953	Bifidobacteriaceae	family
1677894	species	237	Flavobacterium	genus
1677858	species	112902	Propionispora	genus
1677	species	1663	Arthrobacter	genus
1676748	species	83681	Nonomuraea	genus
1676743	species	83681	Nonomuraea	genus
1676616	species	1301	Streptococcus	genus
167642	species	167639	Ilyobacter	genus
167639	genus	203492	Fusobacteriaceae	family
1676125	genus	2691358	Thermoguttaceae	family
1676	species	1742993	Pseudarthrobacter	genus
167555	strain	1219	Prochlorococcus marinus	species
167546	strain	1219	Prochlorococcus marinus	species
167542	strain	1219	Prochlorococcus marinus	species
167539	strain	1219	Prochlorococcus marinus	species
1674923	species	2263	Thermococcus	genus
1674922	species	478070	Labrenzia	genus
167481	species	2767879	Companilactobacillus	genus
1674146	species	64895	Borreliella	genus
167375	genus	2881426	Prochlorococcaceae	family
1673724	species	1933048	Neofamilia	genus
1673721	species	1392389	Intestinimonas	genus
1673717	species	1924093	Anaeromassilibacillus	genus
1673609	species	469	Acinetobacter	genus
1673428	species	1747777	Cuniculiplasma	genus
1673	species	379	Rhizobium	genus
1672219	species	1707	Cellulomonas	genus
1672	species	1663	Arthrobacter	genus
1671721	species	2742	Marinobacter	genus
1671366	species	1263	Ruminococcus	genus
1671	species	1742993	Pseudarthrobacter	genus
1670800	species	2911176	Aquibium	genus
167065	species	33057	Thauera	genus
1670446	species	2767842	Lactiplantibacillus	genus
1670	species	1663	Arthrobacter	genus
167	species	157	Treponema	genus
166954	species	166953	Kaistia	genus
166953	genus	2831111	Kaistiaceae	family
166939	species	192987	Allofustis	genus
166935	species	53246	Pseudoalteromonas	genus
166793	species	207599	Solirubrobacter	genus
1667357	species	1485	Clostridium	genus
1667025	species	629	Yersinia	genus
1667	species	1663	Arthrobacter	genus
166588	genus	104174	Oscillochloridaceae	family
166501	species	262406	Thermobaculum	genus
1665	species	1663	Arthrobacter	genus
166486	species	841	Roseburia	genus
166484	genus	3118654	Caminicellaceae	family
1664670	species	286	Pseudomonas	genus
1664069	species	1386	Bacillus	genus
1663717	genus	186803	Lachnospiraceae	family
1663591	species	13134	Magnetospirillum	genus
166318	species	1129	Synechococcus	genus
166314	species	1129	Synechococcus	genus
1663	genus	1268	Micrococcaceae	family
1662285	species	16	Methylophilus	genus
1661	species	1069494	Trueperella	genus
1660083	species	179	Leptospirillum	genus
1660	species	2529408	Schaalia	genus
1659	species	1654	Actinomyces	genus
1658766	species	559173	Fructobacillus	genus
1658672	species	219181	Ottowia	genus
1658671	species	267408	Arsenicicoccus	genus
1658665	species	93681	Roseateles	genus
165814	species	33877	Agromyces	genus
165813	species	165812	Sporanaerobacter	genus
165812	genus	2992718	Sporanaerobacteraceae	family
1658112	species	1730	Eubacterium	genus
1658111	species	2004411	Inediibacterium	genus
1658109	species	1470349	Stoquefichus	genus
1658108	species	1973274	Niameybacter	genus
165800	species	110103	Anabaenopsis	genus
1658	species	1654	Actinomyces	genus
165779	genus	1570339	Peptoniphilaceae	family
165758	species	1301	Streptococcus	genus
165697	genus	41297	Sphingomonadaceae	family
165696	genus	41297	Sphingomonadaceae	family
165695	genus	41297	Sphingomonadaceae	family
165694	species	773	Bartonella	genus
1656823	genus	2236	Halobacteriaceae	family
1656	species	1654	Actinomyces	genus
165597	strain	263511	Crocosphaera watsonii	species
1655	species	1654	Actinomyces	genus
1654934	genus	213121	Desulfobulbaceae	family
1654787	genus	135621	Pseudomonadaceae	family
1654719	genus	45404	Beijerinckiaceae	family
1654388	species	1279	Staphylococcus	genus
1654	genus	2049	Actinomycetaceae	family
1653870	species	475	Moraxella	genus
1653480	species	674734	Alloactinosynnema	genus
1653476	species	444090	Caldimicrobium	genus
1653434	species	1769710	Sellimonas	genus
1653176	genus	31989	Paracoccaceae	family
165301	genus	2070	Pseudonocardiaceae	family
1652545	species	1663	Arthrobacter	genus
1652495	species	1716	Corynebacterium	genus
1652	species	1651	Alloiococcus	genus
165190	species	102106	Collinsella	genus
165188	species	906	Megasphaera	genus
165186	species	1263	Ruminococcus	genus
165185	species	1730	Eubacterium	genus
165179	species	2974251	Segatella	genus
1651	genus	186828	Carnobacteriaceae	family
165096	species	46255	Weissella	genus
1650663	species	1940255	Fournierella	genus
1650661	species	1485	Clostridium	genus
1650654	species	635	Edwardsiella	genus
165008	species	872	Desulfovibrio	genus
1650	species	1649	Kurthia	genus
165	species	157	Treponema	genus
1649877	species	286	Pseudomonas	genus
1649580	species	2893057	Shouchella	genus
1649504	genus	186817	Bacillaceae	family
1649503	genus	2762316	Terrimicrobiaceae	family
1649496	genus	186817	Bacillaceae	family
1649488	genus	2897176	Aquaspirillaceae	family
1649487	genus	41297	Sphingomonadaceae	family
1649480	genus	126	Planctomycetaceae	family
1649478	genus	292628	Anaerolineaceae	family
1649476	genus	563835	Chitinophagaceae	family
1649475	genus	1962910	Bryobacteraceae	family
1649472	genus	485255	Natranaerobiaceae	family
1649471	genus	186803	Lachnospiraceae	family
1649470	genus	49	Polyangiaceae	family
1649469	genus	403	Methylococcaceae	family
1649462	genus	2896860	Spirosomataceae	family
1649459	genus	31979	Clostridiaceae	family
1649457	genus	85023	Microbacteriaceae	family
1649454	genus	85023	Microbacteriaceae	family
1649452	genus	186824	Thermoactinomycetaceae	family
1649284	genus	216572	Oscillospiraceae	family
1649279	genus	2854170	Roseobacteraceae	family
1649264	genus	213119	Desulfobacteraceae	family
1649257	species	1866885	Mycolicibacterium	genus
1649184	species	1883	Streptomyces	genus
1649	genus	186818	Planococcaceae	family
1648520	genus	85023	Microbacteriaceae	family
1648503	genus	85023	Microbacteriaceae	family
1648500	genus	539003	Bacillales Family X. Incertae Sedis	family
1648404	species	2800681	Aurantiacibacter	genus
1648	species	1647	Erysipelothrix	genus
164757	species	1763	Mycobacterium	genus
164756	species	1763	Mycobacterium	genus
1647413	species	1163	Anabaena	genus
1647190	genus	186817	Bacillaceae	family
1647	genus	128827	Erysipelotrichaceae	family
1646498	species	469	Acinetobacter	genus
1646377	species	1565532	Rouxiella	genus
1646373	species	1565532	Rouxiella	genus
1646340	species	1330547	Kosakonia	genus
1646122	species	13687	Sphingomonas	genus
1646119	species	237	Flavobacterium	genus
1646	species	1645	Renibacterium	genus
164546	species	106589	Cupriavidus	genus
164514	species	34098	Blattabacterium	genus
1645	genus	1268	Micrococcaceae	family
164451	species	164450	Vulcanisaeta	genus
1644131	species	29580	Janthinobacterium	genus
1644130	species	252356	Maribacter	genus
1644102	genus	49546	Flavobacteriaceae	family
1644062	genus	1644056	Haloferacaceae	family
1644057	genus	1963271	Halorubraceae	family
164400	species	33057	Thauera	genus
164393	species	2767885	Latilactobacillus	genus
1643450	species	46913	Devosia	genus
164330	species	33057	Thauera	genus
1643	species	1637	Listeria	genus
1642647	species	294702	Proteiniphilum	genus
1642646	species	307628	Petrimonas	genus
1642	species	1637	Listeria	genus
1641992	species	1866885	Mycolicibacterium	genus
1641402	species	1847	Pseudonocardia	genus
1641165	strain	1209493	Halomicronema hongdechloris	species
1641	species	1637	Listeria	genus
1640685	species	1350	Enterococcus	genus
1640	species	1637	Listeria	genus
1639348	species	13134	Magnetospirillum	genus
1639	species	1637	Listeria	genus
163879	species	2893058	Pseudalkalibacillus	genus
1638788	strain	513223	Microcystis panniformis	species
163877	species	84406	Virgibacillus	genus
163875	species	1663	Arthrobacter	genus
163874	species	1663	Arthrobacter	genus
163869	species	296014	Algicola	genus
1638	species	1637	Listeria	genus
1637975	species	2675230	Cytobacillus	genus
1637257	genus	216572	Oscillospiraceae	family
1637	genus	186820	Listeriaceae	family
163665	species	156973	Dysgonomonas	genus
1636152	species	118	Planctomyces	genus
1634516	species	72173	Citromicrobium	genus
1634037	genus	3031458	Desulfoplanaceae	family
1633874	species	434	Acetobacter	genus
163361	species	1883	Streptomyces	genus
1633	species	2742598	Limosilactobacillus	genus
1632865	species	123	Pirellula	genus
1632864	species	118	Planctomyces	genus
1632858	species	1923871	Massilibacterium	genus
1632780	genus	2843305	Phreatobacteraceae	family
1632778	genus	85023	Microbacteriaceae	family
163202	species	1716	Corynebacterium	genus
1632	species	2742598	Limosilactobacillus	genus
1631871	species	46255	Weissella	genus
163164	species	953	Wolbachia	genus
1631346	species	1935206	Rubeoparvulum	genus
1631	species	559173	Fructobacillus	genus
1630693	species	113	Gemmata	genus
1630135	species	36739	Dermabacter	genus
163011	species	286	Pseudomonas	genus
163003	species	2263	Thermococcus	genus
1630	species	1279388	Kandleria	genus
163	species	157	Treponema	genus
1629723	species	129337	Geobacillus	genus
1629	species	46255	Weissella	genus
1628753	species	1386	Bacillus	genus
1628251	species	1572763	Moheibacter	genus
1628248	species	59734	Empedobacter	genus
1628148	species	67575	Rheinheimera	genus
1628085	species	2048137	Agathobaculum	genus
1625	species	2767881	Fructilactobacillus	genus
162496	species	1742989	Glutamicibacter	genus
162491	genus	85016	Cellulomonadaceae	family
162426	species	33882	Microbacterium	genus
1624	species	2767887	Ligilactobacillus	genus
162393	species	33882	Microbacterium	genus
1623	species	2767887	Ligilactobacillus	genus
162291	genus	186818	Planococcaceae	family
162290	genus	1570339	Peptoniphilaceae	family
162289	genus	1570339	Peptoniphilaceae	family
1622118	species	358023	Lutibacter	genus
162209	species	44249	Paenibacillus	genus
1622073	species	1485	Clostridium	genus
1622072	species	1386	Bacillus	genus
1622070	species	44249	Paenibacillus	genus
1622	species	2767887	Ligilactobacillus	genus
1621700	species	1637	Listeria	genus
162170	species	162491	Oerskovia	genus
162169	species	162491	Oerskovia	genus
162156	species	816	Bacteroides	genus
1620421	species	274591	Hoeflea	genus
1620392	species	630749	Spongiibacter	genus
162027	genus	224464	Kofleriaceae	family
1620	species	46255	Weissella	genus
162	species	157	Treponema	genus
1619949	species	286	Pseudomonas	genus
1619313	species	3026546	Duffyella	genus
1619308	species	1759331	Cnuibacter	genus
161902	species	1716	Corynebacterium	genus
161899	species	1716	Corynebacterium	genus
161896	species	1716	Corynebacterium	genus
161895	species	1716	Corynebacterium	genus
161890	species	1716	Corynebacterium	genus
161889	species	1716	Corynebacterium	genus
161879	species	1716	Corynebacterium	genus
1618207	species	2078575	Psychromicrobium	genus
1618	species	2767888	Liquorilactobacillus	genus
1617448	species	669357	Geminocystis	genus
1617283	species	237	Flavobacterium	genus
1617282	species	2782229	Epilithonimonas	genus
161719	species	53246	Pseudoalteromonas	genus
1616789	genus	137	Spirochaetaceae	family
1616788	species	44249	Paenibacillus	genus
1616	species	46255	Weissella	genus
1615909	species	669357	Geminocystis	genus
1615686	species	83681	Nonomuraea	genus
161536	species	484508	Ornithinibacillus	genus
1615	species	46255	Weissella	genus
161493	species	161492	Anaeromyxobacter	genus
161492	genus	1524215	Anaeromyxobacteraceae	family
1614635	species	52972	Polaromonas	genus
1614	species	2767881	Fructilactobacillus	genus
161398	species	53246	Pseudoalteromonas	genus
161361	species	162291	Planomicrobium	genus
161360	species	1372	Planococcus	genus
1613	species	2742598	Limosilactobacillus	genus
1612552	species	65496	Actinoalloteichus	genus
1612551	species	65496	Actinoalloteichus	genus
1612149	species	59732	Chryseobacterium	genus
1612	species	2767879	Companilactobacillus	genus
1611770	species	286	Pseudomonas	genus
161153	species	2053	Gordonia	genus
1611423	species	237	Flavobacterium	genus
1610576	species	2745	Halomonas	genus
1610493	species	72763	Tessaracoccus	genus
1610	species	2767889	Loigolactobacillus	genus
1609977	species	13687	Sphingomonas	genus
1609975	species	1485	Clostridium	genus
1609974	species	1485	Clostridium	genus
1609968	species	2172	Methanobrevibacter	genus
1609966	species	1433986	Actibacterium	genus
1609559	species	2260	Pyrococcus	genus
1609531	species	59732	Chryseobacterium	genus
1608628	species	119044	Filomicrobium	genus
160846	species	63742	Natrialba	genus
160826	species	1839	Nocardioides	genus
160825	species	283	Comamonas	genus
160808	species	119977	Acidithiobacillus	genus
160800	genus	403	Methylococcaceae	family
160799	species	44249	Paenibacillus	genus
160795	genus	186818	Planococcaceae	family
160794	genus	186817	Bacillaceae	family
160791	species	1649486	Rhizorhabdus	genus
1607738	species	1279	Staphylococcus	genus
160700	genus	31993	Methylocystaceae	family
160699	species	357	Agrobacterium	genus
160660	species	1765964	Acidihalobacter	genus
1605449	species	29330	Alicyclobacillus	genus
1605	species	2767887	Ligilactobacillus	genus
160492	strain	2371	Xylella fastidiosa	species
160491	strain	1314	Streptococcus pyogenes	species
160490	strain	1314	Streptococcus pyogenes	species
160488	strain	303	Pseudomonas putida	species
160487	species	44249	Paenibacillus	genus
1604774	species	165696	Novosphingobium	genus
160454	species	1350	Enterococcus	genus
160453	species	1350	Enterococcus	genus
160434	species	160433	Samsonia	genus
160404	species	2039240	Anaerotignum	genus
1604004	species	1656823	Halanaeroarchaeum	genus
1604	species	1578	Lactobacillus	genus
160396	species	59732	Chryseobacterium	genus
160386	species	1716	Corynebacterium	genus
1603606	species	890	Desulfuromonas	genus
1603555	species	1825023	Nitrosotenuis	genus
160233	species	54258	Ignicoccus	genus
160232	species	193568	Nanoarchaeum	genus
1601	species	2767887	Ligilactobacillus	genus
1600	species	1578	Lactobacillus	genus
160	species	157	Treponema	genus
16	genus	32011	Methylophilaceae	family
1599	species	2767885	Latilactobacillus	genus
159896	species	33882	Microbacterium	genus
1598147	species	1372	Planococcus	genus
1598	species	2742598	Limosilactobacillus	genus
159743	species	44249	Paenibacillus	genus
159730	genus	2770093	Thermosediminibacteraceae	family
1597	species	2759736	Lacticaseibacillus	genus
159632	species	1386	Bacillus	genus
1596	species	1578	Lactobacillus	genus
159450	species	1822464	Paraburkholderia	genus
159346	species	159345	Roseibacterium	genus
159343	species	189326	Gelria	genus
159292	species	69894	Tindallia	genus
159291	species	2024958	Alkalispirochaeta	genus
159290	species	66848	Desulfonatronum	genus
1592728	species	2237	Haloarcula	genus
159267	species	848	Fusobacterium	genus
1591085	species	120831	Dyadobacter	genus
159087	strain	259537	Dechloromonas aromatica	species
1590652	species	329857	Cohnella	genus
1590651	species	44249	Paenibacillus	genus
1590	species	2767842	Lactiplantibacillus	genus
159	species	29521	Brachyspira	genus
1589	species	2767842	Lactiplantibacillus	genus
158899	species	202907	Collimonas	genus
158898	species	2053	Gordonia	genus
158897	species	1742993	Pseudarthrobacter	genus
158892	species	28105	Sinorhizobium	genus
158891	species	379	Rhizobium	genus
158879	strain	1280	Staphylococcus aureus	species
158878	strain	1280	Staphylococcus aureus	species
158877	species	158876	Yokenella	genus
158876	genus	543	Enterobacteriaceae	family
1588642	species	120212	Subtercola	genus
158852	species	158851	Trabulsiella	genus
158851	genus	543	Enterobacteriaceae	family
158850	species	586	Providencia	genus
158849	species	158848	Moellerella	genus
158848	genus	1903414	Morganellaceae	family
158847	species	158846	Megamonas	genus
158841	species	82980	Leminorella	genus
158836	species	547	Enterobacter	genus
158823	species	158483	Cedecea	genus
158822	species	158483	Cedecea	genus
1588023	species	1663	Arthrobacter	genus
1588	species	2767893	Lentilactobacillus	genus
1587527	species	1433999	Domibacillus	genus
1587	species	1578	Lactobacillus	genus
1586779	species	1506553	Lachnoclostridium	genus
1586287	species	165301	Lentzea	genus
158627	species	286	Pseudomonas	genus
1585974	species	1922299	Beduini	genus
158500	species	165696	Novosphingobium	genus
158484	species	158483	Cedecea	genus
158483	genus	543	Enterobacteriaceae	family
158481	genus	224379	Hahellaceae	family
1584	species	1578	Lactobacillus	genus
158327	species	158481	Hahella	genus
1583100	species	76831	Myroides	genus
1583	species	46255	Weissella	genus
1582439	species	338191	Nitrosopumilus	genus
1582	species	2759736	Lacticaseibacillus	genus
158190	strain	1131707	Sphaerochaeta pleomorpha	species
158189	strain	1131703	Sphaerochaeta globosa	species
1581680	species	1679002	Methylopumilus	genus
1581557	species	1679002	Methylopumilus	genus
1581	species	2767893	Lentilactobacillus	genus
158080	species	42054	Chromohalobacter	genus
1580092	species	338191	Nitrosopumilus	genus
1580	species	2767886	Levilactobacillus	genus
158	species	157	Treponema	genus
1579979	species	1676142	Wenzhouxiangella	genus
157932	genus	119060	Burkholderiaceae	family
1579316	species	2854182	Falsihalocynthiibacter	genus
157920	genus	85017	Promicromonosporaceae	family
157910	species	1822464	Paraburkholderia	genus
1579	species	1578	Lactobacillus	genus
1578828	species	635	Edwardsiella	genus
1578756	species	1696	Brevibacterium	genus
157839	species	44249	Paenibacillus	genus
157838	species	2837504	Heyndrickxia	genus
1578199	species	55080	Brevibacillus	genus
1578	genus	33958	Lactobacillaceae	family
157784	species	286	Pseudomonas	genus
157783	species	286	Pseudomonas	genus
157782	species	286	Pseudomonas	genus
1577791	species	1607807	Methanoplasma	genus
157779	species	504090	Kushneria	genus
1577684	species	1890407	Nanopusillus	genus
1577474	species	1911549	Raineyella	genus
157733	species	2675234	Alkalihalobacillus	genus
157692	species	2755140	Pseudoleptotrichia	genus
157691	species	32067	Leptotrichia	genus
157688	species	32067	Leptotrichia	genus
157687	species	32067	Leptotrichia	genus
157673	species	697331	Basfia	genus
157591	genus	2008793	Sterolibacteriaceae	family
1575	species	110932	Leifsonia	genus
157465	species	2013	Nocardiopsis	genus
157463	species	559173	Fructobacillus	genus
1574141	species	1386	Bacillus	genus
1573806	genus	1471398	Prolixibacteraceae	family
1573	genus	85023	Microbacteriaceae	family
157268	species	209	Helicobacter	genus
157228	species	227979	Jeotgalicoccus	genus
157227	species	227979	Jeotgalicoccus	genus
157226	genus	186818	Planococcaceae	family
157225	species	45669	Salinicoccus	genus
1571920	species	400634	Lysinibacillus	genus
1571	species	1569	Sporosarcina	genus
1570330	species	1386	Bacillus	genus
1570272	species	286	Pseudomonas	genus
1570103	species	1883	Streptomyces	genus
1570101	species	1883	Streptomyces	genus
1570100	species	83681	Nonomuraea	genus
1570098	species	38501	Blastococcus	genus
1570097	species	38501	Blastococcus	genus
1570	species	45667	Halobacillus	genus
157	genus	2845253	Treponemataceae	family
156994	species	156993	Reichenbachiella	genus
156993	genus	2762302	Reichenbachiellaceae	family
156981	species	1707	Cellulomonas	genus
156980	species	1663	Arthrobacter	genus
156978	species	1716	Corynebacterium	genus
156977	species	33882	Microbacterium	genus
156976	species	1716	Corynebacterium	genus
156974	species	156973	Dysgonomonas	genus
156973	genus	2005520	Dysgonomonadaceae	family
156972	genus	1046	Chromatiaceae	family
1569265	species	497	Psychrobacter	genus
1569264	species	497	Psychrobacter	genus
1569	genus	186818	Planococcaceae	family
156889	strain	1124597	Magnetococcus marinus	species
156885	genus	1046	Chromatiaceae	family
156839	species	1883	Streptomyces	genus
156838	species	1883	Streptomyces	genus
156837	species	1883	Streptomyces	genus
1566886	species	1866885	Mycolicibacterium	genus
1566358	species	44249	Paenibacillus	genus
1566022	species	237	Flavobacterium	genus
1565991	species	1386	Bacillus	genus
1565605	species	1914449	Rugosibacter	genus
1565313	genus	403	Methylococcaceae	family
1564956	species	74385	Gracilibacillus	genus
1564681	species	2747	Carnobacterium	genus
156456	species	156454	Anaeroglobus	genus
156454	genus	31977	Veillonellaceae	family
156453	species	1883	Streptomyces	genus
1564515	genus	1937961	Haliscomenobacteraceae	family
1564506	species	34008	Rhodovulum	genus
1564114	species	1827	Rhodococcus	genus
1564	species	2916693	Desulforamulus	genus
1563222	species	544	Citrobacter	genus
1563	species	79206	Desulfosporosinus	genus
1562970	species	1784836	Fermentimonas	genus
1562565	genus	2048906	Pyrinomonadaceae	family
1562564	genus	1748772	Blastocatellaceae	family
156205	species	45667	Halobacillus	genus
1562	genus	2937910	Desulfotomaculaceae	family
1561023	species	2034	Curtobacterium	genus
1561022	species	1883	Streptomyces	genus
1561	species	1485	Clostridium	genus
1560345	species	13687	Sphingomonas	genus
1560339	species	547	Enterobacter	genus
1560217	species	1485	Clostridium	genus
156	species	2967963	Teretinema	genus
155978	species	155977	Acaryochloris	genus
155976	species	39845	Actinokineospora	genus
155975	species	39845	Actinokineospora	genus
155920	strain	2371	Xylella fastidiosa	species
1559	species	1485	Clostridium	genus
155892	species	75	Caulobacter	genus
155866	species	46255	Weissella	genus
155864	strain	562	Escherichia coli	species
155863	species	155862	Methanothermococcus	genus
155862	genus	2183	Methanococcaceae	family
155729	species	4852	Cunninghamella	genus
155680	species	1301	Streptococcus	genus
155618	species	1350	Enterococcus	genus
155617	species	1350	Enterococcus	genus
1556	species	1505664	Gottschalkia	genus
155517	species	155493	Gallibacterium	genus
155515	species	155493	Gallibacterium	genus
1555112	species	1676651	Limnochorda	genus
1553449	species	497	Psychrobacter	genus
155322	species	1386	Bacillus	genus
1553	species	1485	Clostridium	genus
1552759	species	1866885	Mycolicibacterium	genus
1552750	species	349	Zoogloea	genus
1552123	species	1637	Listeria	genus
155194	species	773	Bartonella	genus
1551649	species	165696	Novosphingobium	genus
155085	species	1279	Staphylococcus	genus
155077	species	10	Cellvibrio	genus
1550730	species	212743	Rhizobacter	genus
1550565	species	45989	Methanoculleus	genus
1550241	species	2856573	Infirmifilum	genus
1550024	species	1905344	Ruthenibacterium	genus
1550	species	1485	Clostridium	genus
1549889	species	336803	Thorsellia	genus
1549888	species	336803	Thorsellia	genus
1549858	species	13687	Sphingomonas	genus
1549855	species	1804663	Haematospirillum	genus
1549126	genus	3079273	Desulfatiglandaceae	family
1549	species	3115229	Faecalispora	genus
1548601	species	1386	Bacillus	genus
1548600	species	1386	Bacillus	genus
1548547	species	1738655	Woeseia	genus
1548194	species	286	Pseudomonas	genus
1548130	species	33986	Exiguobacterium	genus
1548	species	1485	Clostridium	genus
1547445	species	262	Francisella	genus
1547283	species	1386	Bacillus	genus
1547166	species	2745	Halomonas	genus
1547	species	3025755	Thomasclavelia	genus
154654	species	1763	Mycobacterium	genus
1546487	species	1988	Actinomadura	genus
154621	species	1350	Enterococcus	genus
1545835	species	160798	Marinitoga	genus
1545728	species	1763	Mycobacterium	genus
1545702	species	1578	Lactobacillus	genus
1544867	species	1822464	Paraburkholderia	genus
1544861	species	1827195	Caballeronia	genus
1543721	species	349742	Sedimenticola	genus
154346	genus	72276	Ectothiorhodospiraceae	family
1542963	genus	1963268	Haloarculaceae	family
154288	species	191303	Turicibacter	genus
1542	species	1485	Clostridium	genus
1541197	species	1372	Planococcus	genus
154117	species	154116	Georgenia	genus
154116	genus	145358	Bogoriellaceae	family
154108	species	497	Psychrobacter	genus
1541	species	1505652	Terrisporobacter	genus
154046	species	1649459	Hungatella	genus
1540082	species	12914	Acidianus	genus
154	species	146	Spirochaeta	genus
153971	species	1763	Mycobacterium	genus
153948	species	914	Nitrosomonas	genus
1539298	species	157	Treponema	genus
1538644	species	28453	Sphingobacterium	genus
1538553	species	416	Methylomonas	genus
1538547	species	1655637	Candidatus Lokiarchaeum	genus
1538466	genus	28056	Micromonosporaceae	family
1538103	species	1654719	Pseudochelatococcus	genus
1538102	species	1654719	Pseudochelatococcus	genus
1538	species	1485	Clostridium	genus
1537716	genus	31989	Paracoccaceae	family
153731	species	33882	Microbacterium	genus
153730	species	46352	Agrococcus	genus
153721	species	1011	Sporocytophaga	genus
1536775	species	44249	Paenibacillus	genus
1536774	species	44249	Paenibacillus	genus
1536773	species	44249	Paenibacillus	genus
1536772	species	44249	Paenibacillus	genus
1536771	species	44249	Paenibacillus	genus
1536770	species	44249	Paenibacillus	genus
1536769	species	44249	Paenibacillus	genus
153622	species	662	Vibrio	genus
1535303	species	237	Flavobacterium	genus
153496	species	153497	Kozakia	genus
153494	species	13242	Rarobacter	genus
153493	species	334107	Conchiformibius	genus
153491	species	194195	Alysiella	genus
1534	species	1485	Clostridium	genus
153376	species	1847	Pseudonocardia	genus
153267	species	153265	Aequorivita	genus
153266	species	153265	Aequorivita	genus
153265	genus	49546	Flavobacteriaceae	family
1532555	species	41275	Brevundimonas	genus
153233	species	153232	Oceanicaulis	genus
153151	species	1906945	Parageobacillus	genus
1531429	species	2815775	Berryella	genus
1531	species	2719313	Enterocloster	genus
153027	genus	3031623	Desulforegulaceae	family
153026	species	153027	Desulforegula	genus
1530123	species	469	Acinetobacter	genus
1530067	species	359169	Thermopolyspora	genus
1530	species	1485	Clostridium	genus
1529256	species	1883	Streptomyces	genus
1529069	species	52959	Polaribacter	genus
1529	species	1485	Clostridium	genus
1528104	species	1860	Geodermatophilus	genus
1528099	species	1847725	Lawsonella	genus
152794	species	1716	Corynebacterium	genus
1527293	species	44249	Paenibacillus	genus
1527	species	1843210	Anaerocolumna	genus
1526927	species	1372	Planococcus	genus
152682	species	13687	Sphingomonas	genus
1526658	species	85413	Bosea	genus
1526571	species	1751872	Lacimicrobium	genus
152500	species	32008	Burkholderia	genus
1525	species	44260	Moorella	genus
152480	species	32008	Burkholderia	genus
152475	species	106633	Thioalkalivibrio	genus
1524217	genus	1524216	Labilitrichaceae	family
1524	species	1506577	Tyzzerella	genus
152335	species	2767890	Paucilactobacillus	genus
152331	species	2767893	Lentilactobacillus	genus
152297	species	53246	Pseudoalteromonas	genus
152268	species	2675233	Metabacillus	genus
1522671	species	61434	Dehalococcoides	genus
152267	genus	506	Alcaligenaceae	family
152260	species	1107	Chloroflexus	genus
1522308	species	1386	Bacillus	genus
1522002	species	1654	Actinomyces	genus
1522	species	3025755	Thomasclavelia	genus
152180	genus	2829814	Ahrensiaceae	family
1521640	strain	1521626	Gomphosphaeria aponina	species
152161	genus	2821832	Stappiaceae	family
152142	species	1866885	Mycolicibacterium	genus
1521255	genus	1777752	Candidatus Paracaedibacteraceae	family
1521	species	1508657	Ruminiclostridium	genus
152053	genus	335928	Xanthobacteraceae	family
1520	species	1485	Clostridium	genus
152	species	2951109	Zuelzera	genus
1519439	species	459786	Oscillibacter	genus
1519438	species	1730	Eubacterium	genus
1519377	species	129337	Geobacillus	genus
1519373	genus	255474	Parvularculaceae	family
1519	species	1485	Clostridium	genus
151895	species	1649482	Pseudopedobacter	genus
151894	species	84567	Pedobacter	genus
151784	species	152267	Pigmentiphaga	genus
151783	species	106589	Cupriavidus	genus
1517	species	28895	Thermoanaerobacterium	genus
151654	species	106589	Cupriavidus	genus
1516	species	1754	Thermoanaerobacter	genus
1515612	species	165697	Sphingopyxis	genus
1515	species	35829	Acetivibrio	genus
1514668	species	1263	Ruminococcus	genus
151454	species	85413	Bosea	genus
151419	species	85413	Bosea	genus
151416	species	85413	Bosea	genus
151414	species	1033	Afipia	genus
1514105	species	1647	Erysipelothrix	genus
1513896	species	28453	Sphingobacterium	genus
1513468	species	1565532	Rouxiella	genus
1513284	species	1386	Bacillus	genus
1513	species	1485	Clostridium	genus
151276	species	816	Bacteroides	genus
1512	species	1506553	Lachnoclostridium	genus
1511	species	186831	Acetoanaerobium	genus
151081	species	53246	Pseudoalteromonas	genus
1510574	species	34037	Rahnella	genus
1510573	species	34037	Rahnella	genus
1510570	species	34037	Rahnella	genus
1510466	species	338191	Nitrosopumilus	genus
151038	genus	1843490	Sporomusaceae	family
151037	genus	1843490	Sporomusaceae	family
1510197	species	1883	Streptomyces	genus
1510	species	2304691	Thermoclostridium	genus
151	species	2035349	Oceanispirochaeta	genus
1509	species	1485	Clostridium	genus
1508657	genus	216572	Oscillospiraceae	family
1508644	species	49082	Candidatus Arthromitus	genus
1508451	genus	2820280	Sphingosinicellaceae	family
1508421	genus	3029087	Aminobacteriaceae	family
1508404	species	157226	Jeotgalibacillus	genus
150832	species	57494	Nesterenkonia	genus
150831	species	150830	Roseibium	genus
150830	genus	2821832	Stappiaceae	family
150829	species	2951107	Leadbettera	genus
150818	genus	31984	Heliobacteriaceae	family
1508091	species	1386	Bacillus	genus
1507331	species	33882	Microbacterium	genus
150723	species	31988	Aminobacter	genus
1507	species	1485	Clostridium	genus
1506994	species	830	Butyrivibrio	genus
1506553	genus	186803	Lachnospiraceae	family
1505907	species	2263	Thermococcus	genus
1505866	species	1505768	Schmidhempelia	genus
1505652	genus	186804	Peptostreptococcaceae	family
1505597	species	203804	Blochmannia	genus
1505596	species	203804	Blochmannia	genus
1505	species	1849822	Paraclostridium	genus
1504981	species	2745	Halomonas	genus
1504709	species	142577	Prauserella	genus
1504	species	1485	Clostridium	genus
1503961	species	2837485	Evansella	genus
150340	species	662	Vibrio	genus
150336	species	1485	Clostridium	genus
150333	genus	31979	Clostridiaceae	family
1503055	species	32008	Burkholderia	genus
1503054	species	32008	Burkholderia	genus
1503	species	1505664	Gottschalkia	genus
1502943	species	29465	Veillonella	genus
1502725	genus	186823	Alicyclobacillaceae	family
150247	genus	186817	Bacillaceae	family
150240	species	1378	Gemella	genus
150203	genus	41297	Sphingomonadaceae	family
1502	species	1485	Clostridium	genus
150172	species	237	Flavobacterium	genus
1501662	species	1301	Streptococcus	genus
1501332	species	265975	Oribacterium	genus
1501329	species	265975	Oribacterium	genus
1501269	species	1218	Prochlorococcus	genus
1501268	species	1218	Prochlorococcus	genus
150123	species	190323	Plantibacter	genus
1501226	genus	186804	Peptostreptococcaceae	family
150122	species	2034	Curtobacterium	genus
150121	species	110934	Agreia	genus
150120	species	22	Shewanella	genus
1501	species	1485	Clostridium	genus
1500960	species	194	Campylobacter	genus
1500686	species	286	Pseudomonas	genus
150059	genus	53434	Halobacteroidaceae	family
150056	species	2803850	Mammaliicoccus	genus
150055	species	1301	Streptococcus	genus
1500514	genus	186817	Bacillaceae	family
1500473	species	2013	Nocardiopsis	genus
1500460	species	1849	Actinopolyspora	genus
1500453	species	1849	Actinopolyspora	genus
150033	species	1350	Enterococcus	genus
150026	species	110932	Leifsonia	genus
150025	species	110932	Leifsonia	genus
150024	species	2745	Halomonas	genus
150022	genus	1570339	Peptoniphilaceae	family
1499968	species	44249	Paenibacillus	genus
1499689	species	1485	Clostridium	genus
1499687	species	1372	Planococcus	genus
1499685	species	1386	Bacillus	genus
1499684	species	1485	Clostridium	genus
1499683	species	1485	Clostridium	genus
1499680	species	1386	Bacillus	genus
1498946	species	33877	Agromyces	genus
1498945	species	1295327	Croceicoccus	genus
1498	species	1769729	Hathewaya	genus
1497681	species	1637	Listeria	genus
149715	species	160798	Marinitoga	genus
149711	genus	213465	Syntrophobacteraceae	family
1497	species	1485	Clostridium	genus
149698	genus	75682	Oxalobacteraceae	family
1496	species	1870884	Clostridioides	genus
1495769	species	1495768	Evansia	genus
1495649	genus	1495648	Thermoflexaceae	family
1494959	species	1494958	Pseudogracilibacillus	genus
1494958	genus	186817	Bacillaceae	family
1494608	species	1663	Arthrobacter	genus
1494462	species	1357	Lactococcus	genus
1494	species	1485	Clostridium	genus
1493872	species	59732	Chryseobacterium	genus
1493	species	1485	Clostridium	genus
1492898	species	398041	Flavisolibacter	genus
1492742	species	1883	Streptomyces	genus
1492737	species	237	Flavobacterium	genus
1492	species	1485	Clostridium	genus
1491	species	1485	Clostridium	genus
149017	species	28263	Arcanobacterium	genus
149016	species	1301	Streptococcus	genus
1490057	species	150247	Anoxybacillus	genus
1490052	species	150247	Anoxybacillus	genus
1490030	species	265	Paracoccus	genus
1490	species	1849822	Paraclostridium	genus
1488549	species	1350	Enterococcus	genus
148814	species	2767877	Apilactobacillus	genus
148813	species	286130	Sulfuricurvum	genus
1488	species	1485	Clostridium	genus
1487956	species	1716	Corynebacterium	genus
1487921	species	1485	Clostridium	genus
1487726	species	1763	Mycobacterium	genus
1486726	genus	216572	Oscillospiraceae	family
1486720	genus	1486721	Methylothermaceae	family
1486262	species	293088	Martelella	genus
148604	species	2742598	Limosilactobacillus	genus
1486034	species	291183	Lacinutrix	genus
1485225	species	168934	Thalassospira	genus
1485	genus	31979	Clostridiaceae	family
1484898	genus	45401	Hyphomicrobiaceae	family
1484693	species	28065	Rhodoferax	genus
148453	species	3076172	Lacicoccus	genus
148447	species	1822464	Paraburkholderia	genus
1484158	species	53335	Pantoea	genus
1484157	species	53335	Pantoea	genus
1484118	species	89966	Hymenobacter	genus
1484116	species	89966	Hymenobacter	genus
1484107	genus	85023	Microbacteriaceae	family
1484	species	1609627	Hydrogenibacillus	genus
1483603	species	1883	Streptomyces	genus
1482	species	84406	Virgibacillus	genus
1481934	species	662	Vibrio	genus
1481933	species	662	Vibrio	genus
1481932	species	258255	Pseudovibrio	genus
1481931	species	662	Vibrio	genus
1481930	species	182709	Oceanobacillus	genus
1481929	species	1386	Bacillus	genus
1481928	species	1386	Bacillus	genus
1481926	species	662	Vibrio	genus
1481924	species	662	Vibrio	genus
1481663	species	662	Vibrio	genus
148	species	1911556	Sediminispirochaeta	genus
1479524	species	226	Alteromonas	genus
1479	species	1386	Bacillus	genus
147825	species	497	Psychrobacter	genus
1478175	species	112987	Neochlamydia	genus
147802	species	1578	Lactobacillus	genus
1478	species	2675229	Peribacillus	genus
1476959	species	48075	Marinobacterium	genus
1476901	species	363408	Nonlabens	genus
1476857	species	1386	Bacillus	genus
1476549	species	1883	Streptomyces	genus
147645	species	265	Paracoccus	genus
1476	species	1569	Sporosarcina	genus
147577	species	2060	Tsukamurella	genus
1474	species	1569	Sporosarcina	genus
1473580	species	1185408	Defluviitalea	genus
1473546	species	400634	Lysinibacillus	genus
1473	species	84406	Virgibacillus	genus
1472881	species	53355	Terrabacter	genus
1472767	species	175304	Lentibacillus	genus
1472719	species	44249	Paenibacillus	genus
147268	species	933	Thiomicrospira	genus
147266	species	357	Agrobacterium	genus
147248	species	2745	Halomonas	genus
147207	species	102106	Collinsella	genus
147206	species	102106	Collinsella	genus
1472	species	44249	Paenibacillus	genus
1471761	species	1677050	Novibacillus	genus
1471401	species	1716	Corynebacterium	genus
1471400	species	1716	Corynebacterium	genus
1471	species	1386	Bacillus	genus
147067	genus	2004	Streptosporangiaceae	family
1470540	genus	186828	Carnobacteriaceae	family
1470434	species	1434050	Zhongshania	genus
1470357	strain	1297617	Intestinimonas butyriciproducens	species
1470179	species	1849	Actinopolyspora	genus
1470176	species	65496	Actinoalloteichus	genus
147	species	146	Spirochaeta	genus
1469565	species	1849	Actinopolyspora	genus
146940	species	146936	Azonexus	genus
146939	species	146937	Azospira	genus
146938	species	146935	Azovibrio	genus
146937	genus	75787	Rhodocyclaceae	family
146936	genus	2008795	Azonexaceae	family
146935	genus	75787	Rhodocyclaceae	family
146923	species	1883	Streptomyces	genus
146919	species	146918	Salinibacter	genus
146918	genus	1853225	Salinibacteraceae	family
146907	species	36853	Desulfitobacterium	genus
146891	strain	1219	Prochlorococcus marinus	species
1468409	species	32008	Burkholderia	genus
146827	species	1716	Corynebacterium	genus
146826	species	146825	Halorhabdus	genus
146825	genus	1963268	Haloarculaceae	family
146821	species	1883	Streptomyces	genus
146820	species	1883	Streptomyces	genus
146819	species	1883	Streptomyces	genus
146813	genus	1843490	Sporomusaceae	family
146805	genus	712	Pasteurellaceae	family
146786	species	146785	Thermosynechococcus	genus
146784	genus	263369	Bacteriovoracaceae	family
1467	species	2804231	Lederbergia	genus
1465754	species	239759	Alistipes	genus
1465635	species	53335	Pantoea	genus
1465531	species	1578	Lactobacillus	genus
1465530	species	1578	Lactobacillus	genus
1465529	species	1578	Lactobacillus	genus
1465528	species	1578	Lactobacillus	genus
1465527	species	1578	Lactobacillus	genus
1465526	species	1578	Lactobacillus	genus
1465525	species	1578	Lactobacillus	genus
1465524	species	1578	Lactobacillus	genus
1465523	species	1578	Lactobacillus	genus
1465522	species	1578	Lactobacillus	genus
1465521	species	1578	Lactobacillus	genus
1465520	species	1578	Lactobacillus	genus
1465519	species	1578	Lactobacillus	genus
1465518	species	1578	Lactobacillus	genus
1465517	species	1578	Lactobacillus	genus
1465516	species	1578	Lactobacillus	genus
1465515	species	1578	Lactobacillus	genus
1465514	species	1578	Lactobacillus	genus
1465513	species	1578	Lactobacillus	genus
1465512	species	1578	Lactobacillus	genus
1465511	species	1578	Lactobacillus	genus
1465510	species	1578	Lactobacillus	genus
1465509	species	1578	Lactobacillus	genus
1465508	species	1578	Lactobacillus	genus
1465507	species	1578	Lactobacillus	genus
1465506	species	1578	Lactobacillus	genus
1465505	species	1578	Lactobacillus	genus
1465502	species	2077	Sporolactobacillus	genus
1465	species	55080	Brevibacillus	genus
146476	species	434	Acetobacter	genus
146475	species	434	Acetobacter	genus
146474	species	434	Acetobacter	genus
1464546	species	522	Acidiphilium	genus
1464	species	44249	Paenibacillus	genus
1463165	species	570	Klebsiella	genus
1463158	species	141948	Thermomonas	genus
1462996	species	44249	Paenibacillus	genus
1462747	species	2420	Thermosipho	genus
1462526	species	84406	Virgibacillus	genus
1462415	genus	3118728	Candidatus Hydrogenedentaceae	family
1462	species	129337	Geobacillus	genus
1461584	species	1663	Arthrobacter	genus
1461582	species	227979	Jeotgalicoccus	genus
1461	species	1221880	Psychrobacillus	genus
1460653	species	1386	Bacillus	genus
1460652	species	1386	Bacillus	genus
1460651	species	22	Shewanella	genus
1460650	species	1386	Bacillus	genus
1460649	species	767528	Geomicrobium	genus
1460648	species	662	Vibrio	genus
1460647	species	662	Vibrio	genus
1460646	species	57494	Nesterenkonia	genus
1460645	species	254250	Isoptericola	genus
1460644	species	657	Photobacterium	genus
1460643	species	1663	Arthrobacter	genus
1460642	species	188143	Enterovibrio	genus
1460641	species	1386	Bacillus	genus
1460640	species	1386	Bacillus	genus
1460639	species	1386	Bacillus	genus
1460638	species	306539	Halolactibacillus	genus
1460637	species	1386	Bacillus	genus
1460636	species	767528	Geomicrobium	genus
1460635	species	767528	Geomicrobium	genus
1460634	species	767528	Geomicrobium	genus
1460633	species	2745	Halomonas	genus
1460632	species	2745	Halomonas	genus
1460372	strain	1774	Mycobacteroides chelonae	species
1460371	strain	31959	Amycolatopsis lurida	species
146021	species	1866885	Mycolicibacterium	genus
146020	species	1866885	Mycolicibacterium	genus
146018	species	1866885	Mycolicibacterium	genus
146017	species	1866885	Mycolicibacterium	genus
146	genus	137	Spirochaetaceae	family
1459	species	1569	Sporosarcina	genus
1458985	strain	1155739	Moorena producens	species
1458492	species	76831	Myroides	genus
1458476	strain	347	Xanthomonas oryzae	species
1458469	strain	46206	Pseudobutyrivibrio ruminis	species
1458426	species	2490452	Serpentinimonas	genus
1458425	species	2490452	Serpentinimonas	genus
1458307	species	53945	Octadecabacter	genus
1458279	strain	1280	Staphylococcus aureus	species
1458122	strain	246786	Metabacillus indicus	species
1457234	species	1839	Nocardioides	genus
1457233	species	423349	Mucilaginibacter	genus
1457232	species	329857	Cohnella	genus
1457190	strain	1638	Listeria ivanovii	species
1457188	strain	1639	Listeria monocytogenes	species
1457187	strain	1639	Listeria monocytogenes	species
1457153	species	810	Chlamydia	genus
1456695	species	1883	Streptomyces	genus
1456	species	1386	Bacillus	genus
1455609	strain	121872	Natrinema thermotolerans	species
1455608	strain	453847	Haladaptatus cibarius	species
1455570	species	237	Flavobacterium	genus
1455315	strain	470	Acinetobacter baumannii	species
1455	species	1386	Bacillus	genus
145483	species	96492	Frigoribacterium	genus
145458	species	33886	Rathayibacter	genus
1454377	strain	29484	Yersinia frederiksenii	species
1454373	strain	1087332	Actibacterium mucosum	species
1454235	species	629	Yersinia	genus
1454234	species	1395974	Tardiphaga	genus
1454233	species	1395974	Tardiphaga	genus
1454232	species	613	Serratia	genus
1454231	species	281915	Curvibacter	genus
1454224	strain	65786	Hydrogenophaga intermedia	species
1454201	strain	930802	Nonlabens marinus	species
1454007	strain	475254	Pedobacter borealis	species
1454006	strain	762954	Siansivirga zeaxanthinifaciens	species
1454	species	2837509	Schinkia	genus
1453989	strain	201	Campylobacter lari	species
1453988	strain	201	Campylobacter lari	species
1453505	strain	554283	Flavobacterium chungangense	species
1453498	strain	245	Flavobacterium aquatile	species
1453497	strain	688066	Kosmotoga arenicorallina	species
1453496	strain	569	Hafnia alvei	species
1453495	strain	29483	Yersinia aldovae	species
1453352	species	389486	Sediminicola	genus
145287	species	165696	Novosphingobium	genus
145285	species	1817	Nocardia	genus
1452728	strain	263	Francisella tularensis	species
1452725	strain	96345	Flavobacterium psychrophilum	species
1452724	strain	96345	Flavobacterium psychrophilum	species
145263	species	145260	Methanothermobacter	genus
145262	species	145260	Methanothermobacter	genus
145261	species	145260	Methanothermobacter	genus
145260	genus	2159	Methanobacteriaceae	family
1452	species	1386	Bacillus	genus
1451189	strain	108486	Corynebacterium falsenii	species
1451	species	44249	Paenibacillus	genus
1450761	species	55079	Aneurinibacillus	genus
1450526	strain	421525	Kaistella haifensis	species
1450525	strain	29536	Flavobacterium succinicans	species
1450518	strain	332055	Sphingobium indicum	species
1450204	species	44249	Paenibacillus	genus
1450150	species	1873	Micromonospora	genus
1450140	genus	1963271	Halorubraceae	family
1450	species	29330	Alicyclobacillus	genus
1449984	strain	573	Klebsiella pneumoniae	species
1449981	strain	458197	Serratia nematodiphila	species
1449980	strain	287	Pseudomonas aeruginosa	species
1449978	strain	60552	Burkholderia vietnamiensis	species
1449976	strain	43357	Kutzneria albida	species
1449966	species	547	Enterobacter	genus
1449752	strain	1282	Staphylococcus epidermidis	species
1449353	strain	348818	Phaeacidiphilus oryzae	species
1449352	strain	105425	Streptacidiphilus albus	species
1449351	strain	591206	Roseivivax isoporae	species
1449350	strain	93683	Roseivivax halodurans	species
1449349	strain	317	Pseudomonas syringae	species
1449347	strain	58352	Kitasatospora mediocidica	species
1449346	strain	58347	Kitasatospora azatica	species
1449345	strain	59617	Helicobacter rodentium	species
1449343	strain	181073	Carnobacterium pleistocenium	species
1449342	strain	2750	Carnobacterium mobile	species
1449341	strain	2751	Carnobacterium maltaromaticum	species
1449340	strain	545534	Carnobacterium jeotgali	species
1449339	strain	147709	Carnobacterium inhibens	species
1449338	strain	2749	Carnobacterium gallinarum	species
1449337	strain	2752	Carnobacterium funditum	species
1449336	strain	2748	Carnobacterium divergens	species
1449335	strain	28230	Carnobacterium alterfunditum	species
1449332	strain	96101	Actinomadura glauciflava	species
1449088	strain	492670	Bacillus velezensis	species
1449063	species	44249	Paenibacillus	genus
1449046	species	1386	Bacillus	genus
1449045	species	1386	Bacillus	genus
1449	species	29331	Amphibacillus	genus
1448389	strain	630403	Tomitella biformata	species
1448140	strain	287	Pseudomonas aeruginosa	species
1448139	strain	644	Aeromonas hydrophila	species
1448135	strain	36742	Mycoplasma leonicaptivi	species
1447716	strain	1686	Bifidobacterium catenulatum	species
1447715	strain	1694	Bifidobacterium pseudolongum	species
1446792	species	1386	Bacillus	genus
1446494	strain	1597	Lacticaseibacillus paracasei	species
1446475	strain	1178777	Halomonas zincidurans	species
1445607	strain	1133319	Bacteroides reticulotermitis	species
1445510	strain	1445505	Gynuella sunshinyii	species
1445	species	2675234	Alkalihalobacillus	genus
1444314	strain	79264	Paenibacillus ehimensis	species
1444307	strain	51101	Brevibacillus agri	species
1444306	strain	269673	Sporolactobacillus terrae	species
1443919	genus	31989	Paracoccaceae	family
1443665	strain	666563	Aquimarina macrocephali	species
1443435	species	55079	Aneurinibacillus	genus
1443113	strain	630	Yersinia enterocolitica	species
1443112	strain	83219	Sulfitobacter mediterraneus	species
1443111	strain	74349	Sulfitobacter guttiformis	species
1442599	strain	1244513	Luteimonas huabeiensis	species
1442598	strain	255507	Aliarcobacter cibarius	species
1442385	species	1004301	Flavihumibacter	genus
1442136	species	1051	Ectothiorhodospira	genus
1441942	genus	2691357	Pirellulaceae	family
1441930	strain	1639108	Chania multitudinisentens	species
1441929	strain	478	Moraxella nonliquefaciens	species
144185	species	110932	Leifsonia	genus
1441629	strain	36746	Pseudomonas cichorii	species
1441628	strain	178606	Leptospirillum ferriphilum	species
1441467	strain	28077	Nitrospirillum amazonense	species
1440774	strain	318425	Mycolicibacterium aromaticivorans	species
1440772	strain	1314	Streptococcus pyogenes	species
1440766	strain	56457	Xanthomonas pisi	species
1440765	strain	56455	Xanthomonas hyacinthi	species
1440764	strain	215691	Thermomonas brevis	species
1440763	strain	242606	Luteibacter rhizovicinus	species
1440762	strain	231455	Dyella japonica	species
144055	species	1707	Cellulomonas	genus
144026	species	74317	Maricaulis	genus
144025	species	74317	Maricaulis	genus
144023	species	74317	Maricaulis	genus
144022	species	74317	Maricaulis	genus
1440059	strain	1905	Streptomyces exfoliatus	species
1440053	strain	452529	Streptomyces scopuliridis	species
1440052	strain	208962	Escherichia albertii	species
144	species	138	Borrelia	genus
1439855	strain	28450	Burkholderia pseudomallei	species
1437882	strain	46680	Pseudomonas nitroreducens	species
1437875	strain	1230998	Corynebacterium frankenforstense	species
1437874	strain	191493	Corynebacterium sphenisci	species
1437838	strain	1639	Listeria monocytogenes	species
1437824	strain	75697	Castellaniella defragrans	species
1437823	strain	628	Xenorhabdus nematophila	species
1437612	strain	1680	Bifidobacterium adolescentis	species
1437610	strain	983706	Bifidobacterium reuteri	species
1437609	strain	762209	Bifidobacterium callitrichos	species
1437608	strain	762212	Bifidobacterium biavatii	species
1437607	strain	762210	Bifidobacterium saguini	species
1437606	strain	638617	Bifidobacterium bohemicum	species
1437605	strain	638619	Bifidobacterium actinocoloniiforme	species
1437603	strain	518643	Bifidobacterium mongoliense	species
1437601	strain	1688	Bifidobacterium cuniculi	species
1437597	strain	216816	Bifidobacterium longum	species
1437596	strain	33905	Bifidobacterium thermophilum	species
1437594	strain	1684	Bifidobacterium asteroides	species
1437523	species	1433999	Domibacillus	genus
1437453	species	1883	Streptomyces	genus
1437447	strain	1309	Streptococcus mutans	species
1437364	species	2420	Thermosipho	genus
1437360	species	374	Bradyrhizobium	genus
143672	species	143671	Akashiwo	genus
1436290	species	1436289	Symbiobacter	genus
1436010	species	57494	Nesterenkonia	genus
1435607	species	379	Rhizobium	genus
1435464	strain	218140	Bifidobacterium psychraerophilum	species
1435463	strain	212365	Bifidobacterium porcinum	species
1435377	strain	2285	Sulfolobus acidocaldarius	species
1435356	strain	103816	Rhodococcus pyridinivorans	species
1435296	strain	442	Gluconobacter oxydans	species
1435058	strain	76759	Pseudomonas monteilii	species
1435056	strain	1661	Trueperella pyogenes	species
1435051	strain	1333651	Bifidobacterium moukalabense	species
1435045	strain	141	Borrelia parkeri	species
1435044	strain	76759	Pseudomonas monteilii	species
1435036	species	469	Acinetobacter	genus
143495	species	55079	Aneurinibacillus	genus
1434702	genus	563835	Chitinophagaceae	family
1434326	strain	28237	Petrotoga miotherma	species
1434325	strain	1211851	Dyadobacter tibetensis	species
1434306	strain	1971	Streptomyces noursei	species
1434215	strain	85404	Mannheimia varigena	species
1434214	strain	85404	Mannheimia varigena	species
1434123	strain	2215	Methanosarcina vacuolata	species
1434122	strain	2210	Methanosarcina thermophila	species
1434121	strain	2210	Methanosarcina thermophila	species
1434120	strain	38027	Methanosarcina siciliae	species
1434119	strain	38027	Methanosarcina siciliae	species
1434118	strain	38027	Methanosarcina siciliae	species
1434115	strain	2209	Methanosarcina mazei	species
1434113	strain	2209	Methanosarcina mazei	species
1434112	strain	170861	Methanosarcina lacustris	species
1434111	strain	170861	Methanosarcina lacustris	species
1434110	strain	418008	Methanosarcina horonobensis	species
1434109	strain	2208	Methanosarcina barkeri	species
1434108	strain	2208	Methanosarcina barkeri	species
1434107	strain	2208	Methanosarcina barkeri	species
1434106	strain	2208	Methanosarcina barkeri	species
1434105	strain	109046	Methanosarcina baltica	species
1434104	strain	2226	Methanococcoides methylutens	species
1434103	species	2207	Methanosarcina	genus
1434102	species	2207	Methanosarcina	genus
1434101	species	2207	Methanosarcina	genus
1434100	species	2207	Methanosarcina	genus
1434099	species	2207	Methanosarcina	genus
1434048	genus	2562242	Thermoanaerobaculaceae	family
1434046	genus	41297	Sphingomonadaceae	family
1434039	genus	85023	Microbacteriaceae	family
1434032	genus	85023	Microbacteriaceae	family
1434030	genus	28056	Micromonosporaceae	family
1434028	genus	292628	Anaerolineaceae	family
1434026	genus	31979	Clostridiaceae	family
1434022	genus	85023	Microbacteriaceae	family
1434018	genus	85023	Microbacteriaceae	family
1434010	genus	2805416	Jatrophihabitantaceae	family
1434004	genus	31979	Clostridiaceae	family
1434002	genus	31989	Paracoccaceae	family
1433997	genus	85023	Microbacteriaceae	family
1433843	species	89966	Hymenobacter	genus
143361	species	44259	Filifactor	genus
1433415	species	1883	Streptomyces	genus
1433287	strain	85404	Mannheimia varigena	species
1433126	species	1611681	Mucinivorans	genus
1432656	strain	110164	Thermococcus guaymasensis	species
1432652	strain	263	Francisella tularensis	species
143224	species	112040	Zobellia	genus
143223	species	143222	Salegentibacter	genus
143222	genus	49546	Flavobacteriaceae	family
1432061	strain	61435	Dehalococcoides mccartyi	species
1432060	strain	61435	Dehalococcoides mccartyi	species
1432059	strain	61435	Dehalococcoides mccartyi	species
1432056	species	75984	Mannheimia	genus
1432050	strain	29449	Rhizobium etli	species
1432049	strain	29449	Rhizobium etli	species
1431547	strain	813	Chlamydia trachomatis	species
1431546	strain	203263	Corynebacterium aquilae	species
1430899	strain	1069827	Listeria fleischmannii	species
1429244	strain	1406	Paenibacillus polymyxa	species
1429044	strain	670	Vibrio parahaemolyticus	species
142877	species	36853	Desulfitobacterium	genus
142864	species	56106	Cylindrospermum	genus
142841	genus	53434	Halobacteroidaceae	family
142834	species	89583	Gluconacetobacter	genus
1428	species	1386	Bacillus	genus
1427984	strain	295596	Candidatus Hepatoplasma crinochetorum	species
1427518	strain	290112	Xenorhabdus szentirmaii	species
1427378	genus	186803	Lachnospiraceae	family
1427374	strain	1311	Streptococcus agalactiae	species
1427366	strain	204042	Dickeya zeae	species
1427356	species	81	Hyphomicrobium	genus
1427342	strain	287	Pseudomonas aeruginosa	species
1427149	genus	1963268	Haloarculaceae	family
1426	species	1906945	Parageobacillus	genus
142587	genus	186828	Carnobacteriaceae	family
142577	genus	2070	Pseudonocardiaceae	family
1425377	genus	2070	Pseudonocardiaceae	family
142461	species	662	Vibrio	genus
1424423	species	1883	Streptomyces	genus
1424337	strain	287	Pseudomonas aeruginosa	species
1424294	species	390805	Geosporobacter	genus
1423959	species	59732	Chryseobacterium	genus
1423892	strain	35795	Ehrlichia muris	species
1423891	strain	120577	Brucella ceti	species
1423831	strain	271881	Lactiplantibacillus argentoratensis	species
1423830	strain	1597	Lacticaseibacillus paracasei	species
1423828	strain	267818	Lactobacillus kefiranofaciens	species
1423827	strain	267818	Lactobacillus kefiranofaciens	species
1423824	strain	1584	Lactobacillus delbrueckii	species
1423823	strain	1584	Lactobacillus delbrueckii	species
1423821	strain	1606	Ligilactobacillus aviarius	species
1423820	strain	147809	Ligilactobacillus araffinosus	species
1423819	strain	637971	Levilactobacillus koreensis	species
1423818	strain	938155	Companilactobacillus futsaii	species
1423817	strain	267363	Levilactobacillus zymae	species
1423815	strain	194326	Companilactobacillus versmoldensis	species
1423814	strain	1633	Limosilactobacillus vaginalis	species
1423813	strain	176291	Paucilactobacillus vaccinostercus	species
1423812	strain	303240	Liquorilactobacillus uvarum	species
1423811	strain	238012	Companilactobacillus tucceti	species
1423810	strain	381741	Lacticaseibacillus thailandensis	species
1423809	strain	508451	Lactobacillus taiwanensis	species
1423808	strain	481719	Lentilactobacillus sunkii	species
1423807	strain	152335	Paucilactobacillus suebicus	species
1423806	strain	519050	Liquorilactobacillus sucicola	species
1423805	strain	216463	Levilactobacillus spicheri	species
1423804	strain	414682	Secundilactobacillus similis	species
1423803	strain	431273	Levilactobacillus senmaizukei	species
1423802	strain	931534	Lentilactobacillus senioris	species
1423801	strain	259059	Liquorilactobacillus satsumensis	species
1423800	strain	1625	Fructilactobacillus sanfranciscensis	species
1423796	strain	238013	Loigolactobacillus rennini	species
1423795	strain	481723	Lentilactobacillus rapi	species
1423794	strain	35787	Limosilactobacillus pontis	species
1423792	strain	100468	Schleiferilactobacillus perolens	species
1423791	strain	1589	Lactiplantibacillus pentosus	species
1423790	strain	872327	Lactobacillus pasteurii	species
1423789	strain	60520	Lactiplantibacillus paraplantarum	species
1423788	strain	2801451	Companilactobacillus bobalius	species
1423787	strain	152332	Lentilactobacillus parakefiri	species
1423786	strain	390842	Lentilactobacillus parafarraginis	species
1423785	strain	240427	Secundilactobacillus paracollinoides	species
1423784	strain	152331	Lentilactobacillus parabuchneri	species
1423783	strain	171523	Lacticaseibacillus pantheris	species
1423782	strain	47493	Limosilactobacillus panis	species
1423781	strain	866801	Apilactobacillus ozensis	species
1423779	strain	1632	Limosilactobacillus oris	species
1423778	strain	293371	Paucilactobacillus oligofermentans	species
1423777	strain	303241	Liquorilactobacillus oeni	species
1423776	strain	480930	Secundilactobacillus odoratitofui	species
1423775	strain	460870	Companilactobacillus nodensis	species
1423774	strain	305793	Companilactobacillus nantensis	species
1423773	strain	380393	Levilactobacillus namurensis	species
1423771	strain	97478	Limosilactobacillus mucosae	species
1423770	strain	167481	Companilactobacillus mindensis	species
1423769	strain	88233	Lacticaseibacillus manihotivorans	species
1423767	strain	237446	Lactobacillus kitasatonis	species
1423765	strain	2801452	Companilactobacillus kimchii	species
1423763	strain	227944	Lactobacillus kalixensis	species
1423762	strain	109790	Lactobacillus jensenii	species
1423761	strain	151781	Lactobacillus intestinalis	species
1423760	strain	148604	Limosilactobacillus ingluviei	species
1423759	strain	468911	Liquorilactobacillus hordei	species
1423758	strain	1203033	Lactobacillus hominis	species
1423757	strain	1588	Lentilactobacillus hilgardii	species
1423755	strain	396716	Ligilactobacillus hayakitensis	species
1423754	strain	96565	Lactobacillus hamsteri	species
1423753	strain	267633	Levilactobacillus hammesii	species
1423752	strain	60519	Latilactobacillus graminis	species
1423751	strain	1203069	Lactobacillus gigeriorum	species
1423750	strain	399370	Liquorilactobacillus ghanensis	species
1423749	strain	227942	Limosilactobacillus gastricus	species
1423748	strain	52242	Lactobacillus gallinarum	species
1423747	strain	164393	Latilactobacillus fuchuensis	species
1423746	strain	104955	Limosilactobacillus frumenti	species
1423745	strain	640331	Fructilactobacillus florum	species
1423744	strain	679249	Holzapfeliella floricola	species
1423743	strain	390841	Lentilactobacillus farraginis	species
1423742	strain	417373	Limosilactobacillus equigenerosi	species
1423740	strain	137357	Ligilactobacillus equi	species
1423739	strain	179838	Lentilactobacillus diolivorans	species
1423738	strain	51664	Lapidilactobacillus dextrinicus	species
1423736	strain	47770	Lactobacillus crispatus	species
1423735	strain	287844	Lapidilactobacillus concavus	species
1423734	strain	398555	Agrilactobacillus composti	species
1423733	strain	33960	Secundilactobacillus collinoides	species
1423731	strain	480931	Liquorilactobacillus capillatus	species
1423730	strain	381742	Lacticaseibacillus camelliae	species
1423729	strain	483012	Liquorilactobacillus cacaonum	species
1423727	strain	943673	Lacticaseibacillus brantae	species
1423726	strain	1607	Loigolactobacillus bifermentans	species
1423725	strain	392566	Liquorilactobacillus aquaticus	species
1423723	strain	1604	Lactobacillus amylovorus	species
1423722	strain	376807	Amylolactobacillus amylotrophicus	species
1423721	strain	1603	Amylolactobacillus amylophilus	species
1423720	strain	1602	Companilactobacillus alimentarius	species
1423719	strain	105612	Dellaglioa algida	species
1423718	strain	1601	Ligilactobacillus agilis	species
1423717	strain	1579	Lactobacillus acidophilus	species
1423716	strain	89059	Ligilactobacillus acidipiscis	species
1423715	strain	267364	Levilactobacillus acidifarinae	species
1423714	strain	1600	Lactobacillus acetotolerans	species
1423321	species	1386	Bacillus	genus
1423144	strain	60890	Phaeobacter gallaeciensis	species
1423138	strain	492670	Bacillus velezensis	species
1423	species	1386	Bacillus	genus
1422	species	129337	Geobacillus	genus
1421551	strain	29519	Borreliella garinii	species
1421338	strain	61645	Enterobacter asburiae	species
1421	species	400634	Lysinibacillus	genus
1420917	species	2742	Marinobacter	genus
1420916	species	2742	Marinobacter	genus
1420898	species	1873	Micromonospora	genus
1420897	species	1873	Micromonospora	genus
1420896	species	1873	Micromonospora	genus
1420895	species	1873	Micromonospora	genus
1420894	species	1873	Micromonospora	genus
1420892	species	1873	Micromonospora	genus
1420888	species	1873	Micromonospora	genus
1420885	strain	666	Vibrio cholerae	species
1420583	strain	1132417	Sphingobium cupriresistens	species
1420013	strain	573	Klebsiella pneumoniae	species
1420012	strain	573	Klebsiella pneumoniae	species
142	species	138	Borrelia	genus
1419814	species	1301	Streptococcus	genus
1419584	strain	644	Aeromonas hydrophila	species
141949	species	141948	Thermomonas	genus
141948	genus	32033	Xanthomonadaceae	family
1418107	strain	644	Aeromonas hydrophila	species
1418104	strain	29341	Clostridium argentinense	species
1418	species	379065	Caldalkalibacillus	genus
1417990	strain	1311	Streptococcus agalactiae	species
1417673	strain	51589	Haloarcula hispanica	species
1417297	genus	2904714	Desulfosalsimonadaceae	family
141693	species	2013	Nocardiopsis	genus
141692	species	2013	Nocardiopsis	genus
1416914	strain	93220	Pandoraea pnomenusa	species
1416810	species	517	Bordetella	genus
1416779	species	2782229	Epilithonimonas	genus
1416778	species	59732	Chryseobacterium	genus
1416776	species	59732	Chryseobacterium	genus
1416766	species	1883	Streptomyces	genus
1416761	strain	615	Serratia marcescens	species
1416758	strain	582	Morganella morganii	species
1416756	strain	287	Pseudomonas aeruginosa	species
1416755	strain	28031	Lysinibacillus fusiformis	species
1416754	strain	1134687	Klebsiella michiganensis	species
1416753	strain	106592	Ensifer adhaerens	species
1416752	strain	199592	Microbacterium paraoxydans	species
1416627	species	225143	Oceanisphaera	genus
1416614	species	33071	Gloeobacter	genus
1415784	strain	155322	Bacillus toyonensis	species
1415781	strain	171283	Mycoplasmopsis cricetuli	species
1415780	strain	382454	Algiphilus aromaticivorans	species
1415779	strain	616992	Polycyclovorans algicola	species
1415775	strain	1561	Clostridium baratii	species
1415773	strain	171632	Mycoplasma ovis	species
1415657	species	1940138	Candidatus Walczuchella	genus
1415630	species	286	Pseudomonas	genus
1415629	strain	287	Pseudomonas aeruginosa	species
1415167	strain	1423	Bacillus subtilis	species
1415166	strain	37330	Nocardia nova	species
1415165	strain	1390	Bacillus amyloliquefaciens	species
1414854	strain	1509244	Candidatus Nucleicultrix amoebiphila	species
1414720	species	1485	Clostridium	genus
1414718	species	1386	Bacillus	genus
141451	species	141450	Oleiphilus	genus
141391	species	2093	Mycoplasma	genus
141390	species	42054	Chromohalobacter	genus
141389	species	42054	Chromohalobacter	genus
141349	species	1763	Mycobacterium	genus
1413215	strain	33940	Geobacillus thermodenitrificans	species
1413214	strain	1406	Paenibacillus polymyxa	species
1413187	strain	483011	Lactiplantibacillus fabifermentans	species
1413	species	2837485	Evansella	genus
1412898	strain	1390	Bacillus amyloliquefaciens	species
1412841	strain	770	Anaplasma marginale	species
1412840	strain	770	Anaplasma marginale	species
1412462	strain	28901	Salmonella enterica	species
1412461	strain	28901	Salmonella enterica	species
1412460	strain	28901	Salmonella enterica	species
1412459	strain	28901	Salmonella enterica	species
1411621	species	89966	Hymenobacter	genus
1411149	species	2207	Methanosarcina	genus
1411141	strain	61651	Serratia ficaria	species
1411	species	2893056	Halalkalibacter	genus
1410681	species	1410680	Methyloglobulus	genus
1410680	genus	403	Methylococcaceae	family
1410674	strain	322505	Sharpea azabuensis	species
1410671	strain	1265	Ruminococcus flavefaciens	species
1410668	strain	398199	Proteiniclasticum ruminis	species
1410665	strain	187979	Mitsuokella jalaludinii	species
1410657	strain	1630	Kandleria vitulina	species
1410653	strain	319475	Clostridium lundense	species
1410651	strain	36832	Lacrimispora aerotolerans	species
1410650	strain	43305	Butyrivibrio proteoclasticus	species
1410649	strain	180164	Blautia schinkii	species
1410648	strain	33905	Bifidobacterium thermophilum	species
1410647	strain	78346	Bifidobacterium ruminantium	species
1410646	strain	78345	Bifidobacterium merycicum	species
1410645	strain	78343	Bifidobacterium boum	species
1410644	strain	1680	Bifidobacterium adolescentis	species
1410618	species	970	Selenomonas	genus
1410617	species	1263	Ruminococcus	genus
1410612	species	265975	Oribacterium	genus
1410610	species	830	Butyrivibrio	genus
1410606	species	1593364	Candidatus Nitrosopelagicus	genus
1410383	species	1682492	Candidatus Tachikawaea	genus
1409	species	1386	Bacillus	genus
1408887	strain	36855	Brucella canis	species
1408819	species	1408818	Youngiibacter	genus
1408478	strain	666	Vibrio cholerae	species
1408476	strain	42092	Ureaplasma canigenitalium	species
1408475	strain	84590	Taylorella asinigenitalis	species
1408472	strain	83231	Xylanibacter brevis	species
1408471	strain	33924	[Mycoplasma] testudinis	species
1408470	strain	92406	Metamycoplasma spumans	species
1408469	strain	36744	Mycoplasma simbae	species
1408468	strain	55604	Mycoplasmopsis primatum	species
1408466	strain	114886	Mycoplasmopsis opalescens	species
1408465	strain	114884	Mycoplasmopsis lipofaciens	species
1408464	strain	76630	Mycoplasmopsis iners	species
1408462	strain	33923	Mycoplasmopsis felis	species
1408461	strain	35768	Mycoplasmopsis felifaucium	species
1408460	strain	114883	Mycoplasmopsis equigenitalium	species
1408459	strain	114882	Mycoplasma elephantis	species
1408454	strain	92400	[Mycoplasma] anseris	species
1408453	strain	78580	Mycoplasmoides alvi	species
1408449	strain	225999	Mesoplasma syrphidae	species
1408448	strain	217731	Mesoplasma photuris	species
1408447	strain	217215	Mesoplasma grammopterae	species
1408446	strain	447106	Leptospira licerasiae	species
1408445	strain	28087	Legionella sainthelensi	species
1408444	strain	45064	Legionella fairfieldensis	species
1408442	strain	95149	Helicobacter pametensis	species
1408441	strain	37372	Helicobacter bilis	species
1408439	strain	852	Fusobacterium perfoetens	species
1408438	strain	87650	Hutsoniella sourekii	species
1408437	strain	39484	Agathobaculum desmolans	species
1408433	strain	184607	Crocinitomix catalasitica	species
1408430	strain	84379	Brachyspira alvinipulli	species
1408429	strain	144	Borrelia coriaceae	species
1408428	strain	35833	Bilophila wadsworthia	species
1408425	strain	56426	Bartonella clarridgeiae	species
1408424	strain	246272	Alkalihalobacterium bogoriense	species
1408423	strain	82374	Anaerovibrio lipolyticus	species
1408422	strain	114628	Alkaliphilus transvaalensis	species
1408421	strain	111807	Actinomadura yumaensis	species
1408420	strain	862720	Paracidovorax oryzae	species
1408418	strain	523	Acidiphilium angustum	species
1408416	strain	264636	Acholeplasma hippikon	species
1408415	strain	264634	Acholeplasma equifetale	species
1408360	strain	197	Campylobacter jejuni	species
1408318	strain	33047	Bartonella vinsonii	species
1408311	species	265975	Oribacterium	genus
1408307	species	57493	Kocuria	genus
1408306	species	830	Butyrivibrio	genus
1408281	species	1408194	Endomicrobium	genus
1408272	strain	287	Pseudomonas aeruginosa	species
1408254	strain	497735	Brevibacillus panacihumi	species
1408250	strain	43670	Cellulomonas cellasea	species
1408226	strain	81947	Vagococcus lutrae	species
1408206	strain	1255	Pediococcus pentosaceus	species
1408204	species	1408194	Endomicrobium	genus
1408194	genus	1783343	Endomicrobiaceae	family
1408189	strain	1231000	Corynebacterium lactis	species
1408186	strain	33959	Lactobacillus johnsonii	species
1408179	strain	1313	Streptococcus pneumoniae	species
1408178	strain	1308	Streptococcus thermophilus	species
1408160	strain	1508420	Thermotoga profunda	species
1408159	strain	1508419	Thermotoga caldifontis	species
1408103	species	2675231	Mesobacillus	genus
1408	species	1386	Bacillus	genus
1407647	strain	714	Aggregatibacter actinomycetemcomitans	species
1407607	genus	186803	Lachnospiraceae	family
1407499	species	2239	Halobacterium	genus
1407463	strain	210	Helicobacter pylori	species
1407462	strain	210	Helicobacter pylori	species
1407071	species	469	Acinetobacter	genus
1407059	strain	287	Pseudomonas aeruginosa	species
1407053	strain	120577	Brucella ceti	species
1407	species	2675229	Peribacillus	genus
1406864	strain	2151	Mesoplasma florum	species
1406863	strain	1280	Staphylococcus aureus	species
1406860	strain	28901	Salmonella enterica	species
1406840	strain	657326	Flavobacterium beibuense	species
1406512	species	1080709	Methanomassiliicoccus	genus
140626	species	140625	Lachnobacterium	genus
140625	genus	186803	Lachnospiraceae	family
1406225	strain	83451	Archangium violaceum	species
1406	species	44249	Paenibacillus	genus
1405396	species	810	Chlamydia	genus
1405	species	1386	Bacillus	genus
140458	genus	186814	Thermoanaerobacteraceae	family
1404258	strain	1423	Bacillus subtilis	species
1404245	strain	1404244	Corynebacterium glyciniphilum	species
1404	species	2800373	Priestia	genus
1403539	species	1883	Streptomyces	genus
1403537	strain	655338	Fervidicella metallireducens	species
1403449	strain	1336	Streptococcus equi	species
1403347	strain	376489	Halotalea alkalilenta	species
1403346	strain	271420	Stutzerimonas xanthomarina	species
1403343	strain	980427	Deinococcus wulumuqiensis	species
1403339	strain	78327	Pseudomonas mosselii	species
1403316	strain	984991	Mycoplasma parvum	species
140314	species	82802	Trichococcus	genus
1403053	strain	520	Bordetella pertussis	species
1402135	species	2854186	Pseudosulfitobacter	genus
1402	species	1386	Bacillus	genus
1401690	strain	1764	Mycobacterium avium	species
1401659	strain	28141	Cronobacter sakazakii	species
1401328	strain	1263979	Candidatus Endolissoclinum faulkneri	species
1401325	strain	28251	Ornithobacterium rhinotracheale	species
1401260	strain	482461	Sediminibacillus halophilus	species
1401258	strain	279813	Thalassobacillus devorans	species
1401256	strain	2371	Xylella fastidiosa	species
1401079	strain	35519	Mogibacterium timidum	species
1401027	species	237	Flavobacterium	genus
1401	species	44249	Paenibacillus	genus
1400867	strain	470	Acinetobacter baumannii	species
1400862	species	221279	Competibacter	genus
1400860	species	1400859	Contendobacter	genus
1400859	genus	1400857	Candidatus Competibacteraceae	family
1400827	genus	1400857	Candidatus Competibacteraceae	family
140057	species	86671	Roseospira	genus
1400522	strain	426421	Sediminibacterium salmoneum	species
1400386	genus	2691359	Lacipirellulaceae	family
1400135	genus	2848916	Thermohalobacteraceae	family
1400059	genus	2854170	Roseobacteraceae	family
140	species	138	Borrelia	genus
14	species	13	Dictyoglomus	genus
1399798	strain	111804	Actinomadura oligospora	species
1399797	strain	209274	Williamsoniiplasma lucivorax	species
1399796	strain	214888	Williamsoniiplasma luminosum	species
1399795	strain	215578	Williamsoniiplasma somnilux	species
1399794	strain	29560	[Mycoplasma] imitans	species
1399116	strain	1358	Lactococcus lactis	species
1399115	species	33986	Exiguobacterium	genus
1399	species	2675230	Cytobacillus	genus
1398493	species	1504576	Pseudocitrobacter	genus
1398491	strain	62088	Borreliella valaisiana	species
1398490	strain	29518	Borreliella afzelii	species
1398	species	2837504	Heyndrickxia	genus
1397850	strain	2113	Mycoplasmopsis californica	species
1397700	strain	132920	Exiguobacterium antarcticum	species
1397699	strain	223958	Exiguobacterium oxidotolerans	species
1397697	strain	41170	Exiguobacterium acetylicum	species
1397696	strain	273528	Exiguobacterium marinum	species
1397694	strain	33987	Exiguobacterium aurantiacum	species
1397693	strain	169177	Exiguobacterium undae	species
1397666	species	2175151	Micropelagos	genus
1397280	species	286	Pseudomonas	genus
1397278	species	55968	Leucobacter	genus
1397146	species	1578	Lactobacillus	genus
1397145	species	1578	Lactobacillus	genus
1397108	species	875170	Celeribacter	genus
1397	species	2837506	Niallia	genus
1396	species	1386	Bacillus	genus
1395977	genus	28256	Halomonadaceae	family
1395589	strain	173	Leptospira interrogans	species
1395571	strain	574962	Pseudomonas taeanensis	species
1395513	strain	33018	Sporolactobacillus laevolacticus	species
1395	species	129337	Geobacillus	genus
1394889	species	146785	Thermosynechococcus	genus
1394	species	129337	Geobacillus	genus
139331	genus	2008794	Zoogloeaceae	family
1393	species	55080	Brevibacillus	genus
1392848	strain	562	Escherichia coli	species
1392839	strain	123899	Bordetella trematum	species
1392837	strain	1392	Bacillus anthracis	species
1392540	strain	1219382	Acinetobacter nectaris	species
1392502	strain	971	Selenomonas ruminantium	species
1392498	strain	444515	Maribacter forsetii	species
1392497	strain	1540	Metaclostridioides mangenotii	species
1392490	species	379072	Sediminibacter	genus
1392488	species	1606872	Flavimarina	genus
1392487	species	1730	Eubacterium	genus
1392476	strain	1280	Staphylococcus aureus	species
139208	species	254250	Isoptericola	genus
1392005	strain	285	Comamonas testosteroni	species
1392	species	1386	Bacillus	genus
1391729	strain	1125965	Brevundimonas abyssalis	species
1391654	species	1524217	Labilithrix	genus
1391653	species	1524214	Vulgatibacter	genus
1391647	species	1485	Clostridium	genus
1391627	species	423349	Mucilaginibacter	genus
1391	species	55079	Aneurinibacillus	genus
1390395	species	13687	Sphingomonas	genus
1390361	species	528	Ochrobactrum	genus
139021	species	37914	Dietzia	genus
1390	species	1386	Bacillus	genus
139	species	64895	Borreliella	genus
1389935	species	222	Achromobacter	genus
1389932	species	222	Achromobacter	genus
1389922	species	222	Achromobacter	genus
1389638	species	222	Achromobacter	genus
1389538	species	53457	Janibacter	genus
1389489	strain	1575	Leifsonia xyli	species
1389192	species	106589	Cupriavidus	genus
1388763	strain	78327	Pseudomonas mosselii	species
1388761	strain	911092	Caldanaerobacter subterraneus	species
1388758	strain	61435	Dehalococcoides mccartyi	species
1388753	strain	488546	Campylobacter peloridis	species
1388752	strain	497724	Campylobacter subantarcticus	species
1388751	strain	497724	Campylobacter subantarcticus	species
1388750	strain	201	Campylobacter lari	species
1388749	strain	201	Campylobacter lari	species
1388748	strain	357233	Siccibacter turicensis	species
1387718	species	1386	Bacillus	genus
1387569	strain	29324	Caldicellulosiruptor naganoensis	species
1387568	strain	357240	Franconibacter helveticus	species
1387557	species	44000	Caldicellulosiruptor	genus
1387555	species	44000	Caldicellulosiruptor	genus
1387353	species	1763521	Paludisphaera	genus
1387275	species	59732	Chryseobacterium	genus
138677	strain	83558	Chlamydia pneumoniae	species
1386089	strain	412687	Intrasporangium oryzae	species
1386082	strain	301388	Cellulomonas bogoriensis	species
1386	genus	186817	Bacillaceae	family
1385985	species	28453	Sphingobacterium	genus
1385984	species	33986	Exiguobacterium	genus
138595	species	133925	Olsenella	genus
1385942	strain	1685	Bifidobacterium breve	species
1385941	strain	1685	Bifidobacterium breve	species
1385940	strain	1685	Bifidobacterium breve	species
1385939	strain	1685	Bifidobacterium breve	species
1385938	strain	1685	Bifidobacterium breve	species
1385727	strain	492670	Bacillus velezensis	species
1385664	species	89966	Hymenobacter	genus
1385663	species	89966	Hymenobacter	genus
138563	species	209	Helicobacter	genus
1385521	strain	184882	Knoellia subterranea	species
1385520	strain	136100	Knoellia sinensis	species
1385519	strain	442954	Knoellia aerolata	species
1385518	strain	913969	Knoellia flava	species
1385517	strain	346181	Lysobacter daejeonensis	species
1385515	strain	391738	Lysobacter defluvii	species
1385514	strain	462910	Pontibacillus yanchengensis	species
1385513	strain	265426	Pontibacillus chungwhensis	species
1385512	strain	516703	Pontibacillus litoralis	species
1385511	strain	273164	Pontibacillus marinus	species
1385510	strain	516704	Pontibacillus halophilus	species
1385369	strain	913326	Skermanella stibiiresistens	species
1385368	strain	393310	Skermanella aerolata	species
1384515	strain	1771	Mycolicibacterium phlei	species
1384509	species	34104	Streptobacillus	genus
1384484	strain	446660	Adlercreutzia equolifaciens	species
1384459	species	1484898	Methyloceanibacter	genus
1384066	strain	1265	Ruminococcus flavefaciens	species
1384063	strain	33038	Mediterraneibacter gnavus	species
1384061	strain	303	Pseudomonas putida	species
1384057	strain	561440	Ureibacillus sinduriensis	species
1384056	strain	948077	Arenimonas metalli	species
1384054	strain	354197	Arenimonas malthae	species
1384049	strain	1266064	Ureibacillus manganicus	species
1384039	species	1883	Streptomyces	genus
1384035	species	1849	Actinopolyspora	genus
1384034	species	1849	Actinopolyspora	genus
138336	species	38501	Blastococcus	genus
1383068	strain	197	Campylobacter jejuni	species
138300	species	57499	Kytococcus	genus
1383	species	2767353	Lancefieldella	genus
1382927	strain	210	Helicobacter pylori	species
1382926	strain	210	Helicobacter pylori	species
1382925	strain	210	Helicobacter pylori	species
1382924	strain	210	Helicobacter pylori	species
1382923	strain	210	Helicobacter pylori	species
1382922	strain	210	Helicobacter pylori	species
1382921	strain	210	Helicobacter pylori	species
1382920	strain	210	Helicobacter pylori	species
1382832	genus	1914233	Gemmataceae	family
1382700	strain	562	Escherichia coli	species
1382510	strain	54736	Salmonella bongori	species
1382358	strain	265948	Anoxybacillus tepidamans	species
1382357	strain	129338	Geobacillus subterraneus	species
1382313	strain	37636	Thermus scotoductus	species
1382305	species	1569	Sporosarcina	genus
1382304	strain	392015	Alicyclobacillus macrosporangiidus	species
1382302	strain	33942	Brevibacillus thermoruber	species
1382	species	2767353	Lancefieldella	genus
1381941	species	129337	Geobacillus	genus
1381596	species	359337	Marinimicrobium	genus
138119	strain	49338	Desulfitobacterium hafniense	species
1381123	species	610116	Aliihoeflea	genus
1381	species	1380	Atopobium	genus
1380908	strain	573	Klebsiella pneumoniae	species
1380773	strain	1307	Streptococcus suis	species
1380768	strain	197	Campylobacter jejuni	species
1380767	strain	197	Campylobacter jejuni	species
1380763	species	44249	Paenibacillus	genus
138074	species	613	Serratia	genus
138073	species	568988	Regiella	genus
138072	species	568987	Hamiltonella	genus
1380600	strain	1230531	Wocania ichthyoenteri	species
1380046	species	75	Caulobacter	genus
1380	genus	1643824	Atopobiaceae	family
138	genus	1643685	Borreliaceae	family
137993	species	2837502	Ectobacillus	genus
1379910	species	1379908	Rufibacter	genus
1379909	species	1379908	Rufibacter	genus
1379870	species	107	Spirosoma	genus
1379734	species	441	Gluconobacter	genus
1379702	species	2160	Methanobacterium	genus
1379680	strain	756689	Nocardia amikacinitolerans	species
1379270	species	173479	Gemmatimonas	genus
1379258	strain	1080221	Aquimarina longa	species
1379159	species	231454	Dyella	genus
13790	species	3044	Dunaliella	genus
1379	species	1378	Gemella	genus
137838	species	1485	Clostridium	genus
137816	species	159191	Nodularia	genus
1378093	strain	553	Pantoea ananatis	species
1378072	strain	47917	Serratia fonticola	species
1378	genus	539738	Gemellaceae	family
1377992	genus	1963268	Haloarculaceae	family
137779	species	53246	Pseudoalteromonas	genus
137732	species	117563	Granulicatella	genus
137730	species	2862142	Falseniella	genus
13773	species	2276	Pyrobaculum	genus
137722	species	191	Azospirillum	genus
1377	species	1375	Aerococcus	genus
13769	species	63742	Natrialba	genus
137658	species	286	Pseudomonas	genus
1376	species	1375	Aerococcus	genus
137591	species	46255	Weissella	genus
137584	species	137583	Thalassomonas	genus
137545	species	613	Serratia	genus
1375	genus	186827	Aerococcaceae	family
1374	species	1372	Planococcus	genus
137357	species	2767887	Ligilactobacillus	genus
1373	species	1372	Planococcus	genus
137265	species	195964	Asanoa	genus
13724	genus	1046	Chromatiaceae	family
1372	genus	186818	Planococcaceae	family
1371	species	1370	Marinococcus	genus
1370121	species	1763	Mycobacterium	genus
1370120	species	1763	Mycobacterium	genus
1370118	species	1763	Mycobacterium	genus
1370	genus	186817	Bacillaceae	family
136996	species	374	Bradyrhizobium	genus
136993	species	425	Methylosinus	genus
13690	species	165695	Sphingobium	genus
13689	species	13687	Sphingomonas	genus
13688	species	165696	Novosphingobium	genus
13687	genus	41297	Sphingomonadaceae	family
136857	species	1716	Corynebacterium	genus
1368429	strain	424798	Rhizobium soli	species
1368428	strain	887144	Allorhizobium taibaishanense	species
1368427	strain	240521	Rhizobium daejeonense	species
1368418	strain	1035271	Rhizobium nepotum	species
1368415	strain	28099	Agrobacterium rubi	species
1368166	strain	1280	Staphylococcus aureus	species
1367849	strain	160699	Agrobacterium larrymoorei	species
1367848	strain	28141	Cronobacter sakazakii	species
1367847	strain	34003	Paracoccus aminophilus	species
1367491	strain	195	Campylobacter coli	species
1367477	strain	324767	Bacillus infantis	species
1367381	species	44249	Paenibacillus	genus
136609	species	1243	Leuconostoc	genus
1366053	strain	75985	Mannheimia haemolytica	species
1366050	strain	329	Ralstonia pickettii	species
1366047	strain	1422	Geobacillus stearothermophilus	species
1366	species	1357	Lactococcus	genus
1365959	strain	28025	Bifidobacterium animalis	species
1365954	strain	28025	Bifidobacterium animalis	species
13656	species	1649487	Rhizorhapis	genus
1365250	strain	43657	Pseudoalteromonas luteoviolacea	species
1365188	strain	143	Borrelia anserina	species
1365176	species	2268	Thermofilum	genus
1365108	species	32008	Burkholderia	genus
136491	genus	186828	Carnobacteriaceae	family
136468	species	662	Vibrio	genus
1364	species	1357	Lactococcus	genus
1363	species	1357	Lactococcus	genus
136274	species	1663	Arthrobacter	genus
136273	species	57493	Kocuria	genus
136241	species	2093	Mycoplasma	genus
136142	species	1163	Anabaena	genus
136100	species	136099	Knoellia	genus
136099	genus	85021	Intrasporangiaceae	family
136098	species	379	Rhizobium	genus
136094	species	75905	Thermocrinis	genus
136093	species	13075	Globicatella	genus
136082	strain	54296	Aphanizomenon gracile	species
135858	genus	2810280	Coprobacillaceae	family
1358423	strain	34086	Pedobacter antarcticus	species
1358421	strain	296995	Exiguobacterium indicum	species
1358420	strain	412384	Priestia aryabhattai	species
1358410	strain	195	Campylobacter coli	species
135826	species	157226	Jeotgalibacillus	genus
1358027	strain	1598	Limosilactobacillus reuteri	species
1358026	strain	144185	Leifsonia aquatica	species
1358	species	1357	Lactococcus	genus
1357994	strain	197	Campylobacter jejuni	species
1357916	species	165697	Sphingopyxis	genus
1357915	species	1663	Arthrobacter	genus
1357543	species	102231	Gloeocapsa	genus
135740	species	265	Paracoccus	genus
135739	species	2742	Marinobacter	genus
135735	species	2800373	Priestia	genus
1357279	strain	317	Pseudomonas syringae	species
1357269	species	1279	Staphylococcus	genus
135719	species	165695	Sphingobium	genus
1357	genus	1300	Streptococcaceae	family
1356861	strain	299583	Francisella orientalis	species
1356854	strain	1450	Alicyclobacillus acidoterrestris	species
1356852	species	89966	Hymenobacter	genus
135626	species	22	Shewanella	genus
1356	species	1350	Enterococcus	genus
135577	species	135575	Idiomarina	genus
135575	genus	267893	Idiomarinaceae	family
1355477	species	374	Bradyrhizobium	genus
135517	species	129337	Geobacillus	genus
1355100	strain	562	Escherichia coli	species
1355015	species	1883	Streptomyces	genus
1355	species	1350	Enterococcus	genus
135487	species	1817	Nocardia	genus
1354809	genus	2992719	Tepidimicrobiaceae	family
1354791	strain	1052	Halorhodospira halochloris	species
1354337	strain	184072	Proteus myxofaciens	species
1354304	strain	40577	Xenorhabdus poinarii	species
1354303	strain	248452	Psychrobacter aquaticus	species
1354300	species	162289	Peptoniphilus	genus
1354277	species	84406	Virgibacillus	genus
1354275	strain	1810	Mycolicibacterium vaccae	species
1354274	strain	577	Raoultella terrigena	species
1354272	strain	333962	Providencia heimbachae	species
1354271	strain	183417	Proteus hauseri	species
1354269	strain	703	Plesiomonas shigelloides	species
1354268	strain	82983	Obesumbacterium proteus	species
1354267	strain	158849	Moellerella wisconsensis	species
1354266	strain	158841	Leminorella richardii	species
1354264	strain	73098	Kluyvera georgiana	species
1354263	strain	546367	Hafnia paralvei	species
1354260	strain	61647	Pluralibacter gergoviae	species
1354257	strain	158823	Cedecea lapagei	species
1354256	strain	82993	Buttiauxella warmboldiae	species
1354255	strain	82992	Buttiauxella noackiae	species
1354254	strain	82991	Buttiauxella izardii	species
1354253	strain	82990	Buttiauxella gaviniae	species
1354252	strain	82989	Buttiauxella ferragutiae	species
1354251	strain	82988	Buttiauxella brennerae	species
1354240	strain	34085	Riemerella anatipestifer	species
1354027	strain	1421	Lysinibacillus sphaericus	species
1354	species	1350	Enterococcus	genus
1353941	species	469	Acinetobacter	genus
1353537	strain	285109	Thioclava pacifica	species
1353534	strain	217158	Clostridium ragsdalei	species
1353277	species	379	Rhizobium	genus
1353276	strain	272164	Olleya marilimosa	species
1353260	species	1826864	Nitrosocosmicus	genus
1353	species	1350	Enterococcus	genus
1352941	strain	193462	Streptomyces niveus	species
1352940	strain	1117645	Elizabethkingia anophelis	species
1352356	strain	210	Helicobacter pylori	species
1352355	strain	287	Pseudomonas aeruginosa	species
1352354	strain	287	Pseudomonas aeruginosa	species
1352	species	1350	Enterococcus	genus
135193	species	44249	Paenibacillus	genus
1351755	strain	46867	Clostridium chauvoei	species
135104	species	748770	Dolichospermum	genus
1351	species	1350	Enterococcus	genus
135083	species	970	Selenomonas	genus
135082	species	970	Selenomonas	genus
135080	species	970	Selenomonas	genus
1350429	species	68288	Cyclobacterium	genus
135000	species	226	Alteromonas	genus
1350	genus	81852	Enterococcaceae	family
134984	species	1817	Nocardia	genus
1349819	species	414371	Aureimonas	genus
1349794	strain	49283	Paenibacillus thiaminolyticus	species
1349792	strain	47421	Hydrogenophaga pseudoflava	species
1349791	strain	65655	Hydrogenophaga palleronii	species
1349788	strain	366522	Sulfurospirillum cavolei	species
1349785	strain	107401	Tenacibaculum maritimum	species
1349784	strain	54291	Raoultella ornithinolytica	species
1349783	strain	44253	Paenibacillus validus	species
1349782	strain	1472	Paenibacillus pabuli	species
1349781	strain	44252	Paenibacillus macerans	species
1349780	strain	1401	Paenibacillus lautus	species
1349779	strain	59845	Paenibacillus illinoisensis	species
1349778	strain	412861	Paenibacillus humicus	species
1349777	strain	59843	Paenibacillus glucanolyticus	species
1349776	strain	189691	Paenibacillus elgii	species
1349775	strain	200413	Moraxella oblonga	species
1349773	strain	1273	Micrococcus lylae	species
1349768	strain	37923	Rothia kristinae	species
1349767	strain	55508	Janthinobacterium agaricidamnosum	species
1349766	strain	211589	Herbaspirillum chlorophenolicum	species
1349765	strain	214095	Enterococcus canis	species
1349764	strain	282305	Dietzia papillomatosis	species
1349763	strain	80879	Curvibacter delicatus	species
1349762	strain	96344	Cupriavidus oxalaticus	species
1349761	strain	264251	Cellulosimicrobium funkei	species
1349759	strain	41276	Brevundimonas vesicularis	species
1349758	strain	494	Bergeriella denitrificans	species
1349757	strain	218284	Rossellomorea vietnamensis	species
1349756	strain	220687	Neobacillus novalis	species
1349755	strain	246	Chryseobacterium balustinum	species
1349752	strain	65657	Hydrogenophaga flava	species
1349751	strain	1698	Brevibacterium epidermidis	species
1349750	strain	36740	Dermabacter hominis	species
134964	species	1817	Nocardia	genus
134959	species	1988	Actinomadura	genus
134932	species	404	Methylobacillus	genus
1349	species	1301	Streptococcus	genus
1348973	strain	1454	Schinkia azotoformans	species
1348908	strain	1404	Priestia megaterium	species
1348774	species	1295327	Croceicoccus	genus
1348663	strain	81942	Kitasatospora cheerisanensis	species
1348662	strain	42817	Corynebacterium argentoratense	species
1348657	strain	76113	Thauera terpenica	species
1348656	strain	1358	Lactococcus lactis	species
1348655	strain	1359	Lactococcus cremoris	species
1348654	strain	86668	Neobacillus niacini	species
1348638	strain	109329	Nocardiopsis trehalosi	species
1348637	strain	53440	Nocardiopsis listeri	species
1348635	strain	685	Vibrio diazotrophicus	species
1348634	strain	162426	Microbacterium hominis	species
1348633	strain	1366	Lactococcus raffinolactis	species
1348632	strain	1365	Lactococcus plantarum	species
1348630	strain	220688	Neobacillus soli	species
1348627	strain	1455	Bacillus badius	species
1348626	strain	1397	Niallia circulans	species
1348625	strain	86664	Priestia flexa	species
1348624	strain	1467	Lederbergia lenta	species
1348623	strain	1404	Priestia megaterium	species
1348585	strain	76594	Cellulophaga baltica	species
1348584	strain	76594	Cellulophaga baltica	species
1348249	species	2172	Methanobrevibacter	genus
134821	species	2129	Ureaplasma	genus
134813	genus	1644061	Natrialbaceae	family
1348114	species	53246	Pseudoalteromonas	genus
1348058	strain	183795	Pseudomonas mediterranea	species
1348	species	1301	Streptococcus	genus
1347905	species	1386	Bacillus	genus
1347392	species	1347386	Anaerosalibacter	genus
1347386	genus	2992718	Sporanaerobacteraceae	family
1347369	species	2675232	Neobacillus	genus
1347368	species	1386	Bacillus	genus
1347366	species	1485	Clostridium	genus
1347342	strain	320324	Formosa agariphila	species
1347340	strain	197	Campylobacter jejuni	species
1347089	species	1883	Streptomyces	genus
1347088	species	2013	Nocardiopsis	genus
1347087	species	351094	Paucisalibacillus	genus
1346791	strain	420994	Sphingobium ummariense	species
134676	species	1865	Actinoplanes	genus
1346614	strain	614	Serratia liquefaciens	species
1346613	strain	33942	Brevibacillus thermoruber	species
1346611	strain	1510	Thermoclostridium stercorarium	species
1346502	species	46352	Agrococcus	genus
134634	species	178440	Opitutus	genus
134605	species	848	Fusobacterium	genus
134601	species	1866885	Mycolicibacterium	genus
1346	species	1301	Streptococcus	genus
1345695	strain	169679	Clostridium saccharobutylicum	species
134537	species	1822464	Paraburkholderia	genus
134536	species	1822464	Paraburkholderia	genus
134534	species	469	Acinetobacter	genus
134533	species	469	Acinetobacter	genus
1345	species	1301	Streptococcus	genus
1344956	species	33882	Microbacterium	genus
1344585	species	286104	Winogradskyella	genus
1344584	strain	2234	Archaeoglobus fulgidus	species
1344042	strain	1352	Enterococcus faecium	species
1343899	species	1434046	Sphingorhabdus	genus
134375	species	222	Achromobacter	genus
1343740	strain	1226757	Streptomyces rapamycinicus	species
1343739	strain	971279	Palaeococcus pacificus	species
1343077	strain	1160784	Candidatus Nasuia deltocephalinicola	species
1343076	strain	336810	Candidatus Karelsulcia muelleri	species
1343	species	1301	Streptococcus	genus
1342726	strain	387090	Phocaeicola coprophilus	species
1342725	strain	387090	Phocaeicola coprophilus	species
1341695	strain	471511	Bifidobacterium bombi	species
1341694	strain	1691	Bifidobacterium indicum	species
1341692	strain	84023	Clostridium autoethanogenum	species
1341683	strain	396323	Acinetobacter brisouii	species
1341679	strain	756892	Acinetobacter indicus	species
1341646	strain	98668	Mycolicibacterium septicum	species
1341643	species	629	Yersinia	genus
1341181	strain	1401027	Flavobacterium limnosediminis	species
1341165	species	237	Flavobacterium	genus
1341155	strain	329186	Flavobacterium saliperosum	species
1341154	strain	510946	Flavobacterium cauense	species
1341119	species	1341118	Luminiphilus	genus
1340853	strain	813	Chlamydia trachomatis	species
1340851	strain	287	Pseudomonas aeruginosa	species
1340847	strain	1307	Streptococcus suis	species
1340495	strain	1598	Limosilactobacillus reuteri	species
1340434	species	1386	Bacillus	genus
1340425	species	28231	Geobacter	genus
134034	species	1716	Corynebacterium	genus
1340	species	1301	Streptococcus	genus
134	species	133	Methylocystis	genus
133926	species	133925	Olsenella	genus
1339256	species	56112	Dehalobacter	genus
1339250	strain	172827	Meiothermus taiwanensis	species
133925	genus	1643824	Atopobiaceae	family
1339248	strain	301148	Caldibacillus debilis	species
1339247	strain	33968	Leuconostoc pseudomesenteroides	species
1339243	species	2747	Carnobacterium	genus
1339	species	1301	Streptococcus	genus
1338518	strain	492670	Bacillus velezensis	species
1338411	strain	783	Rickettsia rickettsii	species
1338035	strain	197	Campylobacter jejuni	species
1338034	strain	670	Vibrio parahaemolyticus	species
1338032	strain	670	Vibrio parahaemolyticus	species
1338011	strain	1117645	Elizabethkingia anophelis	species
1338	species	1301	Streptococcus	genus
1337996	strain	252970	Paraburkholderia phenoliruptrix	species
1337958	strain	31958	Amycolatopsis orientalis	species
1337957	strain	31958	Amycolatopsis orientalis	species
1337936	species	1186	Calothrix	genus
1337886	strain	47679	Sporomusa sphaeroides	species
1337396	strain	783	Rickettsia rickettsii	species
13373	species	32008	Burkholderia	genus
1337093	strain	1125964	Limimaricola cinnabarinus	species
1337051	species	1774128	Murimonas	genus
1336803	species	52959	Polaribacter	genus
1336795	species	225842	Formosa	genus
1336794	species	225842	Formosa	genus
1336751	strain	216943	Spiroplasma montanense	species
1336750	strain	216931	Spiroplasma alleghenense	species
1336749	strain	216937	Spiroplasma floricola	species
1336748	strain	2136	Spiroplasma monobiae	species
1336746	strain	1314	Streptococcus pyogenes	species
1336745	strain	362	Agrobacterium radiobacter	species
1336250	strain	52229	Hallella seregens	species
1336246	strain	65048	Roseateles chitosanitabidus	species
1336243	strain	217168	Microvirga flocculans	species
1336241	strain	39497	Eubacterium xylanophilum	species
1336240	strain	23	Shewanella colwelliana	species
1336239	strain	216940	Spiroplasma lampyridicola	species
1336238	strain	28224	Mesoplasma seiffertii	species
1336237	strain	86187	Phaseolibacter flectens	species
1336236	strain	1265	Ruminococcus flavefaciens	species
1336234	strain	136492	Atopobacter phocae	species
1336232	strain	216427	Mesoplasma chauliocola	species
1336207	species	286	Pseudomonas	genus
1336005	species	469	Acinetobacter	genus
1336	species	1301	Streptococcus	genus
1335916	strain	562	Escherichia coli	species
1335760	species	165695	Sphingobium	genus
1335757	species	1335745	Spiribacter	genus
1335746	species	1335745	Spiribacter	genus
1335745	genus	72276	Ectothiorhodospiraceae	family
1335640	strain	36745	Clostridium saccharoperbutylacetonicum	species
1335622	strain	81858	Mycolicibacterium elephantis	species
1335621	strain	1771	Mycolicibacterium phlei	species
1335620	strain	1771	Mycolicibacterium phlei	species
1335619	strain	85968	Mycolicibacterium brumae	species
1335616	species	2767890	Paucilactobacillus	genus
133552	species	184923	Methylocapsa	genus
133539	species	1227	Nitrosococcus	genus
1335309	species	79328	Chitinophaga	genus
1335307	strain	28450	Burkholderia pseudomallei	species
1335060	species	379	Rhizobium	genus
1335048	species	1775705	Frigidibacter	genus
1335	species	1301	Streptococcus	genus
133490	species	249344	Picochlorum	genus
133488	species	249344	Picochlorum	genus
1334632	strain	294	Pseudomonas fluorescens	species
1334628	strain	488447	Burkholderia contaminans	species
1334565	strain	1639	Listeria monocytogenes	species
1334564	strain	615	Serratia marcescens	species
133453	species	233191	Caldilinea	genus
133448	species	544	Citrobacter	genus
1334193	species	1330546	Pluralibacter	genus
1334187	strain	727	Haemophilus influenzae	species
1334080	strain	1773	Mycobacterium tuberculosis	species
1334079	strain	1773	Mycobacterium tuberculosis	species
1334078	strain	1773	Mycobacterium tuberculosis	species
1334077	strain	1773	Mycobacterium tuberculosis	species
1334076	strain	1773	Mycobacterium tuberculosis	species
1334075	strain	1773	Mycobacterium tuberculosis	species
1334074	strain	1773	Mycobacterium tuberculosis	species
1334072	strain	1773	Mycobacterium tuberculosis	species
1334070	strain	1773	Mycobacterium tuberculosis	species
1334066	strain	1773	Mycobacterium tuberculosis	species
1334064	strain	1773	Mycobacterium tuberculosis	species
1334063	strain	1773	Mycobacterium tuberculosis	species
1334062	strain	1773	Mycobacterium tuberculosis	species
1334058	strain	1773	Mycobacterium tuberculosis	species
1334056	strain	1773	Mycobacterium tuberculosis	species
1334055	strain	1773	Mycobacterium tuberculosis	species
1334054	strain	1773	Mycobacterium tuberculosis	species
1334047	strain	1773	Mycobacterium tuberculosis	species
1334046	strain	1421019	Kurthia huakuii	species
1334018	species	129337	Geobacillus	genus
1334	species	1301	Streptococcus	genus
1333852	strain	571	Klebsiella oxytoca	species
1333851	strain	158836	Enterobacter hormaechei	species
1333850	strain	550	Enterobacter cloacae	species
1333849	strain	158836	Enterobacter hormaechei	species
1333848	strain	546	Citrobacter freundii	species
1333847	strain	268735	Halonotius pteroides	species
1333845	species	44249	Paenibacillus	genus
1333523	species	1269201	Salinarchaeum	genus
13334	genus	83763	Succinivibrionaceae	family
1333	species	1301	Streptococcus	genus
1332264	species	72763	Tessaracoccus	genus
1332263	species	352450	Simplicispira	genus
1332188	species	1331051	Saccharimonas	genus
1332080	species	165695	Sphingobium	genus
1332069	species	53335	Pantoea	genus
1331910	species	1676125	Thermogutta	genus
1331682	species	43668	Brachybacterium	genus
1331671	strain	303	Pseudomonas putida	species
1331668	strain	67365	Streptomyces sparsogenes	species
1331258	species	517	Bordetella	genus
1331060	strain	522773	Sphingobium lactosutens	species
1331058	strain	467091	Ilumatobacter fluminis	species
1331051	genus	2171986	Candidatus Saccharimonadaceae	family
1331007	strain	182262	Agarivorans albus	species
1330545	genus	543	Enterobacteriaceae	family
1330330	species	651456	Kosmotoga	genus
1330043	strain	658666	Bacillus bombysepticus	species
133	genus	31993	Methylocystaceae	family
1329909	strain	538379	Sphingobium quisquiliarum	species
1329908	strain	140	Borrelia hermsii	species
1329899	species	34067	Cycloclasticus	genus
1329796	species	1763555	Risungbinella	genus
1329516	species	2023	Thermoactinomyces	genus
1329250	strain	1129792	Weissella oryzae	species
132920	species	33986	Exiguobacterium	genus
132919	species	1827	Rhodococcus	genus
1329	species	1301	Streptococcus	genus
1328868	strain	59737	Rathayibacter iranicus	species
1328867	strain	110936	Rathayibacter caricis	species
1328866	strain	110937	Rathayibacter festucae	species
1328865	strain	33887	Rathayibacter rathayi	species
1328864	strain	33888	Rathayibacter tritici	species
1328770	species	662	Vibrio	genus
1328325	strain	573	Klebsiella pneumoniae	species
1328324	strain	573	Klebsiella pneumoniae	species
1328314	strain	353	Azotobacter chroococcum	species
1328311	strain	139	Borreliella burgdorferi	species
1328310	strain	367190	Yersinia similis	species
1328308	strain	94625	Brucella intermedia	species
1328306	strain	29449	Rhizobium etli	species
1328	species	1301	Streptococcus	genus
1327989	species	613	Serratia	genus
1327988	strain	1590	Lactiplantibacillus plantarum	species
13275	genus	868	Cardiobacteriaceae	family
1326739	genus	3039169	Calderihabitantaceae	family
13264	species	29521	Brachyspira	genus
132605	genus	1890436	Pseudanabaenaceae	family
1325933	species	1485	Clostridium	genus
1325564	species	1234	Nitrospira	genus
1325335	species	150247	Anoxybacillus	genus
1324960	strain	645	Aeromonas salmonicida	species
1324796	species	68	Lysobacter	genus
132476	species	286	Pseudomonas	genus
1324352	species	59732	Chryseobacterium	genus
1324351	species	999488	Paenochrobactrum	genus
1324350	species	469	Acinetobacter	genus
13243	species	13242	Rarobacter	genus
13242	genus	145359	Rarobacteraceae	family
1323664	strain	75105	Paraburkholderia caribensis	species
1323663	strain	553151	Halopseudomonas pelagia	species
1323661	strain	1280	Staphylococcus aureus	species
1323361	species	2979332	Prescottella	genus
1323	species	1573536	Faecalicoccus	genus
132249	species	1817	Nocardia	genus
1322346	strain	738	Glaesserella parasuis	species
1322249	strain	1713	Oerskovia turbata	species
1322246	strain	879567	Pseudodesulfovibrio piezophilus	species
1322	species	572511	Blautia	genus
1321941	strain	210	Helicobacter pylori	species
1321940	strain	210	Helicobacter pylori	species
1321939	strain	210	Helicobacter pylori	species
1321938	strain	210	Helicobacter pylori	species
1321820	strain	84136	Gemella bergeri	species
1321815	strain	53418	Treponema lecithinolyticum	species
1321814	strain	35517	[Eubacterium] brachy	species
1321784	strain	1321783	Peptostreptococcaceae bacterium oral taxon 113	species
1321781	strain	1321780	Mitsuokella sp. oral taxon 131	species
1321778	strain	1321777	Clostridiales bacterium oral taxon 876	species
1321669	species	1574290	Tisochrysis	genus
1321611	strain	376815	Variovorax soli	species
1321610	strain	34073	Variovorax paradoxus	species
1321609	strain	436515	Variovorax boronicumulans	species
1321608	strain	457502	Polaromonas jejuensis	species
1321606	strain	388741	Mesobacillus selenatarsenatis	species
132144	species	224135	Glomeribacter	genus
1321370	strain	135577	Idiomarina loihiensis	species
1321369	strain	1280	Staphylococcus aureus	species
1321364	genus	3031146	Fodinicurvataceae	family
1320309	strain	28901	Salmonella enterica	species
1319815	strain	188913	Cetobacterium somerae	species
1319510	strain	1906	Streptomyces fradiae	species
1318743	species	773	Bartonella	genus
1318635	strain	1582	Lacticaseibacillus casei	species
1318634	strain	47715	Lacticaseibacillus rhamnosus	species
1318633	strain	1346	Streptococcus iniae	species
1318628	strain	209639	Marinobacter lipolyticus	species
1318617	species	2791001	Malacoplasma	genus
1318615	strain	1311	Streptococcus agalactiae	species
1318466	strain	38986	Alteracholeplasma palmae	species
1318465	strain	61635	Paracholeplasma brassicae	species
1318	species	1301	Streptococcus	genus
1317	species	1301	Streptococcus	genus
1316941	species	2233	Archaeoglobus	genus
1316938	strain	573	Klebsiella pneumoniae	species
1316935	strain	274	Thermus thermophilus	species
1316933	strain	47715	Lacticaseibacillus rhamnosus	species
1316932	strain	75985	Mannheimia haemolytica	species
1316931	strain	1492	Clostridium butyricum	species
1316930	strain	28903	Mycoplasmopsis bovis	species
1316584	strain	135079	Selenomonas dianae	species
1316444	species	34098	Blattabacterium	genus
1315974	species	165695	Sphingobium	genus
1315969	strain	442	Gluconobacter oxydans	species
13159	genus	82115	Rhizobiaceae	family
131568	species	33981	Kineococcus	genus
131540	species	2039723	Thiomicrorhabdus	genus
1315306	strain	107327	Pseudoalteromonas ulvae	species
1315283	strain	166935	Pseudoalteromonas translucida	species
1315282	strain	182141	Pseudoalteromonas prydzensis	species
1315280	strain	61150	Pseudoalteromonas peptidolytica	species
1315279	strain	77608	Pseudoalteromonas distincta	species
1315277	strain	206042	Pseudoalteromonas mariniglutinosa	species
1315275	strain	570156	Pseudoalteromonas lipolytica	species
1315274	strain	152297	Pseudoalteromonas issachenkonii	species
1315273	strain	137779	Pseudoalteromonas flavipulchra	species
1315271	strain	43659	Pseudoalteromonas tetraodonis	species
1315211	species	28196	Arcobacter	genus
1314884	strain	1579	Lactobacillus acidophilus	species
1314869	strain	28107	Pseudoalteromonas espejiana	species
1314868	strain	227	Pseudoalteromonas carrageenovora	species
1314866	strain	247523	Pseudoalteromonas aliena	species
1314754	strain	105229	Neobacillus fumarioli	species
1314753	strain	1399	Cytobacillus firmus	species
1314752	strain	220684	Neobacillus drentensis	species
1314751	strain	33932	Sutcliffiella cohnii	species
1314749	strain	45677	Azohydromonas lata	species
1314	species	1301	Streptococcus	genus
13134	genus	41295	Rhodospirillaceae	family
1313304	strain	1505232	Chitinivibrio alkaliphilus	species
1313303	strain	347	Xanthomonas oryzae	species
1313301	strain	55505	Thermonema rossianum	species
1313299	strain	41675	Stygiolobus azoricus	species
1313296	strain	683737	Paenibacillus uliginis	species
1313290	strain	1648	Erysipelothrix rhusiopathiae	species
131318	species	1716	Corynebacterium	genus
1313172	strain	467094	Ilumatobacter coccineus	species
1313171	strain	467093	Ilumatobacter nonamiensis	species
1313	species	1301	Streptococcus	genus
1312904	strain	446	Legionella pneumophila	species
1312369	strain	176102	Pseudoalteromonas agarivorans	species
1312234	strain	67348	Streptomyces prunicolor	species
1312184	species	379	Rhizobium	genus
1312183	species	379	Rhizobium	genus
1312182	species	379	Rhizobium	genus
1311820	species	583	Proteus	genus
1311818	species	583	Proteus	genus
1311804	strain	28090	Acinetobacter lwoffii	species
1311774	strain	48296	Acinetobacter pittii	species
1311760	strain	75985	Mannheimia haemolytica	species
1311759	strain	75985	Mannheimia haemolytica	species
1311573	strain	210	Helicobacter pylori	species
131111	species	2529408	Schaalia	genus
1311	species	1301	Streptococcus	genus
131081	species	1716	Corynebacterium	genus
131080	species	131079	Limnobacter	genus
131079	genus	119060	Burkholderiaceae	family
1310161	strain	1718	Corynebacterium glutamicum	species
1310	species	1301	Streptococcus	genus
1309807	strain	1311	Streptococcus agalactiae	species
1309806	strain	1311	Streptococcus agalactiae	species
1309411	species	1298	Deinococcus	genus
1309	species	1301	Streptococcus	genus
1308980	strain	1134687	Klebsiella michiganensis	species
1308866	strain	470864	Gracilibacillus halophilus	species
1308548	strain	346	Xanthomonas citri	species
1308541	strain	346	Xanthomonas citri	species
1308	species	1301	Streptococcus	genus
130796	species	130795	Crossiella	genus
1307950	strain	586239	Gluconobacter roseus	species
130795	genus	2070	Pseudonocardiaceae	family
1307949	strain	941463	Gluconobacter kondonii	species
1307948	strain	563199	Gluconobacter kanchanaburiensis	species
1307947	strain	376620	Gluconobacter japonicus	species
1307945	strain	38307	Gluconobacter cerinus	species
1307944	strain	318683	Gluconobacter albidus	species
1307943	strain	215220	Komagataeibacter swingsii	species
1307942	strain	1053551	Komagataeibacter sucrofermentans	species
1307941	strain	265959	Komagataeibacter saccharivorans	species
1307940	strain	92759	Gluconacetobacter sacchari	species
1307939	strain	215221	Komagataeibacter rhaeticus	species
1307938	strain	65958	Komagataeibacter oboediens	species
1307937	strain	265960	Komagataeibacter nataicola	species
1307935	strain	112140	Gluconacetobacter johannae	species
1307932	strain	142834	Gluconacetobacter azotocaptans	species
1307931	strain	182838	Swaminathania salitolerans	species
1307930	strain	320497	Neoasaia chiangmaiensis	species
1307929	strain	153496	Kozakia baliensis	species
1307928	strain	657016	Asaia spathodeae	species
1307927	strain	110479	Asaia siamensis	species
1307926	strain	415421	Asaia lannensis	species
1307925	strain	220990	Asaia krungthepensis	species
1307923	strain	442969	Ameyamaea chiangmaiensis	species
1307921	strain	76588	Acidiphilium acidophilum	species
1307920	strain	104102	Acetobacter tropicalis	species
1307919	strain	146476	Acetobacter syzygii	species
1307918	strain	446692	Acetobacter senegalensis	species
1307917	strain	65959	Acetobacter pomorum	species
1307913	strain	146474	Acetobacter orientalis	species
1307912	strain	304077	Acetobacter oeni	species
1307910	strain	178901	Acetobacter malorum	species
1307908	strain	104101	Acetobacter indonesiensis	species
1307907	strain	431306	Acetobacter ghanensis	species
1307906	strain	483199	Acetobacter fabarum	species
1307904	strain	146475	Acetobacter cibinongensis	species
1307903	strain	178900	Acetobacter cerevisiae	species
1307839	species	1970191	Salinivirga	genus
1307763	species	1921784	Kiritimatiella	genus
1307761	species	1616789	Salinispira	genus
13075	genus	186827	Aerococcaceae	family
1307457	strain	499547	Kineosporia mikuniensis	species
1307456	strain	84633	Kineosporia rhizophila	species
1307455	strain	84632	Kineosporia succinea	species
1307454	strain	84634	Kineosporia rhamnosa	species
1307453	strain	679732	Catenuloplanes castaneus	species
1307452	strain	587533	Catenuloplanes nepalensis	species
1307451	strain	137266	Catenuloplanes atrovinosus	species
1307450	strain	137267	Catenuloplanes indicus	species
1307449	strain	587534	Catenuloplanes niger	species
1307448	strain	90058	Catenuloplanes crispus	species
1307447	strain	33876	Catenuloplanes japonicus	species
1307444	strain	1583098	Fusobacterium hwasookii	species
1307443	strain	1583098	Fusobacterium hwasookii	species
1307442	strain	1583098	Fusobacterium hwasookii	species
1307441	strain	1583098	Fusobacterium hwasookii	species
1307	species	1301	Streptococcus	genus
1306787	species	3020833	Isoalcanivorax	genus
1306519	species	237	Flavobacterium	genus
1306418	strain	28450	Burkholderia pseudomallei	species
1306414	strain	1773	Mycobacterium tuberculosis	species
1306400	strain	1773	Mycobacterium tuberculosis	species
1306182	strain	68254	Streptomyces phaeofaciens	species
1306181	strain	68185	Streptomyces chrestomyceticus	species
1306180	strain	285454	Streptomyces anandii	species
1306179	strain	285447	Streptomyces naganishii	species
1306178	strain	1890	Streptomyces antibioticus	species
1306177	strain	67331	Streptomyces misionensis	species
1306176	strain	67319	Streptomyces lucensis	species
1306175	strain	66866	Streptomyces albofaciens	species
1306174	strain	49185	Kineosporia aurantiaca	species
1305869	strain	264297	Cellulomonas denverensis	species
1305868	strain	156981	Cellulomonas hominis	species
1305867	strain	76861	Cellulomonas persica	species
1305865	strain	398759	Cellulomonas chitinilytica	species
1305864	strain	370526	Mycolicibacterium rutilum	species
1305863	strain	370524	Mycolicibacterium pallens	species
1305862	strain	388459	Mycolicibacterium crocinum	species
1305860	strain	187102	Mycolicibacterium pyrenivorans	species
1305859	strain	416230	Brachybacterium zhongshanense	species
1305858	strain	311234	Cellulomonas terrae	species
1305857	strain	266130	Cellulomonas composti	species
1305856	strain	233583	Cellulomonas xylanilytica	species
1305854	strain	109465	Nocardioides pyridinolyticus	species
1305849	strain	1352	Enterococcus faecium	species
1305836	species	1569	Sporosarcina	genus
1305740	species	2742	Marinobacter	genus
1305738	species	1763	Mycobacterium	genus
1305736	strain	646273	Nautilia nitratireducens	species
1305629	strain	318424	Mycolicibacterium rufum	species
1305627	strain	178566	Streptomyces mexicanus	species
1305626	strain	191630	Pseudonocardia chloroethenivorans	species
1305625	strain	49897	Mycolicibacterium hodleri	species
1305624	strain	158898	Gordonia westfalica	species
1305623	strain	139208	Isoptericola variabilis	species
1305622	strain	200618	Nocardioides aromaticivorans	species
1305618	strain	393921	Porphyromonas crevioricanis	species
1305617	strain	393921	Porphyromonas crevioricanis	species
1305598	strain	1280	Staphylococcus aureus	species
1305	species	1301	Streptococcus	genus
1304892	strain	53413	Xanthomonas axonopodis	species
1304888	species	2945018	Limisalsivibrio	genus
1304886	strain	115781	Desulfotignum balticum	species
1304885	strain	153026	Desulforegula conservatrix	species
1304884	strain	264641	Desulfitibacter alkalitolerans	species
1304880	strain	551788	Caldicoprobacter oshimai	species
1304875	strain	81467	Aminobacterium mobile	species
1304874	strain	290732	Aminiphilus circumscriptus	species
1304284	species	1640153	Caldisalinibacter	genus
1304281	strain	232216	Chryseobacterium koreense	species
1304272	strain	454598	Salinisphaera dokdonensis	species
1304	species	1301	Streptococcus	genus
1303912	genus	3031624	Desulfosarcinaceae	family
1303692	strain	1919	Streptomyces microflavus	species
1303691	strain	1914	Streptomyces lavendulae	species
1303690	strain	103816	Rhodococcus pyridinivorans	species
1303689	strain	99653	Rhodococcus koreensis	species
1303688	strain	60489	Nocardioides nitrophenolicus	species
1303686	strain	41986	Agromyces mediolanus	species
1303685	strain	37916	Mycolicibacterium chlorophenolicum	species
1303683	strain	1843	Nocardioides jensenii	species
1303681	strain	334542	Rhodococcus qingshengii	species
1303680	strain	263849	Rhodococcus phenolicus	species
1303679	strain	102884	Pseudonocardia tetrahydrofuranoxydans	species
1303677	strain	211146	Paenarthrobacter nitroguajacolicus	species
1303518	strain	454171	Chthonomonas calidirosea	species
13035	strain	292566	Dactylococcopsis salina	species
13034	genus	1890426	Synechococcaceae	family
1303024	strain	36809	Mycobacteroides abscessus	species
1303	species	1301	Streptococcus	genus
1302863	strain	45634	Streptococcus cristatus	species
1302858	strain	47466	Borrelia miyamotoi	species
1302725	strain	300018	Microbacterium xylanilyticum	species
1302724	strain	202862	Streptomyces drozdowiczii	species
1302723	strain	248902	Agromyces ulmi	species
1302686	species	59732	Chryseobacterium	genus
1302659	species	1372	Planococcus	genus
1302650	strain	1423	Bacillus subtilis	species
1302620	species	1707	Cellulomonas	genus
1302272	strain	528209	Secundilactobacillus kimchicus	species
1302251	strain	1833	Rhodococcus erythropolis	species
1302248	species	1883	Streptomyces	genus
1302247	strain	266	Paracoccus denitrificans	species
1302245	species	74385	Gracilibacillus	genus
1302235	species	28263	Arcanobacterium	genus
1302151	species	171003	Caloranaerobacter	genus
1302	species	1301	Streptococcus	genus
1301915	species	196118	Methanocaldococcus	genus
1301100	species	3120164	Faecalimicrobium	genus
1301098	strain	65741	Pseudomonas knackmussii	species
1301085	species	44249	Paenibacillus	genus
1301084	species	300264	Silvimonas	genus
1301083	species	1839	Nocardioides	genus
1301082	species	191494	Conexibacter	genus
1301	genus	1300	Streptococcaceae	family
1300914	species	423349	Mucilaginibacter	genus
130049	species	44249	Paenibacillus	genus
130048	species	203193	Halobiforma	genus
1300350	strain	421000	Sulfitobacter donghicola	species
1300349	strain	328225	Erythrobacter dokdonensis	species
1300348	strain	326329	Polaribacter dokdonensis	species
1300347	strain	450734	Nocardioides dokdonensis	species
1300346	strain	320912	Maribacter dokdonensis	species
1300345	strain	414050	Lysobacter dokdonensis	species
1300344	strain	372663	Isoptericola dokdonensis	species
1300343	strain	326320	Dokdonia donghaensis	species
1300342	strain	323415	Dokdonella koreensis	species
1300341	strain	346188	Croceitalea dokdonensis	species
1300259	strain	314275	Alteromonas mediterranea	species
1300258	strain	314275	Alteromonas mediterranea	species
1300257	strain	314275	Alteromonas mediterranea	species
1300256	strain	314275	Alteromonas mediterranea	species
1300255	strain	314275	Alteromonas mediterranea	species
1300254	strain	314275	Alteromonas mediterranea	species
1300253	strain	314275	Alteromonas mediterranea	species
1300227	strain	216816	Bifidobacterium longum	species
1300222	strain	45462	Brevibacillus borstelensis	species
1300165	strain	208223	Kosakonia cowanii	species
1300164	strain	39441	Methanobrevibacter arboriphilus	species
1300163	strain	2162	Methanobacterium formicicum	species
1300159	strain	293647	Byssovorax cruenta	species
1300156	species	1839	Nocardioides	genus
1300154	species	1883	Streptomyces	genus
1300150	strain	53346	Enterococcus mundtii	species
1300149	species	1663	Arthrobacter	genus
13	genus	203488	Dictyoglomaceae	family
129985	species	2675231	Mesobacillus	genus
129965	species	35823	Arthrospira	genus
129961	strain	270636	Spirulina major	species
129958	species	129957	Carboxydothermus	genus
129957	genus	186814	Thermoanaerobacteraceae	family
1299340	species	237	Flavobacterium	genus
1299331	strain	1767	Mycobacterium intracellulare	species
1299330	strain	1764	Mycobacterium avium	species
1299329	strain	1764	Mycobacterium avium	species
1299328	strain	1768	Mycobacterium kansasii	species
1299326	strain	1768	Mycobacterium kansasii	species
1299325	strain	36809	Mycobacteroides abscessus	species
129922	species	1851	Saccharomonospora	genus
129910	species	2596745	Limnospira	genus
1299	species	1298	Deinococcus	genus
1298959	species	20	Phenylobacterium	genus
1298917	strain	28901	Salmonella enterica	species
1298867	species	374	Bradyrhizobium	genus
1298866	species	1386	Bacillus	genus
1298864	species	1763	Mycobacterium	genus
1298863	species	86795	Marmoricola	genus
1298862	species	75	Caulobacter	genus
1298861	species	68	Lysobacter	genus
1298860	species	33882	Microbacterium	genus
1298859	species	32008	Burkholderia	genus
1298858	species	68287	Mesorhizobium	genus
1298857	species	207599	Solirubrobacter	genus
1298851	strain	412593	Thermosulfidibacter takaii	species
1298616	strain	1833	Rhodococcus erythropolis	species
1298615	strain	1833	Rhodococcus erythropolis	species
1298613	species	1707	Cellulomonas	genus
1298612	species	1827	Rhodococcus	genus
1298611	species	1827	Rhodococcus	genus
1298610	species	497	Psychrobacter	genus
1298609	species	497	Psychrobacter	genus
1298608	species	497	Psychrobacter	genus
1298607	species	497	Psychrobacter	genus
1298606	strain	2208	Methanosarcina barkeri	species
1298605	strain	668	Aliivibrio fischeri	species
1298604	strain	61645	Enterobacter asburiae	species
1298602	species	44249	Paenibacillus	genus
1298601	species	44249	Paenibacillus	genus
1298600	species	662	Vibrio	genus
1298599	species	662	Vibrio	genus
1298598	strain	307521	Gracilibacillus boraciitolerans	species
1298597	strain	637886	Dysgonomonas hofstadii	species
1298595	strain	423477	Veillonella rogosae	species
1298594	strain	419208	Veillonella denticariosi	species
1298593	strain	187493	Thalassolituus oleivorans	species
129848	species	2160	Methanobacterium	genus
129847	species	286	Pseudomonas	genus
129817	species	286	Pseudomonas	genus
1298	genus	183710	Deinococcaceae	family
1297857	strain	1303	Streptococcus oralis	species
1297794	strain	100884	Coprobacillus cateniformis	species
1297742	species	32	Myxococcus	genus
1297617	species	1392389	Intestinimonas	genus
1297582	strain	91844	Candidatus Portiera aleyrodidarum	species
1297570	species	68287	Mesorhizobium	genus
1297569	strain	489722	Mesorhizobium metallidurans	species
1297534	strain	1303	Streptococcus oralis	species
1296990	strain	28448	Komagataeibacter xylinus	species
1296416	strain	1443666	Aquimarina megaterium	species
1296375	species	1873	Micromonospora	genus
1296348	strain	1179	Desmonostoc muscorum	species
1296334	strain	1179	Desmonostoc muscorum	species
12960	genus	2008794	Zoogloeaceae	family
1296	species	2803850	Mammaliicoccus	genus
1295826	strain	1359	Lactococcus cremoris	species
129578	species	129577	Oceanimonas	genus
129577	genus	84642	Aeromonadaceae	family
1295642	species	1906945	Parageobacillus	genus
1295609	species	1740	Thermodesulfobacterium	genus
1295378	genus	403	Methylococcaceae	family
1295373	strain	312540	Acidiplasma cupricumulans	species
1295372	species	164450	Vulcanisaeta	genus
1295371	species	164450	Vulcanisaeta	genus
1295370	species	164450	Vulcanisaeta	genus
1295140	strain	727	Haemophilus influenzae	species
1295137	strain	418223	Methylobacterium phyllosphaerae	species
1295136	strain	427683	Methylobacterium platani	species
1295135	strain	29549	Rhodothermus marinus	species
1295134	species	222	Achromobacter	genus
1295133	strain	303	Pseudomonas putida	species
1295132	strain	303	Pseudomonas putida	species
1295131	strain	303	Pseudomonas putida	species
1295130	strain	85698	Achromobacter xylosoxidans	species
1295129	strain	706570	Pseudomonas flexibilis	species
1295128	strain	86166	Thermodesulfovibrio aggregans	species
1295126	strain	253108	Natronolimnobius baerhuensis	species
1295125	species	2263	Thermococcus	genus
1295124	strain	164451	Vulcanisaeta distributa	species
1295123	strain	164451	Vulcanisaeta distributa	species
1295120	strain	399579	Thermogymnomonas acidicola	species
1295010	strain	197	Campylobacter jejuni	species
1295009	strain	1406512	Candidatus Methanomassiliicoccus intestinalis	species
1295	species	1279	Staphylococcus	genus
1294273	strain	159346	Roseibacterium elongatum	species
1294270	strain	83453	Melittangium boletus	species
1294268	species	44249	Paenibacillus	genus
1294265	strain	308892	Mesobacillus boroniphilus	species
1294264	strain	309788	Lysinibacillus boronitolerans	species
1294263	strain	253314	Acetivibrio straminisolvens	species
1294261	strain	702114	Methylomonas koyamae	species
1294260	strain	421624	Geotalea toluenoxydans	species
1294259	strain	554949	Thermaerobacter composti	species
1294143	species	286	Pseudomonas	genus
1294142	strain	36845	Clostridium intestinale	species
1294122	species	1996557	Nanobsidianus	genus
1294026	strain	667306	Aciditerrimonas ferrireducens	species
1294025	strain	425254	Cellulosilyticum ruminicola	species
1294024	strain	373054	Calditerricola satsumensis	species
1294023	strain	402877	Syntrophomonas palmitatica	species
1294022	strain	299480	Piscibacillus salipiscarius	species
1294021	strain	90730	Desulfosarcina cetonica	species
1294	species	1279	Staphylococcus	genus
1293831	species	1678	Bifidobacterium	genus
1293829	species	1678	Bifidobacterium	genus
1293828	species	1678	Bifidobacterium	genus
1293825	species	1678	Bifidobacterium	genus
1293823	species	1678	Bifidobacterium	genus
1293599	strain	257446	Lentibacillus juripiscarius	species
1293598	strain	931533	Lacticaseibacillus saniviri	species
1293597	strain	420645	Lactobacillus equicursoris	species
1293591	strain	436516	Lysinibacillus parviboronicapiens	species
1293590	strain	172041	Rhodococcus baikonurensis	species
1293589	species	270	Thermus	genus
1293588	strain	392842	Desulfothermus okinawensis	species
1293587	strain	171864	Thermus kawarayensis	species
1293586	strain	164452	Vulcanisaeta souniana	species
1293442	species	1649292	Falsochrobactrum	genus
1293441	species	400634	Lysinibacillus	genus
1293440	species	166953	Kaistia	genus
1293439	species	46913	Devosia	genus
129338	species	129337	Geobacillus	genus
129337	genus	186817	Bacillaceae	family
1293054	strain	43595	Halanaerobium saccharolyticum	species
1293052	strain	540061	Limnohabitans parvus	species
1293045	strain	540060	Limnohabitans planktonicus	species
1293044	strain	164451	Vulcanisaeta distributa	species
1293043	strain	164451	Vulcanisaeta distributa	species
1293042	strain	118126	Methanoculleus chikugoensis	species
1293041	strain	2197	Methanogenium cariaci	species
1293040	strain	62609	Thermocladium modestius	species
1293039	strain	39441	Methanobrevibacter arboriphilus	species
1293038	strain	2209	Methanosarcina mazei	species
1293037	strain	2264	Thermococcus celer	species
1293036	strain	79601	Metallosphaera hakonensis	species
1293	species	1279	Staphylococcus	genus
1292037	strain	208444	Amycolatopsis vancoresmycina	species
1292036	strain	1505	Paraclostridium sordellii	species
1292035	strain	1505	Paraclostridium sordellii	species
1292033	strain	2123	Mycoplasma putrefaciens	species
1292031	strain	321661	Pseudomonas vranovensis	species
1292030	strain	470150	Pseudomonas taiwanensis	species
1292027	strain	291995	Stutzerimonas azotifigens	species
1292023	species	55968	Leucobacter	genus
1292022	strain	2035	Curtobacterium flaccumfaciens	species
1292021	species	57493	Kocuria	genus
1292020	species	37914	Dietzia	genus
1292	species	1279	Staphylococcus	genus
1291764	strain	610251	Lactococcus fujiensis	species
1291743	strain	1202668	Secundilactobacillus oryzae	species
1291742	strain	1193095	Paucilactobacillus hokkaidonensis	species
1291734	strain	944671	Lacticaseibacillus nasuensis	species
12917	species	12916	Acidovorax	genus
12916	genus	80864	Comamonadaceae	family
1291540	species	1291539	Methanomethylophilus	genus
1291534	strain	257438	Gluconobacter thailandicus	species
12914	genus	118883	Sulfolobaceae	family
1291379	strain	409322	Treponema pedis	species
1291052	strain	1626	Lacticaseibacillus sharpeae	species
1291051	strain	342942	Mediterraneibacter glycyrrhizinilyticus	species
1291050	strain	1499	Ruminiclostridium josui	species
1291049	strain	1510	Thermoclostridium stercorarium	species
1291048	strain	29350	Thermoanaerobacter thermocopriae	species
129052	species	1121253	Catelliglobosispora	genus
1290428	strain	782	Rickettsia prowazekii	species
1290427	strain	782	Rickettsia prowazekii	species
129001	genus	68298	Syntrophomonadaceae	family
1290	species	1279	Staphylococcus	genus
128944	species	1375	Aerococcus	genus
1288970	species	1182780	Magnetospira	genus
1288960	strain	40324	Stenotrophomonas maltophilia	species
1288828	strain	595468	Gleimia hominis	species
1288827	strain	589159	Actinomadura sputi	species
1288826	strain	523742	Marinobacter santoriniensis	species
1288494	species	35798	Nitrosospira	genus
1288484	strain	980427	Deinococcus wulumuqiensis	species
1288394	strain	644	Aeromonas hydrophila	species
1288392	species	475	Moraxella	genus
1288391	species	1654	Actinomyces	genus
1288388	species	1073531	Mycolicibacter	genus
1288385	species	629	Yersinia	genus
1288313	strain	442	Gluconobacter oxydans	species
1288298	strain	215743	Roseovarius mucosus	species
1288295	strain	1639	Listeria monocytogenes	species
1288122	strain	1263550	Edwardsiella piscicida	species
1288121	species	239759	Alistipes	genus
1288079	species	1883	Streptomyces	genus
1288027	species	1288026	Arcticibacter	genus
1288	species	1279	Staphylococcus	genus
128785	species	83618	Pseudoxanthomonas	genus
128782	species	85413	Bosea	genus
128780	species	40323	Stenotrophomonas	genus
1287736	species	222	Achromobacter	genus
1287735	species	222	Achromobacter	genus
1287726	species	379	Rhizobium	genus
1287640	species	165779	Anaerococcus	genus
1287066	strain	1351	Enterococcus faecalis	species
1287055	species	29521	Brachyspira	genus
1286820	strain	81424	[Clostridium] methoxybenzovorans	species
1286640	strain	382	Sinorhizobium meliloti	species
1286635	strain	190898	Desulfotignum phosphitoxidans	species
1286631	strain	34103	Sphaerotilus natans	species
1286609	species	1754	Thermoanaerobacter	genus
1286528	strain	33994	Neorickettsia helminthoeca	species
1286404	strain	1428	Bacillus thuringiensis	species
1286373	species	224135	Glomeribacter	genus
1286171	strain	1731	Peptoclostridium acidaminophilum	species
1286170	strain	54291	Raoultella ornithinolytica	species
1286106	strain	999151	Methylophaga lonarensis	species
1286	species	1279	Staphylococcus	genus
1285929	species	379899	Niabella	genus
1285928	species	379899	Niabella	genus
1285901	species	72763	Tessaracoccus	genus
128574	species	44249	Paenibacillus	genus
1285583	strain	160386	Corynebacterium casei	species
1285	species	1279	Staphylococcus	genus
1284686	strain	33032	Anaerococcus lactolyticus	species
1284663	strain	1590	Lactiplantibacillus plantarum	species
1284352	species	44249	Paenibacillus	genus
1284240	strain	208441	Amycolatopsis decaplanina	species
128400	species	724	Haemophilus	genus
1284	species	1279	Staphylococcus	genus
1283331	strain	354	Azotobacter vinelandii	species
1283330	strain	354	Azotobacter vinelandii	species
1283301	strain	66865	Streptomyces afghaniensis	species
1283300	strain	244365	Methylohalobius crimeensis	species
1283283	species	1854	Frankia	genus
1283279	strain	28042	Saccharopolyspora rectivirgula	species
1283	species	1279	Staphylococcus	genus
1282887	strain	28051	Lachnospira multipara	species
1282886	species	642	Aeromonas	genus
1282664	strain	1303	Streptococcus oralis	species
1282439	species	265	Paracoccus	genus
1282358	strain	623	Shigella flexneri	species
1282357	strain	623	Shigella flexneri	species
1282356	strain	200451	Pseudomonas poae	species
1282	species	1279	Staphylococcus	genus
1281902	genus	1748772	Blastocatellaceae	family
1281781	strain	28025	Bifidobacterium animalis	species
1281780	strain	65656	Hydrogenophaga taeniospiralis	species
1281	species	1279	Staphylococcus	genus
1280952	strain	86	Hyphomonas jannaschiana	species
1280951	strain	81030	Hyphomonas hirschiana	species
1280950	strain	81031	Hyphomonas johnsonii	species
1280949	strain	81029	Hyphomonas adhaerens	species
1280938	strain	287	Pseudomonas aeruginosa	species
1280706	strain	971	Selenomonas ruminantium	species
1280700	strain	831	Butyrivibrio fibrisolvens	species
1280696	strain	831	Butyrivibrio fibrisolvens	species
1280692	strain	1529	Clostridium cadaveris	species
1280689	strain	29363	Clostridium paraputrificum	species
1280688	strain	46206	Pseudobutyrivibrio ruminis	species
1280686	species	830	Butyrivibrio	genus
1280685	species	830	Butyrivibrio	genus
1280684	species	830	Butyrivibrio	genus
1280681	species	830	Butyrivibrio	genus
1280673	species	830	Butyrivibrio	genus
1280663	species	830	Butyrivibrio	genus
1280390	species	1689250	Gorillibacterium	genus
1280380	species	1129	Synechococcus	genus
1280004	strain	696485	Vibrio owensii	species
1280000	strain	696485	Vibrio owensii	species
1280	species	1279	Staphylococcus	genus
128	species	127	Isosphaera	genus
1279365	strain	1428	Bacillus thuringiensis	species
1279027	species	84404	Hippea	genus
1279018	strain	86189	[Pseudomonas] hibiscicola	species
1279017	strain	266805	Microbulbifer variabilis	species
1279016	strain	43662	Pseudoalteromonas piscicida	species
1279009	strain	649507	Cesiribacter andamanensis	species
1279008	strain	287	Pseudomonas aeruginosa	species
1279007	strain	287	Pseudomonas aeruginosa	species
1279005	species	561	Escherichia	genus
1279	genus	90964	Staphylococcaceae	family
127891	species	2893056	Halalkalibacter	genus
127886	species	2893056	Halalkalibacter	genus
127885	species	1386	Bacillus	genus
127882	species	1386	Bacillus	genus
127881	species	1386	Bacillus	genus
127880	species	1386	Bacillus	genus
1278313	strain	61656	Ancylobacter multivorans	species
1278312	strain	444919	Psychromonas aquimarina	species
1278311	strain	29552	Haploplasma axanthum	species
1278310	strain	452629	Amphritea balenae	species
1278309	strain	452627	Amphritea japonica	species
1278307	strain	444922	Psychromonas ossibalaenae	species
1278306	strain	854	Fusobacterium russii	species
1278304	strain	264635	Acholeplasma granularum	species
1278303	strain	444920	Psychromonas macrocephali	species
1278302	strain	211669	Psychromonas hadalis	species
1278299	strain	264638	[Acholeplasma] multilocale	species
1278221	genus	31957	Propionibacteriaceae	family
1278212	species	28196	Arcobacter	genus
1278073	strain	83455	Myxococcus stipitatus	species
1277353	genus	45404	Beijerinckiaceae	family
1277257	strain	34020	Candidatus Liberibacter africanus	species
1276920	strain	254787	Paeniglutamicibacter gangotriensis	species
1276892	species	2745	Halomonas	genus
1276648	strain	1747	Cutibacterium acnes	species
1276647	strain	1307	Streptococcus suis	species
1276282	strain	45972	Staphylococcus pasteuri	species
1276259	strain	47835	Spiroplasma phoeniceum	species
1276258	strain	2137	Spiroplasma apis	species
1276257	strain	216944	Spiroplasma sabaudiense	species
1276246	strain	216935	Spiroplasma culicicola	species
1276229	strain	216945	Spiroplasma syrphidicola	species
1276227	strain	216933	Spiroplasma chrysopicola	species
1276224	strain	216939	Spiroplasma insolitum	species
1276221	strain	216936	Spiroplasma diminutum	species
1276220	strain	2145	Spiroplasma taiwanense	species
1276219	strain	2141	Spiroplasma ixodetis	species
1276218	strain	301585	Spiroplasma platyhelix	species
1276	species	57499	Kytococcus	genus
1275	species	57493	Kocuria	genus
1274814	strain	562	Escherichia coli	species
1274631	species	374	Bradyrhizobium	genus
1274374	species	44249	Paenibacillus	genus
1274	species	57495	Dermacoccus	genus
1273687	species	1763	Mycobacterium	genus
1273541	species	2308	Pyrodictium	genus
1273540	strain	1639	Listeria monocytogenes	species
1273538	strain	459472	Planococcus glaciei	species
1273442	species	1763	Mycobacterium	genus
1273266	strain	196	Campylobacter fetus	species
1273173	strain	195	Campylobacter coli	species
1273132	species	34019	Liberibacter	genus
1273	species	1269	Micrococcus	genus
1272	species	57493	Kocuria	genus
1271864	strain	28901	Salmonella enterica	species
1271863	strain	28901	Salmonella enterica	species
1271862	strain	28901	Salmonella enterica	species
1271752	strain	34085	Riemerella anatipestifer	species
1271	species	1269	Micrococcus	genus
1270	species	1269	Micrococcus	genus
1269813	species	106633	Thioalkalivibrio	genus
1269334	strain	109232	Rickettsia monacensis	species
1269201	genus	2976354	Natronoarchaeaceae	family
1269048	genus	3064798	Halorubellaceae	family
1269031	genus	3064798	Halorubellaceae	family
1269	genus	1268	Micrococcaceae	family
1268973	species	1883	Streptomyces	genus
1268635	strain	29423	Legionella oakridgensis	species
126843	species	68287	Mesorhizobium	genus
1268303	species	1827	Rhodococcus	genus
1268284	species	407	Methylobacterium	genus
1268254	species	162289	Peptoniphilus	genus
1268237	strain	502790	Aeromonas diversa	species
1268072	strain	365617	Paenibacillus sabinae	species
1268042	species	1484107	Galbitalea	genus
1267896	strain	674	Vibrio mimicus	species
1267766	species	2676755	Croceibacterium	genus
1267754	strain	43771	Corynebacterium urealyticum	species
1267753	strain	28901	Salmonella enterica	species
1267577	strain	33056	Candidatus Kinetoplastibacterium crithidii	species
1267562	strain	82541	Cupriavidus gilardii	species
126740	species	2335	Thermotoga	genus
126738	species	2335	Thermotoga	genus
1267021	species	1335631	Frischella	genus
1267006	strain	2371	Xylella fastidiosa	species
1267005	strain	48292	Hyphomicrobium zavarzinii	species
1267004	strain	13264	Brachyspira innocens	species
1267003	strain	357278	Levilactobacillus parabrevis	species
1267001	strain	2109	Mycoplasmopsis synoviae	species
1267000	strain	2098	Metamycoplasma hominis	species
1267	species	1266	Sarcina	genus
1266998	strain	187400	Paracoccus zeaxanthinifaciens	species
1266997	strain	2124	Metamycoplasma salivarium	species
1266923	strain	159	Brachyspira hyodysenteriae	species
1266914	species	106633	Thioalkalivibrio	genus
1266911	species	106633	Thioalkalivibrio	genus
1266909	species	106633	Thioalkalivibrio	genus
1266844	strain	438	Acetobacter pasteurianus	species
1266738	strain	584	Proteus mirabilis	species
126673	species	1866885	Mycolicibacterium	genus
1266371	strain	1010676	Candidatus Tremblaya phenacola	species
1266	genus	31979	Clostridiaceae	family
1265935	species	44249	Paenibacillus	genus
1265931	species	379	Rhizobium	genus
1265868	strain	1927	Streptomyces rimosus	species
1265861	strain	2757	Brochothrix campestris	species
1265846	strain	647910	Listeria rocourtiae	species
1265845	strain	1006155	Listeria weihenstephanensis	species
1265820	strain	1494961	Listeria cornellensis	species
1265819	strain	1494963	Listeria grandensis	species
1265818	strain	1494960	Listeria aquatica	species
1265817	strain	1494962	Listeria floridensis	species
1265816	strain	1494964	Listeria riparia	species
1265740	species	237	Flavobacterium	genus
1265739	strain	196	Campylobacter fetus	species
1265734	species	265488	Rhodopirellula	genus
1265690	species	1265689	Nafulsella	genus
126569	species	44249	Paenibacillus	genus
1265685	species	941338	Bhargavaea	genus
1265601	species	1883	Streptomyces	genus
1265507	strain	83769	Succinimonas amylolytica	species
1265506	strain	373	Agrobacterium vitis	species
1265505	strain	53329	Desulfospira joergensenii	species
1265504	strain	86182	Curvibacter lanceolatus	species
1265497	species	106633	Thioalkalivibrio	genus
1265494	species	106633	Thioalkalivibrio	genus
1265313	strain	475795	Pseudohaliea rubra	species
1265312	strain	1795	Mycolicibacterium neoaurum	species
1265311	strain	425468	Mycobacterium arosiense	species
1265310	strain	1790	Mycobacterium asiaticum	species
1265309	strain	379347	Tritonibacter mobilis	species
1265	species	1263	Ruminococcus	genus
1264554	strain	29561	Mycoplasmopsis meleagridis	species
1264	species	1263	Ruminococcus	genus
1263979	species	1263978	Endolissoclinum	genus
1263959	genus	186814	Thermoanaerobacteraceae	family
1263869	species	265488	Rhodopirellula	genus
1263866	species	265488	Rhodopirellula	genus
126385	species	586	Providencia	genus
1263832	strain	47735	Bibersteinia trehalosi	species
1263831	strain	47735	Bibersteinia trehalosi	species
1263829	strain	47735	Bibersteinia trehalosi	species
1263550	species	635	Edwardsiella	genus
126348	species	10	Cellvibrio	genus
1263406	strain	813	Chlamydia trachomatis	species
1263064	strain	208479	Enterocloster bolteae	species
1263	genus	216572	Oscillospiraceae	family
1262942	species	841	Roseburia	genus
1262824	species	1485	Clostridium	genus
1262777	species	1485	Clostridium	genus
1262585	species	469	Acinetobacter	genus
1262470	strain	341045	Herbaspirillum hiltneri	species
1262462	strain	630	Yersinia enterocolitica	species
1262456	strain	1310165	Ralstonia pseudosolanacearum	species
1262452	species	1883	Streptomyces	genus
1262449	strain	1501	Clostridium pasteurianum	species
1261617	strain	75659	Duganella zoogloeoides	species
126157	species	1221880	Psychrobacillus	genus
1261567	strain	1311	Streptococcus agalactiae	species
126156	species	1221880	Psychrobacillus	genus
1261557	strain	1351	Enterococcus faecalis	species
1261545	strain	489138	Halarchaeum acidiphilum	species
1261131	strain	309868	Candidatus Liberibacter americanus	species
1261129	strain	1428	Bacillus thuringiensis	species
1261127	strain	35703	Citrobacter amalonaticus	species
1261126	strain	75985	Mannheimia haemolytica	species
1261	species	1257	Peptostreptococcus	genus
1260955	species	2000	Streptosporangium	genus
1260625	strain	418719	Marinobacter salsuginis	species
1260453	species	1386	Bacillus	genus
1260356	strain	1351	Enterococcus faecalis	species
1260251	strain	1335746	Spiribacter salinus	species
1260223	strain	813	Chlamydia trachomatis	species
1260222	strain	813	Chlamydia trachomatis	species
1260	species	150022	Finegoldia	genus
1259795	strain	108819	Coprothermobacter platensis	species
1259734	genus	85023	Microbacteriaceae	family
1258574	strain	315405	Streptococcus gallolyticus	species
1258	species	162289	Peptoniphilus	genus
1257041	strain	1309	Streptococcus mutans	species
1257	genus	186804	Peptostreptococcaceae	family
1256908	strain	39490	Eubacterium ramulus	species
125627	species	2212731	Thiofilum	genus
125614	species	2212691	Thiolinea	genus
125602	species	896	Desulfococcus	genus
1255705	strain	549685	Bavariicoccus seileri	species
1255656	strain	343512	Agrococcus casei	species
1255645	strain	29380	Staphylococcus caprae	species
1255639	strain	47848	Brachybacterium tyrofermentans	species
1255638	strain	47845	Brachybacterium alimentarium	species
1255633	strain	54914	Brevibacillus parabrevis	species
1255631	strain	228574	Paenibacillus lactis	species
1255625	strain	33889	Brevibacterium casei	species
1255617	strain	1703	Brevibacterium linens	species
1255616	strain	31943	Brevibacterium iodinum	species
1255579	strain	673372	Vibrio casei	species
1255280	strain	545890	Alicyclobacillus aeris	species
1255279	strain	1457	Alicyclobacillus cycloheptanicus	species
1255278	strain	32002	Achromobacter denitrificans	species
1255277	strain	182455	Alicyclobacillus acidiphilus	species
1255043	strain	186931	Thioalkalivibrio nitratireducens	species
1255	species	1253	Pediococcus	genus
1254439	strain	33905	Bifidobacterium thermophilum	species
1254432	strain	56	Sorangium cellulosum	species
1254	species	1253	Pediococcus	genus
125288	species	125287	Ornithinimicrobium	genus
125287	genus	2805590	Ornithinimicrobiaceae	family
125216	genus	433	Acetobacteraceae	family
1252	species	1243	Leuconostoc	genus
1251	species	1243	Leuconostoc	genus
1250539	species	263377	Salipiger	genus
1250339	strain	57975	Burkholderia thailandensis	species
1250278	species	143222	Salegentibacter	genus
1250232	species	111500	Allomuricauda	genus
1250198	species	104267	Tenacibaculum	genus
1250046	species	112040	Zobellia	genus
1250006	species	52959	Polaribacter	genus
1250004	species	49277	Psychroserpens	genus
125	species	123	Pirellula	genus
1249999	species	291183	Lacinutrix	genus
1249996	species	326319	Dokdonia	genus
1249990	species	363408	Nonlabens	genus
1249981	species	244698	Gillisia	genus
1249978	species	292691	Christiangramia	genus
1249977	species	363408	Nonlabens	genus
1249975	species	244698	Gillisia	genus
1249668	strain	101571	Burkholderia ubonensis	species
1249667	strain	57975	Burkholderia thailandensis	species
1249665	strain	57975	Burkholderia thailandensis	species
1249663	strain	57975	Burkholderia thailandensis	species
1249662	strain	57975	Burkholderia thailandensis	species
1249661	strain	57975	Burkholderia thailandensis	species
1249660	strain	57975	Burkholderia thailandensis	species
1249659	strain	28450	Burkholderia pseudomallei	species
1249656	strain	945	Ehrlichia chaffeensis	species
1249655	strain	945	Ehrlichia chaffeensis	species
1249654	strain	945	Ehrlichia chaffeensis	species
1249653	strain	945	Ehrlichia chaffeensis	species
1249652	strain	945	Ehrlichia chaffeensis	species
1249651	strain	945	Ehrlichia chaffeensis	species
1249650	strain	945	Ehrlichia chaffeensis	species
1249634	strain	615	Serratia marcescens	species
1249614	strain	76860	Streptococcus constellatus	species
1249553	species	1537406	Bacterioplanes	genus
1249552	species	1524249	Pseudohongiella	genus
1249531	strain	75985	Mannheimia haemolytica	species
1249526	strain	75985	Mannheimia haemolytica	species
1249480	species	286130	Sulfuricurvum	genus
1249477	strain	28450	Burkholderia pseudomallei	species
1249474	strain	28450	Burkholderia pseudomallei	species
1249471	strain	28450	Burkholderia pseudomallei	species
1249	species	46255	Weissella	genus
1248915	strain	562	Escherichia coli	species
1248902	strain	562	Escherichia coli	species
1248726	strain	210	Helicobacter pylori	species
1248725	strain	210	Helicobacter pylori	species
1248440	strain	37453	Polaribacter franzmannii	species
1248439	strain	142058	Anaplasma ovis	species
124798	species	33882	Microbacterium	genus
1247867	species	74030	Roseovarius	genus
1247726	strain	302406	Advenella mimigardefordensis	species
1247714	species	33882	Microbacterium	genus
1247649	strain	35814	Bordetella holmesii	species
1247517	species	33882	Microbacterium	genus
1247511	species	1041	Erythrobacter	genus
1247189	strain	1334	Streptococcus dysgalactiae	species
1247	species	46254	Oenococcus	genus
1246995	strain	196914	Actinoplanes friuliensis	species
1246955	strain	171284	Mycoplasmopsis cynos	species
1246626	strain	300825	Shouchella lehensis	species
1246485	strain	245836	Nocardiopsis salina	species
1246484	species	45667	Halobacillus	genus
1246475	strain	280239	Nocardiopsis chromatogenes	species
1246474	strain	124285	Nocardiopsis xinjiangensis	species
1246461	strain	225762	Nocardiopsis alkaliphila	species
1246460	strain	53441	Nocardiopsis lucentensis	species
1246458	species	2013	Nocardiopsis	genus
1246448	strain	239974	Nocardiopsis valliformis	species
1246445	strain	141693	Nocardiopsis kunsanensis	species
1246444	strain	124252	Nocardiopsis halotolerans	species
1246365	strain	1307	Streptococcus suis	species
1246301	strain	34073	Variovorax paradoxus	species
1246	species	1243	Leuconostoc	genus
1245910	species	64895	Borreliella	genus
1245591	species	1245590	Mariniradius	genus
1245476	strain	61305	Nocardiopsis synnemataformans	species
1245475	strain	2015	Nocardiopsis prasina	species
1245472	strain	141692	Nocardiopsis halophila	species
1245471	strain	53412	Pseudomonas resinovorans	species
1245469	strain	44255	Bradyrhizobium oligotrophicum	species
1245	species	1243	Leuconostoc	genus
1244531	species	194	Campylobacter	genus
1244528	strain	196	Campylobacter fetus	species
1244085	strain	573	Klebsiella pneumoniae	species
1244	species	1243	Leuconostoc	genus
1243664	species	1386	Bacillus	genus
1243662	species	44249	Paenibacillus	genus
1243	genus	33958	Lactobacillaceae	family
1242992	species	171	Leptospira	genus
1242990	species	171	Leptospira	genus
1242864	strain	43	Cystobacter fuscus	species
124285	species	2013	Nocardiopsis	genus
1242734	genus	53434	Halobacteroidaceae	family
124252	species	2013	Nocardiopsis	genus
1242253	strain	449659	Ligilactobacillus pobuzihii	species
124225	species	124224	Brackiella	genus
1242247	strain	1710	Cellulosimicrobium cellulans	species
1242245	strain	40214	Acinetobacter johnsonii	species
1241935	strain	43080	Sulfolobus islandicus	species
1241583	strain	28450	Burkholderia pseudomallei	species
1241582	strain	57975	Burkholderia thailandensis	species
1241326	genus	1921568	Micropepsaceae	family
1240980	strain	196	Campylobacter fetus	species
1240471	strain	251542	Candidatus Blochmannia chromaiodes	species
1240349	strain	1830	Rhodococcus ruber	species
124	species	265487	Blastopirellula	genus
1239962	strain	1245591	Mariniradius saccharolyticus	species
1239934	strain	29518	Borreliella afzelii	species
1239881	strain	91844	Candidatus Portiera aleyrodidarum	species
1239307	species	84565	Sodalis	genus
1238993	strain	2104	Mycoplasmoides pneumoniae	species
123899	species	517	Bordetella	genus
123841	species	209	Helicobacter	genus
123839	species	724	Haemophilus	genus
123833	strain	727	Haemophilus influenzae	species
123832	strain	727	Haemophilus influenzae	species
1238186	strain	664638	Leucobacter salsicius	species
1238184	strain	746691	Oceanobacillus kimchii	species
1238182	strain	859058	Caenispirillum salinarum	species
1238180	strain	36819	Amycolatopsis azurea	species
1238	species	1237	Piscirickettsia	genus
1237860	strain	1802	Mycolicibacterium farcinogenes	species
123783	species	63742	Natrialba	genus
1237500	strain	239984	Nocardiopsis ganjiahuensis	species
1237498	species	1073986	Halobellus	genus
1237149	strain	881893	Fulvivirga imtechensis	species
1237	genus	135616	Piscirickettsiaceae	family
1236989	strain	472113	Geofilum rubicundum	species
1236979	strain	570161	Marinifilum fragile	species
1236978	strain	1282	Staphylococcus epidermidis	species
1236976	strain	669461	Paenibacillus pini	species
1236975	strain	1482	Virgibacillus halodenitrificans	species
1236974	species	44249	Paenibacillus	genus
1236973	strain	1411	Halalkalibacter akibai	species
1236972	strain	47958	Methylorubrum thiocyanatum	species
1236971	strain	127886	Halalkalibacter hemicellulosilyticus	species
1236970	strain	127891	Halalkalibacter wakoensis	species
1236969	strain	29428	Methylorubrum rhodinum	species
1236962	strain	258256	Pseudovibrio denitrificans	species
1236961	strain	164759	Diaphorobacter nitroreducens	species
1236960	strain	86184	Stenotrophomonas pictorum	species
1236959	strain	406	Methylobacillus glycogenes	species
1236958	strain	418853	Sneathiella glossodoripedis	species
1236956	strain	984307	Paraburkholderia kururiensis	species
1236954	strain	1418	Caldalkalibacillus mannanilyticus	species
1236909	strain	77038	Wolbachia endosymbiont of Drosophila simulans	species
1236908	strain	77038	Wolbachia endosymbiont of Drosophila simulans	species
1236903	strain	2209	Methanosarcina mazei	species
1236770	species	89966	Hymenobacter	genus
1236689	strain	1291540	Methanomethylophilus alvi	species
1236609	strain	56425	Mycobacterium bohemicum	species
1236608	strain	480	Moraxella catarrhalis	species
1236548	strain	483913	Bacillus inaquosorum	species
1236544	strain	38313	Shewanella algae	species
1236543	strain	24	Shewanella putrefaciens	species
1236542	strain	487319	Shewanella marina	species
1236541	strain	38313	Shewanella algae	species
1236540	strain	314319	Prolixibacter bellariivorans	species
1236535	strain	446	Legionella pneumophila	species
1236530	strain	287	Pseudomonas aeruginosa	species
1236529	strain	287	Pseudomonas aeruginosa	species
1236527	strain	562	Escherichia coli	species
1236526	strain	266762	Porphyromonas gingivicanis	species
1236525	strain	610243	Asaia platycodi	species
1236524	strain	562	Escherichia coli	species
1236523	strain	28901	Salmonella enterica	species
1236522	strain	562	Escherichia coli	species
1236521	strain	28115	Porphyromonas macacae	species
1236520	strain	36874	Porphyromonas cangingivalis	species
1236518	strain	589437	Prevotella scopos	species
1236517	strain	589436	Prevotella fusca	species
1236516	strain	633701	Hoylesella saccharolytica	species
1236514	strain	871324	Bacteroides stercorirosoris	species
1236513	strain	871325	Bacteroides faecichinchillae	species
1236512	strain	691816	Bacteroides rodentium	species
1236509	strain	589537	Prevotella dentasini	species
1236508	strain	596085	Prevotella aurantiaca	species
1236504	strain	470565	Prevotella histicola	species
1236503	strain	1076596	Acetobacter persici	species
1236502	strain	610245	Asaia prunellae	species
1236501	strain	1076594	Acetobacter okinawensis	species
1236500	strain	610244	Asaia astilbis	species
123650	species	33057	Thauera	genus
1236498	strain	732242	Phocaeicola paurosaccharolyticus	species
1236497	strain	28136	Segatella oulorum	species
1236494	strain	407975	Hoylesella pleuritidis	species
123649	species	33057	Thauera	genus
1236483	strain	1784	Mycobacterium simiae	species
1236179	species	29580	Janthinobacterium	genus
1236159	species	237	Flavobacterium	genus
1236046	species	1184396	Mesotoga	genus
1235990	species	53335	Pantoea	genus
1235835	species	244127	Anaerotruncus	genus
1235834	strain	1158459	Kosakonia sacchari	species
1235829	strain	1314	Streptococcus pyogenes	species
1235816	strain	817	Bacteroides fragilis	species
1235815	strain	76123	Hoylesella enoeca	species
1235814	strain	85831	Bacteroides acidifaciens	species
1235813	strain	310300	Bacteroides pyogenes	species
1235811	strain	28130	Prevotella disiens	species
1235809	strain	310300	Bacteroides pyogenes	species
1235803	species	375288	Parabacteroides	genus
1235802	strain	97253	Eubacterium plexicaudatum	species
1235798	species	189330	Dorea	genus
1235797	species	459786	Oscillibacter	genus
1235795	strain	343517	Paenibacillus barengoltzii	species
1235794	strain	671266	Adlercreutzia caecimuris	species
1235790	species	1730	Eubacterium	genus
1235755	strain	558170	Salinicoccus carnicancri	species
1235591	species	1734920	Pseudorhodoplanes	genus
1235479	species	365348	Pelosinus	genus
1235461	strain	382	Sinorhizobium meliloti	species
1235457	species	48736	Ralstonia	genus
1235441	strain	280236	Nocardiopsis gilva	species
1235279	strain	394098	Bhargavaea cecembensis	species
1234898	species	1386	Bacillus	genus
1234841	species	423349	Mucilaginibacter	genus
1234679	strain	2751	Carnobacterium maltaromaticum	species
1234672	strain	943261	Komagataeibacter kakiaceti	species
1234671	strain	1076592	Acetobacter papayae	species
1234668	strain	28448	Komagataeibacter xylinus	species
1234606	species	1234605	Gayadomonas	genus
1234603	strain	1048758	Candidatus Moranella endobia	species
1234600	strain	210	Helicobacter pylori	species
1234596	strain	29519	Borreliella garinii	species
1234595	species	1960290	Pacificimonas	genus
1234409	strain	300419	Catellicoccus marimammalium	species
1234382	strain	164400	Thauera phenylacetica	species
1234381	strain	164330	Thauera aminoaromatica	species
1234380	strain	1747	Cutibacterium acnes	species
1234378	strain	29546	Lawsonia intracellularis	species
1234369	strain	85991	Chlamydia pecorum	species
1234368	strain	85991	Chlamydia pecorum	species
1234367	strain	85991	Chlamydia pecorum	species
1234365	strain	210	Helicobacter pylori	species
1234142	strain	1639	Listeria monocytogenes	species
1234141	strain	1639	Listeria monocytogenes	species
1234	genus	189779	Nitrospiraceae	family
1233873	species	129337	Geobacillus	genus
123375	genus	128827	Erysipelotrichaceae	family
1233171	strain	1490	Paraclostridium bifermentans	species
1233170	strain	1490	Paraclostridium bifermentans	species
1233100	strain	1423	Bacillus subtilis	species
1233099	strain	219748	Clostridium tunisiense	species
1232724	strain	1767	Mycobacterium intracellulare	species
1232431	species	44249	Paenibacillus	genus
1232430	species	489909	Nosocomiicoccus	genus
1232428	species	906	Megasphaera	genus
1232394	strain	263	Francisella tularensis	species
1232385	strain	92706	[Brevibacterium] flavum	species
1232383	strain	1718	Corynebacterium glutamicum	species
1232381	strain	1718	Corynebacterium glutamicum	species
123214	strain	309805	Persephonella marina	species
1232	genus	206379	Nitrosomonadaceae	family
1231932	strain	287	Pseudomonas aeruginosa	species
1231624	strain	91915	Asaia bogorensis	species
1231623	strain	444053	Tanticharoenia sakaeratensis	species
1231389	strain	1311	Streptococcus agalactiae	species
1231357	strain	257438	Gluconobacter thailandicus	species
1231353	strain	66229	Komagataeibacter intermedius	species
1231351	strain	437	Acidomonas methanolica	species
1231350	strain	50715	Acidisphaera rubrifaciens	species
1231342	strain	104099	Acetobacter orleanensis	species
1231337	species	2767891	Schleiferilactobacillus	genus
1231336	strain	1231337	Schleiferilactobacillus shenzhenensis	species
1231186	strain	472175	Nitratireductor basaltis	species
1231185	strain	204799	Nitratireductor aquibiodomus	species
1231184	strain	430679	Nitratireductor kimnyeongensis	species
1231180	species	245876	Nitratireductor	genus
1231072	strain	1513	Clostridium tetani	species
1231057	species	651660	Paenisporosarcina	genus
1231000	species	1716	Corynebacterium	genus
1231	species	35798	Nitrosospira	genus
1230998	species	1716	Corynebacterium	genus
1230587	strain	382	Sinorhizobium meliloti	species
1230476	species	374	Bradyrhizobium	genus
1230460	strain	388259	Natronorubrum sulfidifaciens	species
1230459	strain	419186	Natrinema gari	species
1230458	strain	160846	Natrialba taiwanensis	species
1230457	strain	370323	Natrinema limicola	species
1230456	strain	478441	Halorubrum kocurii	species
1230454	strain	368623	Halorubrum aidingense	species
1230453	strain	403191	Haloferax elongans	species
1230452	strain	2254	Haloferax lucentense	species
1230451	strain	43776	Haloarcula argentinensis	species
1230342	strain	1553	Clostridium tetanomorphum	species
1230341	species	351195	Salimicrobium	genus
1230340	strain	1639	Listeria monocytogenes	species
123	genus	2691357	Pirellulaceae	family
1229971	species	1229970	Glaciimonas	genus
1229909	species	338191	Nitrosopumilus	genus
1229908	strain	1510466	Candidatus Nitrosopumilus koreensis	species
1229831	strain	1457141	Chlamydia avium	species
1229785	strain	28450	Burkholderia pseudomallei	species
1229758	strain	1252	Leuconostoc carnosum	species
1229756	strain	1244	Leuconostoc gelidum	species
1229727	species	263377	Salipiger	genus
1229726	strain	1486245	Christiangramia flava	species
1229520	species	99906	Alkalibacterium	genus
1229512	strain	1653831	Blattabacterium cuenoti	species
1229494	strain	766224	Vibrio jasicida	species
1229493	strain	696485	Vibrio owensii	species
1229492	strain	1280	Staphylococcus aureus	species
1229281	strain	1254	Pediococcus acidilactici	species
1229205	strain	252970	Paraburkholderia phenoliruptrix	species
1229	species	1227	Nitrosococcus	genus
1228997	strain	34085	Riemerella anatipestifer	species
1227812	strain	1238	Piscirickettsia salmonis	species
1227739	strain	1446467	Hymenobacter swuensis	species
1227555	species	2276	Pyrobaculum	genus
1227553	strain	884155	Meiothermus hypogaeus	species
1227551	strain	863370	Meiothermus granaticius	species
1227550	strain	227924	Oceanithermus desulfurans	species
1227500	strain	61858	Natronorubrum bangense	species
1227499	strain	253107	Natronolimnohabitans innermongolicus	species
1227498	strain	413812	Natronococcus jeotgali	species
1227497	strain	44470	Natronococcus amylolyticus	species
1227496	strain	88724	Natrinema versiforme	species
1227495	strain	69527	Natrinema pallidum	species
1227494	strain	222984	Natrinema altunense	species
1227493	strain	123783	Natrialba hulunbeirensis	species
1227492	strain	68911	Natrialba chahannaoensis	species
1227491	strain	129789	Natrialba aegyptia	species
1227490	strain	332953	Halovivax asiaticus	species
1227488	strain	504937	Haloterrigena salina	species
1227487	strain	411361	Halogeometricum pallidum	species
1227485	strain	119434	Halorubrum tebenquichense	species
1227484	strain	2248	Halorubrum saccharovorum	species
1227482	strain	368624	Halorubrum lipolyticum	species
1227468	strain	29283	Halorubrum distributum	species
1227466	strain	64713	Halorubrum coriense	species
1227465	strain	416585	Halorubrum californiense	species
1227461	strain	381852	Haloferax prahovense	species
1227460	strain	302484	Haloferax larsenii	species
1227459	strain	35746	Haloferax gibbonsii	species
1227458	strain	114529	Haloferax alexandrinus	species
1227457	strain	335952	Halococcus thailandensis	species
1227456	strain	36738	Halococcus salifodinae	species
1227455	strain	62319	Halococcus saccharolyticus	species
1227454	strain	130048	Halobiforma nitratireducens	species
1227453	strain	29282	Haloarcula japonica	species
1227452	strain	396317	Haloarcula amylolytica	species
1227	genus	1046	Chromatiaceae	family
1226968	species	191	Azospirillum	genus
1226757	species	1883	Streptomyces	genus
1226753	strain	56689	Mycolicibacterium mucogenicum	species
1226752	strain	152142	Mycolicibacterium holsaticum	species
1226751	strain	85693	Mycolicibacterium monacense	species
1226750	strain	1771	Mycolicibacterium phlei	species
1226679	strain	1579	Lactobacillus acidophilus	species
1226676	strain	1579	Lactobacillus acidophilus	species
1226665	strain	438	Acetobacter pasteurianus	species
1226664	strain	438	Acetobacter pasteurianus	species
1226663	strain	438	Acetobacter pasteurianus	species
1226327	species	469	Acinetobacter	genus
1226325	species	1485	Clostridium	genus
1226324	species	572511	Blautia	genus
1226323	species	459786	Oscillibacter	genus
122587	strain	487	Neisseria meningitidis	species
122586	strain	487	Neisseria meningitidis	species
1225788	strain	492670	Bacillus velezensis	species
1225786	strain	1089444	Dickeya solani	species
1225522	strain	28901	Salmonella enterica	species
1225341	species	331971	Thalassobacillus	genus
1225181	strain	573	Klebsiella pneumoniae	species
1225179	strain	803	Bartonella quintana	species
1225176	strain	645110	Cecembia lonarensis	species
1225174	strain	300	Pseudomonas mendocina	species
1224748	strain	412383	Solibacillus isronensis	species
1224746	strain	442	Gluconobacter oxydans	species
1224744	strain	414	Methylococcus capsulatus	species
1224743	strain	190895	Vibrio rotiferianus	species
1224742	strain	680	Vibrio campbellii	species
1224164	strain	38305	Corynebacterium vitaeruminis	species
1224163	strain	575200	Corynebacterium maris	species
1224162	strain	349751	Corynebacterium marinum	species
1223802	strain	748811	Sulfuritalea hydrogenivorans	species
1223574	strain	204038	Dickeya dadantii	species
1223573	strain	204042	Dickeya zeae	species
1223572	strain	204038	Dickeya dadantii	species
122357	species	1142	Synechocystis	genus
1223569	strain	556	Dickeya chrysanthemi	species
1223568	strain	204039	Dickeya dianthicola	species
1223566	species	374	Bradyrhizobium	genus
122356	species	1142	Synechocystis	genus
1223550	strain	941182	Nocardia violaceofusca	species
122355	species	286	Pseudomonas	genus
1223549	strain	941183	Nocardia fusca	species
1223548	strain	508464	Nocardia mikamii	species
1223547	strain	426716	Nocardia rhamnosiphila	species
1223546	strain	931537	Nocardia grenadensis	species
1223545	strain	320799	Gordonia soli	species
1223544	strain	173559	Gordonia sihwensis	species
1223543	strain	175628	Gordonia paraffinivorans	species
1223542	strain	410332	Gordonia malaquae	species
1223541	strain	40516	Gordonia hydrophobica	species
1223540	strain	89051	Gordonia desulfuricans	species
1223530	strain	574963	Wandonia haliotis	species
1223529	strain	199592	Microbacterium paraoxydans	species
1223528	strain	273677	Microbacterium oleivorans	species
1223527	strain	273678	Microbacterium hydrocarbonoxydans	species
1223526	strain	331526	Kribbia dieselivorans	species
1223525	strain	60921	Sanguibacter suarezii	species
1223523	strain	35621	Streptomyces mobaraensis	species
1223522	strain	2021	Thermobifida fusca	species
1223521	strain	290309	Comamonas granuli	species
1223520	strain	661190	Neokomagataea thailandica	species
1223519	strain	661191	Neokomagataea tanensis	species
1223518	strain	401558	Deinococcus cellulosilyticus	species
1223517	strain	395387	Curtobacterium ammoniigenes	species
1223516	strain	130796	Crossiella equi	species
1223515	strain	1223514	Corynebacterium humireducens	species
1223513	strain	1725	Corynebacterium xerosis	species
1223512	strain	38301	Corynebacterium minutissimum	species
1223511	strain	54011	Pseudonocardia sulfidoxydans	species
1223509	strain	76862	Cellulomonas iranensis	species
1223507	strain	519424	Alkalihalobacillus trypoxylicola	species
1223505	strain	156977	Microbacterium resistens	species
1223504	strain	582	Morganella morganii	species
1223503	strain	153151	Parageobacillus toebii	species
1223502	strain	235932	Geobacillus jurassicus	species
1223500	strain	55601	Vibrio anguillarum	species
1223499	strain	1810	Mycolicibacterium vaccae	species
1223495	strain	80842	Herbaspirillum rubrisubalbicans	species
1223494	strain	71453	Tetragenococcus solitarius	species
1223489	strain	626084	Nocardia niwae	species
1223	species	1222	Prochlorothrix	genus
122277	genus	1903410	Pectobacteriaceae	family
1222034	strain	75985	Mannheimia haemolytica	species
1222	genus	2303730	Prochlorotrichaceae	family
1221996	species	1386	Bacillus	genus
1221877	strain	83554	Chlamydia psittaci	species
1221524	strain	33910	Amycolatopsis mediterranei	species
1221500	species	1329200	Fictibacillus	genus
1221328	strain	1423	Bacillus subtilis	species
1221209	genus	403	Methylococcaceae	family
1220703	species	44249	Paenibacillus	genus
1220596	strain	213419	Geobacillus zalihae	species
1220595	strain	1462	Geobacillus kaustophilus	species
1220594	strain	81408	Parageobacillus caldoxylosilyticus	species
1220593	strain	40324	Stenotrophomonas maltophilia	species
1220591	strain	119858	Bacillus sonorensis	species
1220590	strain	1479	Bacillus smithii	species
1220589	strain	202611	Lysinibacillus odysseyi	species
1220588	strain	199441	Halalkalibacter krulwichiae	species
1220587	strain	1452	Bacillus atrophaeus	species
1220586	strain	360185	Amphibacillus sediminis	species
1220584	strain	661329	Herbiconiux solani	species
1220583	strain	36820	Gordonia aichiensis	species
1220581	strain	359	Rhizobium rhizogenes	species
1220579	strain	28448	Komagataeibacter xylinus	species
1220578	strain	549295	Flavihumibacter petaseus	species
1220577	strain	180282	Delftia tsuruhatensis	species
1220576	strain	1010	Sphingobacterium mizutaii	species
1220575	strain	34087	Sphingobacterium faecium	species
1220574	strain	89053	Gordonia amicalis	species
1220573	strain	392014	Alicyclobacillus shizuokensis	species
1220572	strain	192387	Alicyclobacillus sendaiensis	species
1220571	strain	392012	Alicyclobacillus kakegawensis	species
1220570	strain	549	Pantoea agglomerans	species
1220569	strain	1993	Actinomadura madurae	species
1220568	strain	121608	Paenibacillus koleovorans	species
1220566	strain	59841	Paenibacillus kobensis	species
1220565	strain	126569	Paenibacillus glycanilyticus	species
1220564	strain	46164	Actinomadura macra	species
1220563	strain	163603	Actinomadura latina	species
1220562	strain	79264	Paenibacillus ehimensis	species
1220561	strain	46161	Actinomadura kijaniata	species
1220560	strain	59842	Paenibacillus chondroitinus	species
1220559	strain	68565	Actinomadura hibisca	species
1220558	strain	79263	Paenibacillus chitinolyticus	species
1220557	strain	60706	Actinomadura formosensis	species
1220556	strain	343517	Paenibacillus barengoltzii	species
1220554	strain	392828	Actinomadura chibensis	species
1220553	strain	53429	Nocardia flavorosea	species
1220533	strain	1423	Bacillus subtilis	species
1220495	species	286	Pseudomonas	genus
122	species	1649453	Gimesia	genus
1219383	species	469	Acinetobacter	genus
1219382	species	469	Acinetobacter	genus
1219375	strain	56450	Xanthomonas cassavae	species
1219362	strain	85044	Williamsia muralis	species
1219361	strain	264148	Millisia brevis	species
1219360	strain	55211	Erwinia persicina	species
1219359	strain	552	Erwinia amylovora	species
1219356	strain	86174	Thauera butanivorans	species
1219085	strain	61646	Lelliottia amnigena	species
1219080	strain	252583	Vibrio ezurae	species
1219078	strain	413401	Vibrio comitans	species
1219077	strain	512649	Vibrio azureus	species
1219076	strain	663	Vibrio alginolyticus	species
1219075	strain	28171	Vibrio aestuarianus	species
1219074	strain	676	Vibrio fluvialis	species
1219072	strain	71388	Vibrio halioticoli	species
1219071	strain	669	Vibrio harveyi	species
1219070	strain	413402	Vibrio inusitatus	species
1219068	strain	693	Vibrio nereis	species
1219067	strain	691	Vibrio natriegens	species
1219066	strain	670	Vibrio parahaemolyticus	species
1219065	strain	671	Vibrio proteolyticus	species
1219064	strain	512650	Vibrio sagamiensis	species
1219063	strain	413403	Vibrio rarus	species
1219062	strain	198815	Vibrio superstes	species
1219061	strain	672	Vibrio vulnificus	species
1219060	strain	267128	Sphingopyxis granuli	species
1219059	strain	53317	Sphingomonas trueperi	species
1219058	strain	33052	Sphingopyxis terrae	species
1219057	strain	48936	Novosphingobium subterraneum	species
1219056	strain	13656	Rhizorhapis suberifaciens	species
1219055	strain	266127	Sphingomonas soli	species
1219054	strain	33051	Sphingomonas sanguinis	species
1219053	strain	76978	Novosphingobium rosa	species
1219052	strain	40683	Sphingomonas pruni	species
1219051	strain	99597	Sphingomonas pituitosa	species
1219050	strain	13689	Sphingomonas paucimobilis	species
1219049	strain	28213	Sphingomonas parapaucimobilis	species
1219048	strain	40682	Sphingomonas mali	species
1219047	strain	33050	Sphingopyxis macrogoltabida	species
1219046	strain	93064	Sphingomonas koreensis	species
1219045	strain	76947	Sphingobium herbicidovorans	species
1219044	strain	46429	Sphingobium chlorophenolicum	species
1219043	strain	529705	Sphingomonas changbaiensis	species
1219042	strain	13688	Novosphingobium capsulatum	species
1219041	strain	330920	Sphingomonas azotifigens	species
1219040	strain	40681	Sphingomonas asaccharolytica	species
1219039	strain	93063	Sphingomonas aquatilis	species
1219038	strain	28212	Sphingomonas adhaesiva	species
1219036	strain	86193	Sphingobium abikonense	species
1219035	strain	169176	Caenibius tardaugens	species
1219034	strain	273168	Novosphingobium naphthalenivorans	species
1219032	strain	32013	Comamonas terrigena	species
1219030	strain	43772	Rhodococcus zopfii	species
1219029	strain	278209	Rhodococcus yunnanensis	species
1219028	strain	44752	Rhodococcus wratislaviensis	species
1219027	strain	168276	Rhodococcus tukisamuensis	species
1219026	strain	300028	Rhodococcus triatomae	species
1219025	strain	1830	Rhodococcus ruber	species
1219024	strain	1829	Rhodococcus rhodochrous	species
1219023	strain	38312	Rhodococcus rhodnii	species
1219020	strain	38311	Rhodococcus marinonascens	species
1219019	strain	183556	Rhodococcus maanshanensis	species
1219017	strain	132919	Rhodococcus jostii	species
1219016	strain	33008	Rhodococcus globerulus	species
1219015	strain	1828	Rhodococcus fascians	species
1219014	strain	1833	Rhodococcus erythropolis	species
1219012	strain	53972	Rhodococcus corynebacterioides	species
1219011	strain	38310	Rhodococcus coprophilus	species
1219010	strain	172041	Rhodococcus baikonurensis	species
1219	species	1218	Prochlorococcus	genus
1218933	strain	554	Pectobacterium carotovorum	species
121872	species	88723	Natrinema	genus
121871	genus	1644061	Natrialbaceae	family
1218600	species	171	Leptospira	genus
1218508	species	2767878	Bombilactobacillus	genus
1218495	species	2767877	Apilactobacillus	genus
1218493	species	1578	Lactobacillus	genus
1218492	species	2767878	Bombilactobacillus	genus
1218358	strain	83554	Chlamydia psittaci	species
1218357	strain	83554	Chlamydia psittaci	species
1218356	strain	83554	Chlamydia psittaci	species
1218355	strain	83554	Chlamydia psittaci	species
1218354	strain	83554	Chlamydia psittaci	species
1218353	strain	83554	Chlamydia psittaci	species
1218315	species	234	Brucella	genus
1218215	species	1386	Bacillus	genus
121820	genus	31989	Paracoccaceae	family
1218176	strain	83554	Chlamydia psittaci	species
1218175	strain	1428	Bacillus thuringiensis	species
1218173	strain	1445	Alkalihalobacillus alcalophilus	species
1218115	strain	134536	Paraburkholderia caledonica	species
1218114	strain	329	Ralstonia pickettii	species
1218113	strain	61648	Kluyvera intermedia	species
1218112	strain	580	Kluyvera cryocrescens	species
1218111	strain	996	Flavobacterium columnare	species
1218110	strain	55197	Flavobacterium branchiophilum	species
1218109	strain	1750	Arachnia propionica	species
1218108	strain	247	Empedobacter brevis	species
1218107	strain	80866	Delftia acidovorans	species
1218105	strain	106590	Cupriavidus necator	species
1218102	strain	511	Alcaligenes faecalis	species
1218101	strain	633	Yersinia pseudotuberculosis	species
1218100	strain	630	Yersinia enterocolitica	species
1218098	strain	573	Klebsiella pneumoniae	species
1218097	strain	571	Klebsiella oxytoca	species
1218096	strain	61652	Serratia rubidaea	species
1218095	strain	82996	Serratia plymuthica	species
1218094	strain	82995	Serratia grimesii	species
1218093	strain	71452	Enterococcus raffinosus	species
1218092	strain	44007	Enterococcus pseudoavium	species
1218091	strain	1353	Enterococcus gallinarum	species
1218090	strain	1352	Enterococcus faecium	species
1218088	strain	53345	Enterococcus durans	species
1218087	strain	37734	Enterococcus casseliflavus	species
1218085	strain	67825	Citrobacter rodentium	species
1218084	strain	311230	Paraburkholderia terrae	species
1218083	strain	614212	Paraburkholderia oxyphila	species
1218080	strain	634127	Paraburkholderia heleia	species
1218079	strain	28095	Burkholderia gladioli	species
1218078	strain	311231	Paraburkholderia ginsengisoli	species
1218077	strain	134537	Paraburkholderia fungorum	species
1218074	strain	660537	Paraburkholderia acidipaludis	species
1218073	strain	221992	Cupriavidus numazuensis	species
1218	genus	2881426	Prochlorococcaceae	family
1217988	strain	108981	Acinetobacter schindleri	species
1217986	strain	29430	Acinetobacter haemolyticus	species
1217985	strain	106654	Acinetobacter nosocomialis	species
1217984	strain	1396	Bacillus cereus	species
1217908	species	53945	Octadecabacter	genus
1217737	strain	1428	Bacillus thuringiensis	species
1217721	strain	231455	Dyella japonica	species
1217718	species	106589	Cupriavidus	genus
1217716	strain	108980	Acinetobacter ursingii	species
1217715	strain	1435036	Acinetobacter bohemicus	species
1217714	species	469	Acinetobacter	genus
1217708	species	469	Acinetobacter	genus
1217707	species	469	Acinetobacter	genus
1217704	species	469	Acinetobacter	genus
1217694	species	469	Acinetobacter	genus
1217692	species	469	Acinetobacter	genus
1217688	species	469	Acinetobacter	genus
1217677	strain	487316	Acinetobacter soli	species
1217676	strain	487316	Acinetobacter soli	species
1217675	strain	108981	Acinetobacter schindleri	species
1217674	strain	40216	Acinetobacter radioresistens	species
1217673	strain	48296	Acinetobacter pittii	species
1217671	strain	134533	Acinetobacter parvus	species
1217670	strain	106654	Acinetobacter nosocomialis	species
1217669	strain	28090	Acinetobacter lwoffii	species
1217668	strain	28090	Acinetobacter lwoffii	species
1217666	strain	40215	Acinetobacter junii	species
1217665	strain	40215	Acinetobacter junii	species
1217663	strain	40214	Acinetobacter johnsonii	species
1217662	strain	40214	Acinetobacter johnsonii	species
1217659	strain	29430	Acinetobacter haemolyticus	species
1217658	strain	134534	Acinetobacter gyllenbergii	species
1217656	strain	106649	Acinetobacter guillouiae	species
1217655	strain	106649	Acinetobacter guillouiae	species
1217654	strain	471	Acinetobacter calcoaceticus	species
1217653	strain	471	Acinetobacter calcoaceticus	species
1217651	strain	106648	Acinetobacter bereziniae	species
1217648	strain	262668	Acinetobacter beijerinckii	species
1217647	strain	470	Acinetobacter baumannii	species
1217646	strain	470	Acinetobacter baumannii	species
1217645	strain	470	Acinetobacter baumannii	species
1217644	strain	470	Acinetobacter baumannii	species
1217643	strain	470	Acinetobacter baumannii	species
1217642	strain	470	Acinetobacter baumannii	species
1217641	strain	470	Acinetobacter baumannii	species
1217640	strain	470	Acinetobacter baumannii	species
1217639	strain	470	Acinetobacter baumannii	species
1217638	strain	470	Acinetobacter baumannii	species
1217637	strain	470	Acinetobacter baumannii	species
1217636	strain	470	Acinetobacter baumannii	species
1217635	strain	470	Acinetobacter baumannii	species
1217634	strain	470	Acinetobacter baumannii	species
1217633	strain	470	Acinetobacter baumannii	species
1217632	strain	470	Acinetobacter baumannii	species
1217631	strain	470	Acinetobacter baumannii	species
1217630	strain	470	Acinetobacter baumannii	species
1217629	strain	470	Acinetobacter baumannii	species
1217628	strain	470	Acinetobacter baumannii	species
1217627	strain	470	Acinetobacter baumannii	species
1217420	strain	1584	Lactobacillus delbrueckii	species
1217416	genus	1706372	Halieaceae	family
121723	species	657	Photobacterium	genus
121719	species	227873	Pannonibacter	genus
1217101	genus	1217100	Jiangellaceae	family
1216980	strain	645	Aeromonas salmonicida	species
1216979	strain	1376	Aerococcus urinae	species
1216978	strain	158822	Cedecea neteri	species
1216977	strain	72556	Achromobacter piechaudii	species
1216976	strain	85698	Achromobacter xylosoxidans	species
1216975	strain	257984	Glutamicibacter mysorens	species
1216974	strain	156980	Arthrobacter woluwensis	species
1216973	strain	98672	Arthrobacter luteolus	species
1216972	strain	103817	Janibacter terrae	species
1216971	strain	262209	Janibacter melonis	species
1216970	strain	53458	Janibacter limosus	species
1216969	strain	415212	Janibacter corallicola	species
1216968	strain	319054	Janibacter anophelis	species
1216967	strain	238	Elizabethkingia meningoseptica	species
1216966	strain	93378	Edwardsiella hoshinae	species
1216962	strain	35817	Helicobacter heilmannii	species
1216932	species	1485	Clostridium	genus
1216362	strain	1583098	Fusobacterium hwasookii	species
121620	species	53365	Catellatospora	genus
121616	species	1873	Micromonospora	genus
121612	species	5073	Penicillium	genus
1216008	species	29331	Amphibacillus	genus
1216006	strain	92172	Vibrio aerogenes	species
1216	species	1214	Prochloron	genus
1215915	strain	1366	Lactococcus raffinolactis	species
1215914	strain	1582	Lacticaseibacillus casei	species
1215384	species	374	Bradyrhizobium	genus
1215343	strain	1273132	Liberibacter crescens	species
1215118	strain	47883	Pseudomonas synxantha	species
1215117	strain	47882	Pseudomonas straminea	species
1215115	strain	70775	Pseudomonas plecoglossicida	species
1215114	strain	157782	Pseudomonas parafulva	species
1215113	strain	47885	Pseudomonas oryzihabitans	species
1215112	strain	46680	Pseudomonas nitroreducens	species
1215111	strain	46679	Pseudomonas mucidolens	species
1215110	strain	76759	Pseudomonas monteilii	species
1215109	strain	78543	Pseudomonas migulae	species
1215108	strain	300	Pseudomonas mendocina	species
1215107	strain	75612	Pseudomonas mandelii	species
1215106	strain	47886	Pseudomonas luteola	species
1215105	strain	198616	Pseudomonas jinjuensis	species
1215104	strain	256466	Pseudomonas japonica	species
1215103	strain	137658	Pseudomonas indica	species
1215102	strain	47880	Pseudomonas fulva	species
1215100	strain	294	Pseudomonas fluorescens	species
1215099	strain	29435	Pseudomonas flavescens	species
1215098	strain	157783	Pseudomonas cremoricolorata	species
1215097	strain	53408	Pseudomonas citronellolis	species
1215095	strain	587753	Pseudomonas chlororaphis	species
1215094	strain	47878	Pseudomonas azotoformans	species
1215093	strain	101564	Pseudomonas alcaliphila	species
1215092	strain	43263	Pseudomonas alcaligenes	species
1215089	species	1372	Planococcus	genus
1215088	strain	303	Pseudomonas putida	species
1214604	species	432330	Tumebacillus	genus
121428	species	165695	Sphingobium	genus
1214242	strain	42684	Streptomyces collinus	species
1214227	species	146825	Halorhabdus	genus
1214160	strain	1307	Streptococcus suis	species
1214117	strain	1069827	Listeria fleischmannii	species
1214102	strain	1766	Mycolicibacterium fortuitum	species
1214101	strain	348043	Streptomyces davaonensis	species
1214	genus	1213	Prochloraceae	family
121292	species	1742993	Pseudarthrobacter	genus
121277	species	2276	Pyrobaculum	genus
1212765	strain	141391	Candidatus Mycoplasma haematolamae	species
1212764	strain	78057	Paenibacillus popilliae	species
1212545	strain	29378	Staphylococcus arlettae	species
1212491	strain	96230	Legionella fallonii	species
1212490	strain	96229	Legionella rowbothamii	species
1212489	strain	96228	Legionella drozanskii	species
1212487	strain	151416	Bosea vestrisii	species
1211843	strain	1470354	Candidatus Soleaferrea massiliensis	species
1211819	strain	1468449	Holdemania massiliensis	species
1211818	strain	1470355	Candidatus Dorea massiliensis	species
1211817	strain	1470356	Clostridium ihumii	species
1211815	strain	1470358	Candidatus Blastococcus massiliensis	species
1211813	strain	1470347	Alistipes ihumii	species
1211807	species	2901164	Stutzerimonas	genus
1211774	strain	151454	Bosea eneae	species
1211706	species	651660	Paenisporosarcina	genus
1211705	strain	670	Vibrio parahaemolyticus	species
121163	species	2529408	Schaalia	genus
1211579	strain	303	Pseudomonas putida	species
1211035	strain	292806	Ureibacillus massiliensis	species
1211025	strain	550	Enterobacter cloacae	species
1211024	strain	211460	Afipia massiliensis	species
1210908	strain	693851	Halogranum salarium	species
121038	genus	84994	Acidimicrobiaceae	family
1210101	strain	238964	Nocardia xishanensis	species
1210100	strain	53432	Nocardia uniformis	species
1210099	strain	209247	Nocardia yamanashiensis	species
1210098	strain	1822	Nocardia vaccinii	species
1210096	strain	257274	Nocardia vermiculata	species
1210095	strain	37332	Nocardia seriolae	species
1210094	strain	419477	Nocardia speluncae	species
1210093	strain	189540	Nocardia pseudovaccinii	species
1210092	strain	248552	Nocardia sienata	species
1210091	strain	356145	Nocardia ninae	species
1210090	strain	208602	Nocardia puris	species
1210089	strain	279262	Nocardia mexicana	species
1210088	strain	328049	Nocardia jejuensis	species
1210087	strain	228596	Nocardia shimofusensis	species
1210086	strain	45979	Nocardia pseudobrasiliensis	species
1210084	strain	282684	Nocardia miyunensis	species
1210083	strain	299618	Nocardia lijiangensis	species
1210082	strain	382504	Nocardia jinanensis	species
1210081	strain	37330	Nocardia nova	species
1210080	strain	236511	Nocardia neocaledoniensis	species
1210079	strain	352869	Nocardia gamkensis	species
1210078	strain	261477	Nocardia kruczakiae	species
1210077	strain	209246	Nocardia inohanensis	species
1210076	strain	37329	Nocardia farcinica	species
1210075	strain	145285	Nocardia ignorata	species
1210074	strain	358707	Nocardia harenae	species
1210072	strain	134984	Nocardia fluminea	species
1210071	strain	300029	Nocardia elegans	species
1210070	strain	184756	Nocardia caishijiensis	species
1210069	strain	356147	Nocardia coubleae	species
1210068	strain	95162	Nocardia beijingensis	species
1210067	strain	228602	Nocardia arthritidis	species
1210066	strain	404578	Nocardia amamiensis	species
1210065	strain	263910	Nocardia anaemiae	species
1210064	strain	472158	Nocardia altamirensis	species
1210063	strain	225051	Nocardia alba	species
1210062	strain	404580	Nocardia acidivorans	species
1210061	strain	134964	Nocardia africana	species
1210046	strain	364298	Janibacter hoylei	species
1210045	species	1883	Streptomyces	genus
1210006	strain	1335	Streptococcus equinus	species
1209989	strain	499229	Tepidanaerobacter acetatoxydans	species
1209988	genus	1963271	Halorubraceae	family
1209984	strain	53462	Mycolicibacterium mageritense	species
1209778	strain	1304270	Salinisphaera japonica	species
120962	species	120961	Roseiflexus	genus
120959	species	1763	Mycobacterium	genus
120957	species	1817	Nocardia	genus
1208922	strain	233181	Candidatus Kinetoplastibacterium blastocrithidii	species
1208921	strain	994695	Candidatus Kinetoplastibacterium galatii	species
1208920	strain	994696	Candidatus Kinetoplastibacterium oncopeltii	species
1208919	strain	994692	Candidatus Kinetoplastibacterium desouzaii	species
1208918	strain	33056	Candidatus Kinetoplastibacterium crithidii	species
1208660	strain	519	Bordetella parapertussis	species
1208658	strain	518	Bordetella bronchiseptica	species
1208600	species	1386	Bacillus	genus
1208599	species	1386	Bacillus	genus
1208342	strain	336203	Sphingobium fuliginis	species
1208324	species	875170	Celeribacter	genus
1208322	strain	523786	Marispirillum indicum	species
1208320	strain	187493	Thalassolituus oleivorans	species
1208314	strain	168480	Gordonia namibiensis	species
1208313	strain	746033	Piscicoccus intestinalis	species
120831	genus	2896860	Spirosomataceae	family
1208308	species	662	Vibrio	genus
1208104	strain	651	Aeromonas media	species
1207542	strain	1681	Bifidobacterium bifidum	species
1207504	species	32008	Burkholderia	genus
1207470	strain	1314	Streptococcus pyogenes	species
1207075	species	286	Pseudomonas	genus
1207063	strain	526216	Oceanibaculum indicum	species
1207041	species	135575	Idiomarina	genus
1206781	strain	44250	Paenibacillus alvei	species
1206780	strain	1773	Mycobacterium tuberculosis	species
1206777	species	286	Pseudomonas	genus
1206749	species	1206748	Nitrolancea	genus
1206744	strain	37333	Nocardia transvalensis	species
1206743	strain	132249	Nocardia veterana	species
1206742	strain	96468	Nocardia vinacea	species
1206741	strain	257281	Nocardia concava	species
1206740	strain	257275	Nocardia thailandica	species
1206739	strain	248551	Nocardia testacea	species
1206738	strain	455432	Nocardia terpenica	species
1206737	strain	228601	Nocardia pneumoniae	species
1206736	strain	228006	Nocardia tenerifensis	species
1206735	strain	259390	Nocardia takedensis	species
1206734	strain	114259	Nocardia paucivorans	species
1206733	strain	209249	Nocardia niigatensis	species
1206732	strain	1823	Nocardia otitidiscaviarum	species
1206731	strain	282685	Nocardia jiangxiensis	species
1206730	strain	228599	Nocardia higoensis	species
1206729	strain	290231	Nocardia exalbida	species
1206728	strain	135487	Nocardia cyriacigeorgica	species
1206727	strain	85688	Nocardia cerradoensis	species
1206726	strain	37328	Nocardia carnea	species
1206725	strain	37327	Nocardia brevicatena	species
1206724	strain	37326	Nocardia brasiliensis	species
1206723	strain	120957	Nocardia abscessus	species
1206722	strain	228600	Nocardia araoensis	species
1206721	strain	209252	Nocardia asiatica	species
1206720	strain	257277	Nocardia aobensis	species
1206665	species	35750	Sporichthya	genus
1206660	species	53460	Nakamurella	genus
1206657	species	1269	Micrococcus	genus
1206654	species	390250	Labedella	genus
1206644	species	195964	Asanoa	genus
1206642	species	695999	Actinophytocola	genus
120652	genus	45404	Beijerinckiaceae	family
1206106	strain	1717	Corynebacterium diphtheriae	species
1206105	strain	1351	Enterococcus faecalis	species
1206103	strain	752140	Pedobacter arcticus	species
1206	species	1205	Trichodesmium	genus
1205910	strain	53437	Nocardiopsis alba	species
120577	species	234	Brucella	genus
120576	species	234	Brucella	genus
1205683	strain	419257	Yersinia massiliensis	species
1205681	strain	481139	Bartonella rattaustraliani	species
1205680	strain	445220	Reyranella massiliensis	species
1205677	strain	78331	Mycobacterium canetti	species
1205676	strain	78331	Mycobacterium canetti	species
1205675	strain	78331	Mycobacterium canetti	species
1205674	strain	78331	Mycobacterium canetti	species
1205673	strain	225915	Paenibacillus timonensis	species
1205	genus	1892252	Microcoleaceae	family
1204738	strain	664683	Halomonas titanicae	species
1204728	strain	441151	Paenibacillus provencensis	species
1204727	strain	521520	Paenibacillus urinalis	species
1204725	strain	2162	Methanobacterium formicicum	species
1204722	strain	521392	Helcobacillus massiliensis	species
1204719	strain	555313	Phocaeicola abscessus	species
1204518	species	2005	Microbispora	genus
1204414	strain	1718	Corynebacterium glutamicum	species
120376	genus	125316	Beutenbergiaceae	family
120370	species	2737	Vagococcus	genus
1203670	strain	1311	Streptococcus agalactiae	species
1203610	strain	574930	Parabacteroides gordonii	species
1203608	strain	291645	Bacteroides nordii	species
1203606	strain	501571	Butyricicoccus pullicaecorum	species
1203593	species	29465	Veillonella	genus
1203592	species	1883	Streptomyces	genus
1203590	species	1301	Streptococcus	genus
1203578	species	286	Pseudomonas	genus
1203571	species	1743	Propionibacterium	genus
1203568	species	36739	Dermabacter	genus
1203556	species	1654	Actinomyces	genus
1203555	species	904	Acidaminococcus	genus
1203554	strain	40545	Sutterella wadsworthensis	species
1203471	species	2910589	Geotalea	genus
1203460	strain	1912	Streptomyces hygroscopicus	species
1203257	species	1883	Streptomyces	genus
1203190	strain	441500	Corynebacterium timonense	species
1203076	strain	148604	Limosilactobacillus ingluviei	species
1203069	species	1578	Lactobacillus	genus
1203033	species	1578	Lactobacillus	genus
120298	species	120212	Subtercola	genus
1202962	strain	90736	Moritella marina	species
1202724	species	237	Flavobacterium	genus
1202668	species	2767892	Secundilactobacillus	genus
1202667	species	1279	Staphylococcus	genus
1202534	strain	84031	Clostridium sartagoforme	species
1202450	strain	29311	Mycobacterium haemophilum	species
120213	species	120212	Subtercola	genus
120212	genus	85023	Microbacteriaceae	family
1201294	strain	83986	Methanoculleus bourgensis	species
1201293	strain	428031	Moritella dasanensis	species
1201292	strain	1351	Enterococcus faecalis	species
1201288	species	146784	Bacteriovorax	genus
120107	species	165695	Sphingobium	genus
1201032	strain	197	Campylobacter jejuni	species
1201011	species	2225	Methanococcoides	genus
1201010	strain	1280	Staphylococcus aureus	species
1200657	genus	216572	Oscillospiraceae	family
1200352	strain	89154	Corynebacterium terpenotabidum	species
1200346	strain	89784	Alicyclobacillus hesperidum	species
1200300	species	477695	Thermogladius	genus
1200284	strain	1280831	Falsiruegeria litorea	species
1200281	strain	1280832	Falsiruegeria mediterranea	species
120	species	1649480	Planctopirus	genus
119981	species	1743	Propionibacterium	genus
119979	genus	225059	Thermithiobacillaceae	family
119977	genus	225058	Acidithiobacillaceae	family
1199191	strain	446	Legionella pneumophila	species
1199187	strain	1764	Mycobacterium avium	species
1199150	strain	573	Klebsiella pneumoniae	species
1198676	strain	1309	Streptococcus mutans	species
119864	species	28253	Marinomonas	genus
1198630	strain	1516	Thermoanaerobacter thermohydrosulfuricus	species
1198627	strain	36809	Mycobacteroides abscessus	species
119858	species	1386	Bacillus	genus
119852	genus	216572	Oscillospiraceae	family
1198452	species	29580	Janthinobacterium	genus
1198449	strain	229980	Aeropyrum camini	species
1198247	species	1873	Micromonospora	genus
1198243	genus	28056	Micromonosporaceae	family
1198232	strain	1329899	Cycloclasticus zancles	species
1198114	strain	940615	Granulicella tundricola	species
1197906	strain	151414	Afipia birgiae	species
1197719	strain	54736	Salmonella bongori	species
1197717	species	508459	Cloacibacillus	genus
1197712	strain	151419	Bosea massiliensis	species
1197325	strain	65123	Mycoplasma wenyonii	species
1197174	strain	453835	Alishewanella aestuarii	species
1196835	strain	316	Stutzerimonas stutzeri	species
1196776	species	1386	Bacillus	genus
1196653	strain	155615	Fusobacterium vincentii	species
119644	species	89966	Hymenobacter	genus
1196325	strain	303	Pseudomonas putida	species
1196324	strain	245160	Fictibacillus macauensis	species
1196323	species	44249	Paenibacillus	genus
1196322	species	1485	Clostridium	genus
1196095	species	1193503	Gilliamella	genus
1196094	strain	1196083	Snodgrassella alvi	species
1196031	strain	665099	Cytobacillus oceanisediminis	species
1195526	genus	85023	Microbacteriaceae	family
1195464	strain	1428	Bacillus thuringiensis	species
119541	genus	31989	Paracoccaceae	family
119532	species	44471	Microcoleus	genus
1195246	strain	553384	Alishewanella agri	species
1195245	strain	53321	Desulfocapsa thiozymogenes	species
1195236	strain	29355	Ruminiclostridium cellobioparum	species
119484	species	29526	Syntrophobacter	genus
119481	species	2831	Pavlova	genus
1194526	strain	1292	Staphylococcus warneri	species
1194424	strain	542	Zymomonas mobilis	species
119434	species	56688	Halorubrum	genus
1194085	strain	1280	Staphylococcus aureus	species
1194083	strain	99481	Tetrasphaera japonica	species
119394	species	1643951	Pseudothermotoga	genus
1193807	strain	61435	Dehalococcoides mccartyi	species
1193806	strain	61435	Dehalococcoides mccartyi	species
1193729	strain	1263979	Candidatus Endolissoclinum faulkneri	species
1193534	species	946234	Flavonifractor	genus
1193532	species	580596	Butyricicoccus	genus
1193518	strain	330834	Tetrasphaera jenkinsii	species
1193502	strain	194424	Sulfurospirillum halorespirans	species
1193292	strain	573	Klebsiella pneumoniae	species
1193181	strain	101689	Phycicoccus elongatus	species
1193119	strain	94136	Alkalibacillus haloalkaliphilus	species
1193095	species	2767890	Paucilactobacillus	genus
1193013	species	171	Leptospira	genus
1193012	species	171	Leptospira	genus
1192864	strain	1137606	Leptospira mayottensis	species
1192854	strain	437505	Granulosicoccus antarcticus	species
1192759	strain	121428	Sphingobium xenophagum	species
1192197	strain	365349	Pelosinus fermentans	species
1192196	strain	1423	Bacillus subtilis	species
119219	species	106589	Cupriavidus	genus
1192161	species	44249	Paenibacillus	genus
119206	species	1375	Aerococcus	genus
1192034	strain	51	Chondromyces apiculatus	species
1191699	species	2792299	Calidifontibacillus	genus
1191523	strain	1134405	Melioribacter roseus	species
1191460	strain	52133	Acinetobacter venetianus	species
1191459	species	59739	Flammeovirga	genus
1191061	strain	1134687	Klebsiella michiganensis	species
119044	genus	45401	Hyphomicrobiaceae	family
119025	species	160700	Albibacter	genus
119000	species	2745	Halomonas	genus
119	species	1649490	Rubinisphaera	genus
118966	genus	128827	Erysipelotrichaceae	family
1189621	strain	590849	Nitritalea halalkaliphila	species
1189619	strain	251	Psychroflexus gondwanensis	species
1189613	strain	555791	Staphylococcus massiliensis	species
1189612	strain	579922	Indibacter alkaliphilus	species
1189310	strain	35	Corallococcus macrosporus	species
1189303	strain	336810	Candidatus Karelsulcia muelleri	species
1188263	species	374	Bradyrhizobium	genus
1188256	strain	35806	Rhodovulum sulfidophilum	species
1188254	strain	119542	Rhodobaca bogoriensis	species
1188250	strain	1075	Fuscovulum blasticum	species
1188249	strain	402884	Cereibacter changlensis	species
1188247	strain	1086	Rhodothalassium salexigens	species
1188246	strain	2102	Mycoplasma mycoides	species
1188245	strain	1066	Rhodocyclus tenuis	species
1187956	strain	1308	Streptococcus thermophilus	species
1187853	species	1873	Micromonospora	genus
118748	species	118747	Bulleidia	genus
118747	genus	128827	Erysipelotrichaceae	family
1187078	genus	563798	Cyclobacteriaceae	family
1187065	species	1763	Mycobacterium	genus
1186051	species	34098	Blattabacterium	genus
1185920	strain	33049	Phaeovulum veldkampii	species
1185876	strain	663275	Fibrisoma limi	species
1185767	strain	1502297	Zunongwangia atlantica	species
1185654	strain	2261	Pyrococcus furiosus	species
1185653	strain	161360	Planococcus antarcticus	species
1185652	strain	380	Sinorhizobium fredii	species
118562	species	35823	Arthrospira	genus
1185408	genus	1185407	Defluviitaleaceae	family
1184609	strain	111564	Kineosphaera limosa	species
1184607	strain	100225	Austwickia chelonae	species
1184387	species	1184396	Mesotoga	genus
1184267	strain	453816	Pseudobdellovibrio exovorus	species
1184255	strain	1056510	Silanimonas mangrovi	species
1184254	strain	948	Anaplasma phagocytophilum	species
1184253	strain	948	Anaplasma phagocytophilum	species
1184252	strain	1307	Streptococcus suis	species
1184251	strain	1200300	Thermogladius calderae	species
1184	species	47251	Leptolyngbya	genus
118367	species	1912215	Acidipropionibacterium	genus
1183438	strain	1416614	Gloeobacter kilaueensis	species
1183380	strain	195	Campylobacter coli	species
1183379	strain	195	Campylobacter coli	species
1183378	strain	195	Campylobacter coli	species
1183377	species	2260	Pyrococcus	genus
118323	species	1158	Oscillatoria	genus
118322	species	28073	Lyngbya	genus
1183151	species	76831	Myroides	genus
1182762	species	1350	Enterococcus	genus
1182732	species	561	Escherichia	genus
1182697	species	561	Escherichia	genus
1182695	species	570	Klebsiella	genus
1182590	strain	301	Pseudomonas oleovorans	species
1182568	species	1298	Deinococcus	genus
118246	species	160795	Ureibacillus	genus
118173	species	1152	Pseudanabaena	genus
118163	species	44474	Pleurocapsa	genus
118161	species	44474	Pleurocapsa	genus
1181271	species	1649268	Endobacter	genus
118005	strain	309797	Chrysiogenes arsenatis	species
118004	genus	189770	Chrysiogenaceae	family
118000	species	117999	Denitrovibrio	genus
118	genus	126	Planctomycetaceae	family
1179778	species	286	Pseudomonas	genus
1179773	strain	103731	Saccharothrix espanaensis	species
1179464	species	28231	Geobacter	genus
1179226	strain	42858	Mammaliicoccus lentus	species
1179	species	1340414	Desmonostoc	genus
1178825	species	261827	Algibacter	genus
1178778	species	252356	Maribacter	genus
1178736	species	1883	Streptomyces	genus
1178544	strain	293387	Bacillus altitudinis	species
1178537	species	1386	Bacillus	genus
1178516	species	107	Spirosoma	genus
1178515	species	44249	Paenibacillus	genus
1178482	species	2745	Halomonas	genus
1178	species	1177	Nostoc	genus
1177930	strain	393657	Thalassospira tepidiphila	species
1177929	strain	478503	Thalassospira xianhensis	species
1177712	species	1434011	Komagataeibacter	genus
1177574	species	838	Prevotella	genus
1177185	strain	659243	Bacillus siamensis	species
1177182	strain	413232	Alloalcanivorax balearicus	species
1177181	strain	64988	Alcanivorax jadensis	species
1177180	strain	283686	Kosakonia radicincitans	species
1177179	strain	519051	Alcanivorax hongdengensis	species
1177117	strain	502821	Halomonas stevensii	species
117681	species	286	Pseudomonas	genus
1176649	species	357	Agrobacterium	genus
1176587	species	379899	Niabella	genus
1176535	species	68	Lysobacter	genus
1176492	strain	337	Burkholderia glumae	species
1176482	species	202746	Sulfurimonas	genus
117606	species	2745	Halomonas	genus
1175631	strain	55208	Pectobacterium wasabiae	species
117563	genus	186828	Carnobacteriaceae	family
1175452	species	162289	Peptoniphilus	genus
1175445	species	570266	Methanocella	genus
1175444	species	570266	Methanocella	genus
1175313	strain	37816	Rickettsia honei	species
1175306	species	963	Herbaspirillum	genus
1175296	strain	1080712	Methanomassiliicoccus luminyensis	species
117506	species	283	Comamonas	genus
1174684	species	165697	Sphingopyxis	genus
1174529	strain	34021	Candidatus Liberibacter asiaticus	species
1174504	strain	1407	Peribacillus psychrosaccharolyticus	species
1174501	species	44249	Paenibacillus	genus
1173691	species	544	Citrobacter	genus
1173684	strain	373687	Paenibacillus sonchi	species
1173427	strain	28901	Salmonella enterica	species
1173263	species	1129	Synechococcus	genus
1173064	strain	948	Anaplasma phagocytophilum	species
1173032	species	217161	Chamaesiphon	genus
1173027	strain	2886352	Allocoleopsis franciscana	species
1173026	species	102231	Gloeocapsa	genus
1173025	species	63132	Geitlerinema	genus
1173023	species	1190	Fischerella	genus
1173022	strain	241425	Crinalium epipsammum	species
1173020	strain	1173032	Chamaesiphon minutus	species
1172567	strain	1908	Streptomyces globisporus	species
1172562	strain	213	Helicobacter cinaedi	species
1172428	genus	2562244	Thermotomaculaceae	family
1172205	strain	35814	Bordetella holmesii	species
1172194	strain	243629	Hydrocarboniphaga effusa	species
1172192	species	1172191	Catenovulum	genus
1172190	species	202746	Sulfurimonas	genus
1172188	species	68903	Terracoccus	genus
1172186	species	1763	Mycobacterium	genus
1172185	species	1817	Nocardia	genus
1172184	species	1827	Rhodococcus	genus
1172179	species	1883	Streptomyces	genus
117207	species	165697	Sphingopyxis	genus
117184	species	44249	Paenibacillus	genus
117157	species	117156	Actinopolymorpha	genus
117156	genus	2805400	Actinopolymorphaceae	family
1171377	strain	47735	Bibersteinia trehalosi	species
1171376	strain	28901	Salmonella enterica	species
1171375	strain	169430	Paraburkholderia hospita	species
1171373	strain	1748	Acidipropionibacterium acidipropionici	species
1170562	species	1186	Calothrix	genus
1170318	strain	33010	Cutibacterium avidum	species
1169864	strain	436397	Streptomyces sudanensis	species
1169350	species	544	Citrobacter	genus
1169349	species	561	Escherichia	genus
1169331	species	561	Escherichia	genus
1169322	species	544	Citrobacter	genus
1169321	species	561	Escherichia	genus
1169319	species	544	Citrobacter	genus
1169286	strain	1351	Enterococcus faecalis	species
1169234	species	234	Brucella	genus
1169233	species	234	Brucella	genus
1169146	species	33882	Microbacterium	genus
1169145	species	205841	Cryocola	genus
1169117	species	44747	Holospora	genus
1169025	species	1883	Streptomyces	genus
1168865	strain	1719	Corynebacterium pseudotuberculosis	species
1168290	strain	28025	Bifidobacterium animalis	species
1168289	strain	989	Marinilabilia salmonicolor	species
1168288	species	1763	Mycobacterium	genus
1168287	species	1763	Mycobacterium	genus
1168170	strain	571	Klebsiella oxytoca	species
1168067	strain	63658	Hydrogenovibrio kuenenii	species
1168034	species	1471399	Draconibacterium	genus
1167641	strain	86188	Stenotrophomonas geniculata	species
1167637	species	244698	Gillisia	genus
1167635	species	357	Agrobacterium	genus
1167634	strain	85698	Achromobacter xylosoxidans	species
1167632	strain	71237	Mammaliicoccus vitulinus	species
1167629	strain	28025	Bifidobacterium animalis	species
1167628	strain	461393	Actinomyces massiliensis	species
116718	species	44249	Paenibacillus	genus
1167006	strain	65555	Desulfocapsa sulfexigens	species
1166130	species	547	Enterobacter	genus
1166018	strain	651143	Fibrella aestuarina	species
116598	species	953	Wolbachia	genus
1165867	strain	37919	Rhodococcus opacus	species
1165689	species	68287	Mesorhizobium	genus
1165096	species	359407	Methylotenera	genus
1165090	species	1165076	Imtechella	genus
1165	species	1163	Anabaena	genus
1164990	species	98443	Richelia	genus
1164	species	264688	Trichormus	genus
1163748	strain	2743	Marinobacter nauticus	species
1163745	strain	138563	Helicobacter cetorum	species
1163743	strain	210	Helicobacter pylori	species
1163742	strain	210	Helicobacter pylori	species
1163741	strain	210	Helicobacter pylori	species
1163740	strain	210	Helicobacter pylori	species
1163739	strain	210	Helicobacter pylori	species
1163730	strain	683846	Fervidicoccus fontis	species
1163710	species	413496	Cronobacter	genus
1163621	species	67575	Rheinheimera	genus
1163617	strain	649841	Sulfuricella denitrificans	species
1163409	strain	416169	Rhodanobacter thiooxydans	species
1163408	strain	219571	Rhodanobacter fulvus	species
1163407	strain	347483	Rhodanobacter spathiphylli	species
1163399	strain	40324	Stenotrophomonas maltophilia	species
1163398	species	286	Pseudomonas	genus
1163389	strain	299583	Francisella orientalis	species
1163	genus	1162	Nostocaceae	family
1162668	strain	180	Leptospirillum ferrooxidans	species
1162296	strain	573	Klebsiella pneumoniae	species
1161942	species	1263	Ruminococcus	genus
1161919	strain	665097	Erwinia piriflorinigrans	species
1161918	strain	52584	Brachyspira pilosicoli	species
1161913	strain	213312	Herbaspirillum lusitanum	species
1161911	strain	1719	Corynebacterium pseudotuberculosis	species
1161902	strain	35518	[Eubacterium] nodatum	species
1161401	species	1712422	Euryhalocaulis	genus
1161100	strain	428988	Flavobacterium lindanitolerans	species
1161099	strain	163202	Corynebacterium appendicis	species
1161098	strain	54007	Anaerococcus octavius	species
1161097	strain	57171	Corynebacterium mucifaciens	species
116089	species	1578	Lactobacillus	genus
1160784	species	1301080	Nasuia	genus
1160721	species	1263	Ruminococcus	genus
1160720	strain	233316	Alteromonas stellipolaris	species
1160719	strain	33011	Cutibacterium granulosum	species
1160717	strain	28901	Salmonella enterica	species
116071	genus	85015	Nocardioidaceae	family
1160707	strain	51173	Ureibacillus thermosphaericus	species
1160235	species	234	Brucella	genus
1160234	species	234	Brucella	genus
1159870	species	517	Bordetella	genus
115979	species	2837506	Niallia	genus
1159752	species	1350	Enterococcus	genus
1159613	strain	413501	Cronobacter muytjensii	species
1159560	strain	413497	Cronobacter dublinensis	species
1159554	strain	413497	Cronobacter dublinensis	species
1159496	strain	413497	Cronobacter dublinensis	species
1159491	strain	413503	Cronobacter malonaticus	species
1159488	strain	246432	Staphylococcus equorum	species
1159323	genus	171551	Porphyromonadaceae	family
1159204	strain	2096	Mycoplasmoides gallisepticum	species
1159203	strain	2096	Mycoplasmoides gallisepticum	species
1159202	strain	2096	Mycoplasmoides gallisepticum	species
1159201	strain	2096	Mycoplasmoides gallisepticum	species
1159200	strain	2096	Mycoplasmoides gallisepticum	species
1159199	strain	2096	Mycoplasmoides gallisepticum	species
1159198	strain	2096	Mycoplasmoides gallisepticum	species
1159197	strain	2096	Mycoplasmoides gallisepticum	species
1158995	species	33882	Microbacterium	genus
1158993	species	2745	Halomonas	genus
1158991	species	1386	Bacillus	genus
1158990	species	1386	Bacillus	genus
1158988	species	1386	Bacillus	genus
1158614	strain	160453	Enterococcus gilvus	species
1158610	strain	154621	Enterococcus phoeniculicola	species
1158608	strain	155618	Enterococcus haemoperoxidus	species
1158607	strain	160454	Enterococcus pallens	species
1158606	strain	57732	Enterococcus asini	species
1158605	strain	150033	Enterococcus ratti	species
1158604	strain	112904	Enterococcus villorum	species
1158603	strain	37734	Enterococcus casseliflavus	species
1158601	strain	71451	Enterococcus malodoratus	species
1158459	species	1330547	Kosakonia	genus
1158184	species	106633	Thioalkalivibrio	genus
1158183	species	106633	Thioalkalivibrio	genus
1158176	species	106633	Thioalkalivibrio	genus
1158174	species	106633	Thioalkalivibrio	genus
1158173	species	106633	Thioalkalivibrio	genus
1158172	species	106633	Thioalkalivibrio	genus
1158170	species	106633	Thioalkalivibrio	genus
1158167	species	106633	Thioalkalivibrio	genus
1158163	species	106633	Thioalkalivibrio	genus
1158162	species	106633	Thioalkalivibrio	genus
1158158	species	106633	Thioalkalivibrio	genus
1158155	species	106633	Thioalkalivibrio	genus
1158152	species	106633	Thioalkalivibrio	genus
1158150	species	106633	Thioalkalivibrio	genus
1158146	species	106633	Thioalkalivibrio	genus
115808	species	374	Bradyrhizobium	genus
1158052	strain	35519	Mogibacterium timidum	species
1158	genus	1892254	Oscillatoriaceae	family
1157987	species	1100891	Paenalcaligenes	genus
1157951	strain	588	Providencia stuartii	species
1157949	species	2335	Thermotoga	genus
1157948	species	2335	Thermotoga	genus
1157947	species	2335	Thermotoga	genus
115781	species	115780	Desulfotignum	genus
115780	genus	213119	Desulfobacteraceae	family
115778	species	1243	Leuconostoc	genus
1157490	species	432330	Tumebacillus	genus
115741	species	1129	Synechococcus	genus
1157309	species	518753	Luteolibacter	genus
1157257	species	1386	Bacillus	genus
115713	strain	83558	Chlamydia pneumoniae	species
115711	strain	83558	Chlamydia pneumoniae	species
1156986	strain	676517	Rickettsiella massiliensis	species
1156913	strain	31958	Amycolatopsis orientalis	species
1156568	genus	45404	Beijerinckiaceae	family
1156431	species	1301	Streptococcus	genus
1156417	strain	116090	Caloranaerobacter azorensis	species
1155954	species	44249	Paenibacillus	genus
1155777	strain	492670	Bacillus velezensis	species
1155775	strain	160	Treponema pallidum	species
1155766	strain	1352	Enterococcus faecium	species
1155739	species	1155738	Moorena	genus
115561	species	2745	Halomonas	genus
115555	species	2745	Halomonas	genus
115553	species	2745	Halomonas	genus
115551	species	2745	Halomonas	genus
115543	genus	186803	Lachnospiraceae	family
1155388	species	1485	Clostridium	genus
1155385	genus	31979	Clostridiaceae	family
1155096	strain	29520	Borrelia crocidurae	species
1155071	strain	1309	Streptococcus mutans	species
1154862	strain	1311	Streptococcus agalactiae	species
1154818	strain	1311	Streptococcus agalactiae	species
1154817	strain	1311	Streptococcus agalactiae	species
1154816	strain	1311	Streptococcus agalactiae	species
1154815	strain	1311	Streptococcus agalactiae	species
1154814	strain	1311	Streptococcus agalactiae	species
1154813	strain	1311	Streptococcus agalactiae	species
1154812	strain	1311	Streptococcus agalactiae	species
1154811	strain	1311	Streptococcus agalactiae	species
1154810	strain	1311	Streptococcus agalactiae	species
1154809	strain	1311	Streptococcus agalactiae	species
1154808	strain	1311	Streptococcus agalactiae	species
1154807	strain	1311	Streptococcus agalactiae	species
1154758	strain	46257	Pseudomonas avellanae	species
1154756	strain	2338073	Serratia inhibens	species
1154586	genus	1154585	Gaiellaceae	family
115433	species	1813	Amycolatopsis	genus
1154	genus	1890448	Spirulinaceae	family
115336	species	1988	Actinomadura	genus
115335	species	1988	Actinomadura	genus
1152	genus	1890436	Pseudanabaenaceae	family
1151117	strain	54076	Thermococcus zilligii	species
1151116	strain	34038	Rahnella aquatilis	species
1150997	species	2742	Marinobacter	genus
1150864	strain	285679	Micromonospora lupini	species
1150674	strain	94694	Desulfurococcus amylolyticus	species
1150626	strain	1083	Magnetospirillum molischianum	species
1150621	strain	66821	Sulfurospirillum multivorans	species
1150600	strain	1288027	Arcticibacter svalbardensis	species
1150476	strain	492670	Bacillus velezensis	species
1150475	strain	492670	Bacillus velezensis	species
1150474	strain	1495039	Mesoaciditoga lauensis	species
1150469	strain	1084	Pararhodospirillum photometricum	species
1150468	strain	78259	Scardovia inopinata	species
1150461	strain	158787	Bifidobacterium scardovii	species
1150460	strain	1686	Bifidobacterium catenulatum	species
1150423	strain	1689	Bifidobacterium dentium	species
1150298	species	1407607	Fusicatenibacter	genus
1150157	species	1386	Bacillus	genus
1149865	strain	454586	Pedobacter agri	species
114975	species	1569	Sporosarcina	genus
114881	species	2767358	Mycoplasmopsis	genus
1148254	species	407	Methylobacterium	genus
1148253	species	407	Methylobacterium	genus
1148157	species	469	Acinetobacter	genus
1148150	genus	213465	Syntrophobacteraceae	family
1148	species	1142	Synechocystis	genus
1147786	strain	75612	Pseudomonas mandelii	species
1147684	species	222	Achromobacter	genus
1147159	species	484508	Ornithinibacillus	genus
1147129	species	56112	Dehalobacter	genus
1147128	strain	1684	Bifidobacterium asteroides	species
1147	species	1142	Synechocystis	genus
114691	species	1883	Streptomyces	genus
1146883	strain	138336	Blastococcus saxobsidens	species
114687	species	1883	Streptomyces	genus
1146845	genus	3031144	Dongiaceae	family
114652	species	1301	Streptococcus	genus
114627	genus	3118656	Natronincolaceae	family
114616	species	407	Methylobacterium	genus
114615	species	374	Bradyrhizobium	genus
1145345	genus	2831111	Kaistiaceae	family
114529	species	2251	Haloferax	genus
114528	species	86331	Mogibacterium	genus
1145276	species	400634	Lysinibacillus	genus
114527	species	86331	Mogibacterium	genus
1144883	strain	291370	Streptomyces pharetrae	species
1144882	strain	340148	Streptomyces polyantibioticus	species
1144748	species	261963	Kangiella	genus
1144708	species	286	Pseudomonas	genus
1144674	species	469	Acinetobacter	genus
1144673	species	469	Acinetobacter	genus
1144671	species	469	Acinetobacter	genus
1144670	species	469	Acinetobacter	genus
1144669	species	469	Acinetobacter	genus
1144668	species	469	Acinetobacter	genus
1144667	species	469	Acinetobacter	genus
1144666	species	469	Acinetobacter	genus
1144665	species	469	Acinetobacter	genus
1144664	species	469	Acinetobacter	genus
1144663	species	469	Acinetobacter	genus
1144662	species	469	Acinetobacter	genus
1144661	species	469	Acinetobacter	genus
1144617	species	359336	Castellaniella	genus
1144477	species	1541822	Pseudophaeobacter	genus
1144343	species	28100	Phyllobacterium	genus
1144342	species	963	Herbaspirillum	genus
1144339	species	286	Pseudomonas	genus
1144333	species	286	Pseudomonas	genus
1144332	species	286	Pseudomonas	genus
1144323	species	286	Pseudomonas	genus
1144321	species	286	Pseudomonas	genus
1144319	species	963	Herbaspirillum	genus
1144318	species	52972	Polaromonas	genus
1144316	species	59732	Chryseobacterium	genus
1144315	species	34072	Variovorax	genus
1144314	species	379	Rhizobium	genus
1144312	species	379	Rhizobium	genus
1144307	species	165695	Sphingobium	genus
1144306	species	379	Rhizobium	genus
1144300	strain	227942	Limosilactobacillus gastricus	species
1144275	strain	184914	Corallococcus coralloides	species
114404	species	13687	Sphingomonas	genus
1144	species	669357	Geminocystis	genus
1143323	strain	1457153	Chlamydia gallinacea	species
1143004	genus	45404	Beijerinckiaceae	family
1143	species	1142	Synechocystis	genus
114259	species	1817	Nocardia	genus
1142394	strain	547188	Phycisphaera mikurensis	species
1142041	species	265488	Rhodopirellula	genus
1142040	species	265488	Rhodopirellula	genus
1142039	species	265488	Rhodopirellula	genus
1142038	species	265488	Rhodopirellula	genus
1142	genus	1890428	Merismopediaceae	family
114186	species	114185	Candidatus Carsonella	genus
1141662	strain	516074	Providencia burhodogranariea	species
1141660	strain	516075	Providencia sneebia	species
114136	species	44249	Paenibacillus	genus
1141106	strain	1285	Staphylococcus intermedius	species
114090	species	1253	Pediococcus	genus
1140003	strain	1356	Enterococcus sulfureus	species
1140002	strain	33945	Enterococcus avium	species
1140	strain	32046	Synechococcus elongatus	species
114	species	113	Gemmata	genus
1139996	strain	41997	Enterococcus saccharolyticus	species
1139219	strain	44009	Enterococcus dispar	species
1138877	strain	1773	Mycobacterium tuberculosis	species
1138871	strain	1767	Mycobacterium intracellulare	species
1138822	species	2767893	Lentilactobacillus	genus
1138384	strain	1515	Acetivibrio thermocellus	species
1138383	species	1763	Mycobacterium	genus
1138382	strain	1767	Mycobacterium intracellulare	species
1138308	strain	28141	Cronobacter sakazakii	species
1137848	species	1485	Clostridium	genus
1137651	strain	346	Xanthomonas citri	species
1137281	species	1868329	Xanthomarina	genus
1137273	species	68	Lysobacter	genus
1136941	species	2053	Gordonia	genus
1136880	strain	265949	Mycobacterium pseudoshottsii	species
113653	species	190818	Geoglobus	genus
1136179	strain	1833	Rhodococcus erythropolis	species
1136177	strain	1589	Lactiplantibacillus pentosus	species
113573	species	81	Hyphomicrobium	genus
113565	species	1865	Actinoplanes	genus
1134782	strain	562	Escherichia coli	species
1134687	species	570	Klebsiella	genus
1134563	species	838	Prevotella	genus
1134510	strain	92181	Bartonella koehlerae	species
1134474	species	10	Cellvibrio	genus
1134456	strain	666	Vibrio cholerae	species
1134454	strain	1747	Cutibacterium acnes	species
1134445	strain	78355	Streptomyces somaliensis	species
1134435	species	33057	Thauera	genus
1134413	species	2893055	Halalkalibacterium (ex Joshi et al. 2022)	genus
1134405	species	1134403	Melioribacter	genus
1134403	genus	1334117	Melioribacteraceae	family
113395	species	374	Bradyrhizobium	genus
1133853	strain	562	Escherichia coli	species
1133852	strain	562	Escherichia coli	species
1133850	strain	1912	Streptomyces hygroscopicus	species
1133849	strain	37326	Nocardia brasiliensis	species
1133592	strain	670956	Candidatus Uzinura diaspidicola	species
1133569	strain	238015	Liquorilactobacillus vini	species
1133568	strain	52584	Brachyspira pilosicoli	species
1133319	species	816	Bacteroides	genus
113287	species	113286	Pseudoramibacter	genus
113286	genus	186806	Eubacteriaceae	family
1132836	species	379	Rhizobium	genus
1132766	genus	85023	Microbacteriaceae	family
1132659	species	379	Rhizobium	genus
1132509	strain	332168	Halococcus hamelinensis	species
1132507	strain	28901	Salmonella enterica	species
1132496	strain	747	Pasteurella multocida	species
1132444	strain	173366	Methylocystis rosea	species
1132443	strain	105972	Methylosarcina fibrata	species
1131731	strain	1454	Schinkia azotoformans	species
1131730	strain	220686	Neobacillus vireti	species
1131707	species	399320	Sphaerochaeta	genus
1131703	species	399320	Sphaerochaeta	genus
1131551	species	359407	Methylotenera	genus
1131462	species	56112	Dehalobacter	genus
1131442	strain	1781	Mycobacterium marinum	species
113107	species	1301	Streptococcus	genus
1130804	strain	1313	Streptococcus pneumoniae	species
1130798	strain	97478	Limosilactobacillus mucosae	species
1130726	species	1097466	Defluviimonas	genus
113	genus	1914233	Gemmataceae	family
1129897	strain	1206749	Nitrolancea hollandica	species
112987	genus	92713	Parachlamydiaceae	family
1129799	species	286	Pseudomonas	genus
1129798	species	286	Pseudomonas	genus
1129797	species	286	Pseudomonas	genus
1129796	species	286	Pseudomonas	genus
1129795	species	286	Pseudomonas	genus
1129794	strain	326544	Paraglaciecola psychrophila	species
1129793	strain	222814	Paraglaciecola polaris	species
1129374	strain	545533	Alishewanella jeotgali	species
1129369	strain	2100	Mesomycoplasma hyorhinis	species
112904	species	1350	Enterococcus	genus
112902	genus	1843490	Sporomusaceae	family
1129	genus	1890426	Synechococcaceae	family
1128912	strain	197222	Paraglaciecola mesophila	species
1128911	species	1621534	Paraglaciecola	genus
1128680	species	1883	Streptomyces	genus
1128622	species	286	Pseudomonas	genus
1128621	species	400634	Lysinibacillus	genus
1128619	species	308865	Elizabethkingia	genus
1128618	species	59732	Chryseobacterium	genus
1128617	species	286	Pseudomonas	genus
1128616	species	1279	Staphylococcus	genus
1128615	species	1386	Bacillus	genus
1128614	species	1386	Bacillus	genus
1128613	species	1386	Bacillus	genus
1128398	strain	1556	Gottschalkia acidurici	species
1128111	strain	39777	Veillonella atypica	species
1127754	species	577483	Ettlia	genus
1127744	species	1386	Bacillus	genus
1127743	species	1386	Bacillus	genus
1127673	strain	477689	Aliiglaciecola lipolytica	species
1127228	strain	301375	Methanothrix harundinacea	species
1127134	strain	135487	Nocardia cyriacigeorgica	species
1127131	strain	1583	Weissella confusa	species
1127122	strain	210	Helicobacter pylori	species
1126833	species	44249	Paenibacillus	genus
1126011	strain	1639	Listeria monocytogenes	species
1126	species	1125	Microcystis	genus
1125977	species	286	Pseudomonas	genus
1125974	species	1754	Thermoanaerobacter	genus
1125972	strain	76020	Amycolatopsis alba	species
1125971	strain	31958	Amycolatopsis orientalis	species
1125965	species	41275	Brevundimonas	genus
1125964	species	2211638	Limimaricola	genus
1125863	strain	1035120	Deferrisoma camini	species
1125847	species	1903858	Pseudorhizobium	genus
1125747	strain	395568	Paraglaciecola agarilytica	species
1125725	strain	53419	Treponema socranskii	species
1125711	strain	138851	Treponema parvum	species
1125701	strain	53419	Treponema socranskii	species
1125699	strain	51160	Treponema maltophilum	species
1125698	species	286	Pseudomonas	genus
1125630	strain	573	Klebsiella pneumoniae	species
1125411	strain	1427364	Candidatus Pseudothioglobus singularis	species
1125	genus	1890449	Microcystaceae	family
1124992	strain	2095	Mycoplasma capricolum	species
1124991	strain	582	Morganella morganii	species
1124983	strain	380021	Pseudomonas protegens	species
1124936	strain	28901	Salmonella enterica	species
1124780	strain	1265690	Nafulsella turpanensis	species
1124758	species	1883	Streptomyces	genus
1124756	species	1839	Nocardioides	genus
1124745	species	1873	Micromonospora	genus
1124741	species	1988	Actinomadura	genus
1124597	species	162171	Magnetococcus	genus
112413	species	1813	Amycolatopsis	genus
1124	species	1123	Chlorogloeopsis	genus
1123979	species	32008	Burkholderia	genus
1123967	genus	1706374	Porticoccaceae	family
1123863	strain	553	Pantoea ananatis	species
1123756	species	659428	Marivita	genus
1123721	strain	165096	Weissella koreensis	species
1123523	strain	1280	Staphylococcus aureus	species
1123519	strain	316	Stutzerimonas stutzeri	species
1123517	strain	934	Thiomicrospira pelophila	species
1123516	strain	373391	Hydrogenovibrio halophilus	species
1123515	strain	63656	Thiomicrorhabdus chilensis	species
1123514	strain	131540	Thiomicrorhabdus arctica	species
1123513	strain	28885	Hydrogenovibrio marinus	species
1123511	strain	86959	Propionispira raffinosivorans	species
1123510	strain	33074	Zymobacter palmae	species
1123509	strain	202772	Zooshikella ganghwensis	species
1123508	strain	360055	Zavarzinella formosa	species
1123507	strain	225453	Yaniella halotolerans	species
1123505	strain	351671	Xenorhabdus doucetiae	species
1123504	strain	151755	Xenophilus azovorans	species
1123503	strain	240237	Woodsholea maritima	species
1123502	strain	400946	Wohlfahrtiimonas chitiniclastica	species
1123501	strain	390641	Wenxinia marina	species
1123500	strain	1615	Weissella halotolerans	species
1123499	strain	61	Vitreoscilla stercoraria	species
1123498	strain	184755	Vibrio ruber	species
1123497	strain	398736	Vibrio rhizosphaerae	species
1123496	strain	435912	Vibrio porteresiae	species
1123495	strain	104609	Vibrio penaeicida	species
1123494	strain	170674	Vibrio pacinii	species
1123493	strain	335972	Vibrio litoralis	species
1123492	strain	687	Vibrio gazogenes	species
1123491	strain	675	Vibrio cincinnatiensis	species
1123490	strain	187328	Veillonella montpellierensis	species
1123489	strain	464322	Veillonella magna	species
1123488	strain	184870	Varibaculum cambriense	species
1123487	strain	392736	Uliginosibacterium gangwonense	species
1123405	strain	340097	Tuberibacillus calidus	species
1123404	strain	43131	Tissierella praeacuta	species
1123403	strain	79681	Tissierella creatinophila	species
1123402	strain	336804	Thorsellia anophelis	species
1123401	strain	525917	Thiothrix lacustris	species
1123400	strain	125627	Thiofilum flexile	species
1123399	strain	125614	Thiolinea disciformis	species
1123398	strain	525918	Thiothrix caldifontis	species
1123397	strain	381300	Thiohalospira halophila	species
1123394	strain	444162	Thiofaba tepidiphila	species
1123393	strain	931	Thiobacillus thioparus	species
1123392	strain	36861	Thiobacillus denitrificans	species
1123391	strain	37636	Thermus scotoductus	species
1123390	strain	56957	Thermus oshimai	species
1123389	strain	540988	Thermus islandicus	species
1123388	strain	88189	Thermus igniterrae	species
1123386	strain	88190	Thermus antranikianii	species
1123385	strain	39100	Pseudothermotoga subterranea	species
1123384	strain	57487	Pseudothermotoga hypogea	species
1123383	strain	38322	Pseudothermotoga elfii	species
1123382	strain	54294	Thermosyntropha lipolytica	species
1123380	strain	238991	Thermosipho atlanticus	species
1123379	strain	291989	Thermosediminibacter litoriperuensis	species
1123378	strain	35622	Thermostaphylospora chromogena	species
1123377	strain	215690	Thermomonas fusca	species
1123376	strain	340095	Thermodesulfovibrio thiophilus	species
1123375	strain	53423	Thermodesulfovibrio islandicus	species
1123374	strain	412896	Thermodesulfovibrio hydrogeniphilus	species
1123373	strain	886	Thermodesulfobacterium thermophilum	species
1123372	strain	53424	Thermodesulfobacterium hveragerdense	species
1123371	strain	501497	Thermodesulfatator atlanticus	species
1123370	strain	28896	Thermoanaerobacterium saccharolyticum	species
1123369	strain	447593	Thermoanaerobacter uzonensis	species
1123368	strain	929	Thermithiobacillus tepidarius	species
1123367	strain	76112	Thauera linaloolentis	species
1123366	strain	220697	Thalassospira xiamenensis	species
1123365	strain	168935	Thalassospira lucentensis	species
1123364	strain	455360	Thalassobaculum salexigens	species
1123362	strain	420996	Thalassobaculum litoreum	species
1123360	strain	491388	Litoreibacter arenae	species
1123359	strain	64642	Tetragenococcus muriaticus	species
1123358	strain	51669	Tetragenococcus halophilus	species
1123357	strain	72764	Tessaracoccus bendigoensis	species
1123356	strain	249	Terrimonas ferruginea	species
1123355	strain	64973	Terasakiella pusilla	species
1123354	strain	203471	Tepidiphilus margaritifer	species
1123350	strain	214905	Tepidibacter thalassicus	species
1123349	strain	227138	Tepidibacter formicigenes	species
1123347	strain	104270	Tenacibaculum ovolyticum	species
1123326	strain	57666	Sulfurospirillum arcachonense	species
1123325	strain	171121	Sulfurihydrogenibium subterraneum	species
1123324	strain	83771	Succinivibrio dextrinosolvens	species
1123323	strain	40841	Succiniclasticum ruminis	species
1123322	strain	76728	Wenjunlia vitaminophila	species
1123321	strain	47758	Streptomyces sulphureus	species
1123320	strain	159449	Embleya scabrispora	species
1123319	strain	67298	Streptomyces flavidovirens	species
1123318	strain	55085	Streptococcus thoraltensis	species
1123317	strain	1310	Streptococcus sobrinus	species
1123316	strain	1314	Streptococcus pyogenes	species
1123315	strain	502567	Streptococcus porci	species
1123314	strain	456876	Streptococcus plurextorum	species
1123313	strain	1323	Faecalicoccus pleomorphus	species
1123312	strain	82806	Streptococcus ovis	species
1123311	strain	114652	Streptococcus orisratti	species
112331	species	1372	Planococcus	genus
1123309	strain	229549	Streptococcus minor	species
1123308	strain	400065	Streptococcus merionis	species
1123307	strain	313439	Streptococcus massiliensis	species
1123306	strain	269666	Streptococcus marimammalium	species
1123305	strain	149015	Streptococcus hyovaginalis	species
1123304	strain	439219	Streptococcus henryi	species
1123303	strain	1345	Streptococcus ferus	species
1123302	strain	155680	Streptococcus entericus	species
1123301	strain	102886	Streptococcus didelphis	species
1123300	strain	231233	Streptococcus devriesei	species
1123299	strain	254786	Streptococcus castoreus	species
1123298	strain	439220	Streptococcus caballi	species
1123296	strain	422441	Stenoxybacter acetivorans	species
1123295	strain	217070	Stella vacuolata	species
1123294	strain	71235	Stappia stellulata	species
1123293	strain	406432	Stackebrandtia albiflava	species
1123291	strain	380084	Pelosinus propionicus	species
1123290	strain	1571	Sporosarcina ureae	species
1123289	strain	55504	Sporomusa silvacetica	species
1123288	strain	2378	Sporomusa ovata	species
1123287	strain	112901	Sporomusa malonica	species
1123286	strain	112900	Sporomusa acidovorans	species
1123285	strain	608505	Sporolituus thermophilus	species
1123284	strain	444463	Sporolactobacillus vineae	species
1123282	strain	44749	Sporobacter termitidis	species
1123281	strain	165813	Sporanaerobacter acetigenes	species
1123280	strain	286803	Sporacetigenium mesophilum	species
1123279	strain	454602	Spongiibacter tropicus	species
1123278	strain	431554	Spirosoma spitsbergense	species
1123277	strain	496058	Spirosoma panaciterrae	species
1123276	strain	431553	Spirosoma luteum	species
1123275	strain	504483	Spirochaeta cellobiosiphila	species
1123274	strain	148	Sediminispirochaeta bajacaliforniensis	species
1123272	strain	394732	Parasphingorhabdus marina	species
1123271	strain	394733	Parasphingorhabdus litoris	species
1123270	strain	279369	Novosphingopyxis baekryungensis	species
1123269	strain	397260	Sphingomonas sanxanigenens	species
1123268	strain	392409	Sphingomonas jaspsi	species
1123267	strain	407019	Sphingomonas astaxanthinifaciens	species
1123266	strain	453846	Sphingomonas aestuarii	species
1123265	strain	259	Sphingobacterium thalpophilum	species
1123264	strain	28454	Sphingobacterium multivorum	species
1123263	strain	102148	Solobacterium moorei	species
1123262	strain	363832	Solirubrobacter soli	species
1123261	strain	413479	Solimonas soli	species
1123260	strain	253256	Soehngenia saccharolytica	species
1123258	strain	359359	Smaragdicoccus niigatensis	species
1123257	strain	415849	Solimonas flava	species
1123256	strain	254408	Solimonas variicoloris	species
1123255	strain	80882	Simplicispira psychrophila	species
1123253	strain	265429	Silanimonas lenta	species
1123252	strain	139808	Shimazuella kribbensis	species
1123251	strain	247333	Serinicoccus marinus	species
1123250	strain	416586	Selenomonas bovis	species
1123249	strain	671224	Selenomonas artemidis	species
1123248	strain	398037	Segetibacter koreensis	species
1123247	strain	552061	Sediminimonas qiaohouensis	species
1123246	strain	130788	Sedimentibacter saalensis	species
1123245	strain	29345	Sedimentibacter hydroxybenzoicus	species
1123244	strain	508770	Sciscionella marina	species
1123243	strain	55507	Schwartzia succinivorans	species
1123242	strain	360056	Schlesneria paludicola	species
1123241	strain	459515	Nakamurella lactea	species
1123240	strain	210512	Sandarakinorhabdus limnophila	species
1123239	strain	427078	Salsuginibacillus kocurii	species
1123238	strain	255519	Atlantibacter subterranea	species
1123237	strain	263378	Salipiger mucosus	species
1123236	strain	265425	Salinimonas chungwhensis	species
1123235	strain	438596	Salinimicrobium xinjiangense	species
1123234	strain	470866	Salinimicrobium terrae	species
1123233	strain	367840	Salinicoccus luteus	species
1123232	strain	399363	Lacicoccus kunmingensis	species
1123231	strain	148453	Lacicoccus alkaliphilus	species
1123230	strain	418756	Salinicoccus albus	species
1123229	strain	552063	Salinarimonas rosea	species
1123228	strain	169438	Saccharospirillum impatiens	species
1123227	strain	231053	Saccharibacter floricola	species
1123226	strain	459527	Saccharibacillus kuerlensis	species
1123078	strain	94255	Runella zeae	species
1123077	strain	370978	Runella limosa	species
1123076	strain	370973	Runella defluvii	species
1123075	strain	438033	Ruminococcus gauvreauii	species
1123073	strain	540746	Rudaea cellulosilytica	species
1123072	strain	182403	Rubritepida flocculans	species
1123071	strain	407226	Rubritalea squalenifaciens	species
1123070	strain	361055	Rubritalea marina	species
1123069	strain	295419	Rubellimicrobium thermophilum	species
1123066	strain	490979	Rubellimicrobium aerolatum	species
1123065	strain	366586	Ruania albidiflava	species
1123064	strain	424704	Roseomonas vinacea	species
1123062	strain	484882	Falsiroseomonas stagni	species
1123061	strain	287609	Neoroseomonas lacus	species
1123060	strain	452982	Roseomonas aerilata	species
1123059	strain	437507	Robiginitomaculum antarcticum	species
1123058	strain	103810	Riemerella columbina	species
1123057	strain	336828	Rhodonellum psychrophilum	species
1123056	strain	293050	Rhodococcus kroppenstedtii	species
1123055	strain	306205	Rheinheimera texasensis	species
1123053	strain	67576	Rheinheimera baltica	species
1123052	strain	145458	Rathayibacter toxicus	species
1123045	species	1123044	Ponticaulis	genus
1123037	strain	49278	Psychroserpens burtonensis	species
1123036	strain	168275	Psychromonas arctica	species
1123035	strain	197345	Psychroflexus tropicus	species
1123034	strain	29432	Psychrobacter phenylpyruvicus	species
1123033	strain	540500	Psychrobacter lutiphocae	species
1123032	strain	271091	Psychrilyobacter atlanticus	species
1123031	strain	176598	Pseudoxanthomonas taiwanensis	species
1123030	strain	289483	Pseudoxanthomonas kalamensis	species
1123029	strain	433840	Pseudoxanthobacter soli	species
1123028	strain	407022	Olivibacter domesticus	species
1123027	strain	77008	Pseudorhodobacter ferrugineus	species
1123026	strain	1848	Pseudonocardia thermophila	species
1123025	strain	103441	Pseudonocardia spinosispora	species
1123024	strain	54010	Pseudonocardia asaccharolytica	species
1123023	strain	551276	Pseudonocardia acaciae	species
1123021	strain	157784	Pseudomonas thermotolerans	species
1123020	strain	53412	Pseudomonas resinovorans	species
1123016	strain	74829	Stutzerimonas balearica	species
1123015	strain	287	Pseudomonas aeruginosa	species
1123014	strain	451637	Pseudogulbenkiania subflava	species
1123013	strain	452623	Pseudoclavibacter soli	species
1123012	strain	185007	Pseudobutyrivibrio xylanivorans	species
1123011	strain	46206	Pseudobutyrivibrio ruminis	species
1123010	strain	43656	Pseudoalteromonas denitrificans	species
1123009	strain	181070	Proteocatella sphenisci	species
1123008	strain	294710	Proteiniphilum acetatigenes	species
1123007	strain	415015	Proteiniborus ethanoligenes	species
1123006	strain	65401	Propionivibrio pelophilus	species
1123005	strain	83767	Propionivibrio dicarboxylicus	species
1123004	strain	112903	Propionispora vibrioides	species
1123003	strain	209080	Propionispora hippei	species
1123002	strain	84035	Propionispira arboris	species
1123001	strain	33012	Propionimicrobium lymphophilum	species
1123000	strain	45622	Propionigenium maris	species
1123	genus	1892261	Chlorogloeopsidaceae	family
1122999	strain	348582	Propionicicella superfundia	species
1122998	strain	1751	Acidipropionibacterium thoenii	species
1122997	strain	1749	Acidipropionibacterium jensenii	species
1122996	strain	64702	Propionibacterium cyclohexanicum	species
1122994	strain	556499	Propionibacterium acidifaciens	species
1122993	strain	28137	Prevotella veroralis	species
1122992	strain	386414	Hoylesella timonensis	species
1122991	strain	228603	Hoylesella shahii	species
1122990	strain	185294	Segatella paludivivens	species
1122989	strain	28135	Segatella oris	species
1122988	strain	425941	Hoylesella nanceiensis	species
1122987	strain	189723	Prevotella micans	species
1122986	strain	439703	Segatella maculosa	species
1122985	strain	840	Hoylesella loescheii	species
1122984	strain	28131	Prevotella intermedia	species
1122983	strain	515414	Prevotella falsenii	species
1122982	strain	28129	Prevotella denticola	species
1122981	strain	28128	Prevotella corporis	species
1122980	strain	305719	Segatella baroniae	species
1122979	strain	419005	Prevotella amnii	species
1122978	strain	77768	Segatella albensis	species
1122977	strain	82985	Pragia fontium	species
1122976	strain	281920	Porphyromonas uenonis	species
1122975	strain	322095	Porphyromonas somerae	species
1122974	strain	28115	Porphyromonas macacae	species
1122973	strain	28114	Porphyromonas levii	species
1122972	strain	111105	Porphyromonas gulae	species
1122971	strain	501496	Porphyromonas bennonis	species
1122970	strain	196588	Erythrobacter cryptus	species
1122969	strain	422297	Ponticoccus litoralis	species
1122967	strain	336989	Pontibacter roseus	species
1122963	strain	261934	Pleomorphomonas oryzae	species
1122962	strain	257440	Pleomorphomonas koreensis	species
1122961	strain	46632	Picrophilus oshimae	species
1122960	strain	286156	Photorhabdus australis	species
1122959	strain	265726	Photobacterium halotolerans	species
1122958	strain	457173	Phenylobacterium composti	species
1122957	strain	33025	Phascolarctobacterium faecium	species
1122956	strain	156202	Petrotoga sibirica	species
1122955	strain	156203	Petrotoga olearia	species
1122954	strain	204046	Petrotoga mexicana	species
1122953	strain	301141	Petrotoga halophila	species
1122952	strain	454144	Persicirhabdus sediminis	species
1122951	strain	392589	Perlucidibaca piscinae	species
1122949	strain	33031	Peptoniphilus lacrimalis	species
1122947	strain	365349	Pelosinus fermentans	species
1122946	strain	407188	Pelobacter seleniigenes	species
1122945	strain	420403	Shimia litoralis	species
1122943	species	2762385	Daejeonella	genus
1122941	species	84567	Pedobacter	genus
1122940	strain	351095	Paucisalibacillus globulus	species
1122939	strain	588672	Patulibacter americanus	species
1122938	strain	761	Pasteurella testudinis	species
1122937	strain	97481	Pasteurella skyensis	species
1122936	strain	758	Rodentibacter pneumotropicus	species
1122935	strain	756	Pasteurella langaaensis	species
1122934	strain	115544	Parasporobacterium paucivorans	species
1122933	strain	545619	Paraoerskovia marina	species
1122932	strain	34005	Paracoccus kocurii	species
1122930	strain	100176	Papillibacter cinnamivorans	species
1122929	strain	121719	Pannonibacter phragmitetus	species
1122928	strain	400061	Paludibacterium yongneupense	species
1122927	strain	369333	Paenibacillus terrigena	species
1122926	strain	401638	Paenibacillus taiwanensis	species
1122925	strain	225906	Paenibacillus sanguinis	species
1122924	strain	669462	Paenibacillus pinihumi	species
1122923	strain	217090	Paenibacillus pasadenensis	species
1122922	strain	225917	Paenibacillus massiliensis	species
1122921	strain	225917	Paenibacillus massiliensis	species
1122920	strain	306543	Paenibacillus harenae	species
1122919	strain	431596	Paenibacillus ginsengihumi	species
1122918	strain	379896	Paenibacillus fonticola	species
1122917	strain	135193	Paenibacillus daejeonensis	species
1122916	strain	311244	Paenibacillus assamensis	species
1122915	strain	59839	Paenibacillus alginolyticus	species
1122623	strain	219182	Ottowia thiooxydans	species
1122622	strain	384677	Ornithinimicrobium pekingense	species
1122621	strain	376470	Olivibacter sitiensis	species
1122620	strain	90245	Oligella urethralis	species
1122619	strain	90244	Oligella ureolytica	species
1122618	strain	1247	Oenococcus oeni	species
1122617	strain	64977	Oceanospirillum maris	species
1122616	strain	64976	Oceanospirillum beijerinckii	species
1122615	strain	64972	Oceanobacter kriegii	species
1122614	strain	375761	Pseudooceanicola nanhaiensis	species
1122613	strain	153233	Oceanicaulis alexandrii	species
1122612	strain	505248	Novosphingobium acidiphilum	species
1122611	strain	404386	Nonomuraea coxensis	species
1122610	strain	394734	Nocardioides insulae	species
1122609	strain	433660	Nocardioides halotolerans	species
1122608	strain	281714	Nocardioides alkalitolerans	species
1122607	strain	390877	Nisaea denitrificans	species
1122606	strain	354355	Niastella yeongjuensis	species
1122605	strain	379900	Niabella aurantiaca	species
1122604	strain	418856	Nevskia soli	species
1122603	strain	64002	Nevskia ramosa	species
1122602	strain	515814	Nesterenkonia alba	species
1122601	strain	197461	Pseudovibrio exalbescens	species
1122600	strain	282199	Nereida ignava	species
1122599	strain	417574	Neptunomonas japonica	species
1122597	strain	426128	Natronincola peptidivorans	species
1122595	strain	393762	Natronincola ferrireducens	species
112234	species	59732	Chryseobacterium	genus
1122261	species	1632780	Phreatobacter	genus
1122256	species	490567	Arenimonas	genus
1122249	strain	39047	Mycoplasmopsis sturni	species
1122248	strain	29557	Mycoplasmopsis gallinarum	species
1122247	strain	46351	Mycolicibacterium hassiacum	species
1122246	strain	470453	Moraxella pluranimalium	species
1122245	strain	34061	Moraxella cuniculi	species
1122244	strain	90240	Moraxella caprae	species
1122243	strain	346665	Moraxella boevrei	species
1122242	strain	1525	Moorella thermoacetica	species
1122241	strain	202604	Moorella mulderi	species
1122240	strain	57480	Microvirgula aerodenitrificans	species
1122239	strain	451764	Microbacterium luticocti	species
1122238	strain	358100	Microbacterium indicum	species
1122237	strain	159896	Microbacterium gubbeenense	species
1122236	strain	17	Methylophilus methylotrophus	species
1122235	strain	45495	Methylophaga marina	species
1122234	strain	374425	Methylobacterium komagatae	species
1122233	strain	660064	Methermicoccus shengliensis	species
1122231	strain	2200	Methanoculleus thermophilus	species
1122230	strain	71518	Methanocorpusculum bavaricum	species
1122229	strain	190974	Methanobrevibacter gottschalkii	species
1122228	strain	356828	Alloscardovia criceti	species
1122227	strain	335020	Mesorhizobium albiziae	species
1122226	strain	369791	Mesonia mobilis	species
1122224	strain	354246	Spongiibacter marinus	species
1122223	strain	307124	Calidithermus timidus	species
1122222	strain	172827	Meiothermus taiwanensis	species
1122221	strain	65552	Meiothermus cerbereus	species
1122220	strain	349095	Megasphaera paucivorans	species
1122219	strain	39029	Megasphaera cerevisiae	species
1122218	strain	217219	Neomegalonema perideroedes	species
1122217	strain	491921	Megamonas rupellensis	species
1122216	strain	158847	Megamonas hypermegale	species
1122215	strain	544911	Massilia niastensis	species
1122214	strain	293089	Martelella mediterranea	species
1122213	strain	454601	Maritalea myrionectae	species
1122212	strain	64974	Marinospirillum minutulum	species
1122211	strain	217169	Marinospirillum insulare	species
1122209	strain	148454	Marinospirillum alkaliphilum	species
1122208	strain	1026	Marinoscillum furvescens	species
1122207	strain	263818	Marinomonas ushuaiensis	species
1122206	strain	293552	Marinomonas polaris	species
1122203	strain	301092	Marinococcus halotolerans	species
1122202	strain	420402	Marinobacterium rhizophilum	species
1122201	strain	404770	Marinobacterium litorale	species
1122200	strain	64970	Marinobacterium jannaschii	species
1122199	strain	267374	Marinobacterium halophilum	species
1122197	strain	262077	Marinobacter daepoensis	species
1122195	strain	287990	Marinitoga hydrogenitolerans	species
1122194	strain	306546	Marinimicrobium agarilyticum	species
1122193	strain	264023	Mariniflexile fucanivorans	species
1122192	strain	531310	Marinactinospora thermotolerans	species
1122191	strain	505250	Maribacter antarcticus	species
1122190	strain	85402	Mannheimia granulomatis	species
1122189	strain	57040	Malonomonas rubra	species
1122188	strain	435289	Lysobacter spongiicola	species
1122187	strain	498057	Lysobacter oryzae	species
1122185	strain	262325	Lysobacter concretionis	species
1122184	strain	288966	Lutispora thermophila	species
1122183	strain	83615	Luteimonas mephitis	species
1122182	strain	203523	Longispora albida	species
1122181	strain	245188	Yoonia vestfoldensis	species
1122180	strain	278132	Limimaricola hongkongensis	species
1122176	strain	70995	Lewinella cohaerens	species
1122175	strain	491918	Leucobacter chironomi	species
1122174	strain	157687	Leptotrichia wadei	species
1122173	strain	109328	Leptotrichia trevisanii	species
1122172	strain	157691	Leptotrichia shahii	species
1122171	strain	157688	Leptotrichia hofstadii	species
1122170	strain	28088	Legionella wadsworthii	species
1122169	strain	45075	Legionella shakespearei	species
1122167	strain	45073	Legionella quinlivanii	species
1122165	strain	39962	Legionella moravica	species
1122164	strain	45067	Legionella lansingensis	species
1122163	strain	455	Legionella jamestowniensis	species
1122162	strain	454	Legionella israelensis	species
1122161	strain	45065	Legionella geestiana	species
1122160	strain	28084	Legionella cherrii	species
1122159	strain	988	Leeuwenhoekiella marinoflava	species
1122158	strain	356662	Leeia oryzae	species
1122157	strain	168471	Laribacter hongkongensis	species
1122156	strain	198706	Lampropedia hyalina	species
1122155	strain	341220	Lactonifactor longoviformis	species
1122154	strain	451457	Lactococcus chungangensis	species
1122153	strain	228229	Ligilactobacillus saerimneri	species
1122152	strain	116089	Lactobacillus psittaci	species
1122150	strain	82688	Liquorilactobacillus nagelii	species
1122149	strain	176292	Secundilactobacillus malefermentans	species
1122148	strain	53444	Fructilactobacillus lindneri	species
1122147	strain	304207	Schleiferilactobacillus harbinensis	species
1122146	strain	395085	Ligilactobacillus ceti	species
1122143	strain	515351	Lacticigenium naphthae	species
1122142	strain	140626	Lachnobacterium bovis	species
1122140	strain	184067	Kushneria indalinina	species
1122139	strain	504092	Kushneria aurantia	species
1122138	strain	460086	Kribbella catacumbae	species
1122137	strain	288022	Kordiimonas gwangyangensis	species
1122136	strain	265175	Kingella potus	species
1122135	strain	454162	Kiloniella laminariae	species
1122134	strain	261965	Kangiella aquimarina	species
1122133	strain	446684	Kaistia soli	species
1122132	strain	363259	Kaistia granuli	species
1122131	strain	166954	Kaistia adipata	species
1122130	strain	262806	Jonesia quinghaiensis	species
1122129	strain	157228	Jeotgalicoccus psychrophilus	species
1122128	strain	516700	Jeotgalicoccus marinus	species
1122125	strain	171674	Inquilinus limosus	species
1122124	strain	431675	Pseudidiomarina sediminum	species
1121961	species	2723	Hirschia	genus
1121960	species	2745	Halomonas	genus
1121959	strain	344998	Hymenobacter psychrotolerans	species
1121957	strain	223903	Hymenobacter norwichensis	species
1121956	strain	89968	Hymenobacter gelipurpurascens	species
1121955	strain	496053	Hymenobacter daecheongensis	species
1121954	strain	89969	Hymenobacter chitinivorans	species
1121953	strain	119644	Hymenobacter aerophilus	species
1121952	strain	427754	Humibacter albus	species
1121950	strain	180311	Hespellia stercorisuis	species
1121949	strain	453851	Henriciella marina	species
1121948	strain	287478	Hellea balneolensis	species
1121947	strain	241555	Helcococcus sueciensis	species
1121946	strain	53368	Hamadaea tsunoensis	species
1121945	strain	337243	Halorubrum ezzemoulense	species
1121943	strain	453962	Halomonas lutea	species
1121942	strain	480814	Halomonas ilicicola	species
1121941	strain	28252	Halomonas halodenitrificans	species
1121940	strain	176290	Halomonas halocynthiae	species
1121939	strain	258591	Halomonas anticariensis	species
1121938	strain	302481	Halobacillus kuroshimensis	species
1121937	strain	287487	Haliea salexigens	species
1121936	strain	392827	Halalkalibacillus halophilus	species
1121935	strain	286420	Hahella ganghwensis	species
1121934	strain	256821	Gulosibacter molinativorax	species
1121933	strain	266854	Granulicoccus phenolivorans	species
1121932	strain	326069	Christiangramia portivictoriae	species
1121931	strain	279359	Christiangramia echinicola	species
1121930	strain	454600	Gracilimonas tropica	species
1121929	strain	393087	Gracilibacillus lacisalsi	species
1121928	strain	376351	Gordonia shandongensis	species
1121927	strain	53427	Gordonia hirsuta	species
1121926	strain	256035	Glycomyces arizonensis	species
1121925	strain	136093	Globicatella sulfidifaciens	species
1121924	strain	501023	Glaciibacter superstes	species
1121923	strain	56804	Glaciecola punicea	species
1121922	strain	56807	Glaciecola pallidula	species
1121921	strain	396005	Gilvimarinus chinensis	species
1121920	strain	44676	Geothrix fermentans	species
1121919	strain	390806	Geosporobacter subterraneus	species
1121918	strain	225196	Geopsychrobacter electrodiphilus	species
1121917	strain	301148	Caldibacillus debilis	species
1121915	strain	392333	Geoalkalibacter ferrihydriticus	species
1121914	strain	150240	Gemella cuniculi	species
1121912	strain	169050	Gelidibacter mesophilus	species
1121911	strain	218205	Garciella nitratireducens	species
1121910	strain	750	Gallibacterium anatis	species
1121909	strain	311208	Gaetbulibacter saemankumensis	species
1121908	strain	76009	Fusibacter paucivorans	species
1121907	strain	220714	Fructobacillus pseudoficulneus	species
1121906	strain	283737	Fructobacillus durionis	species
1121905	strain	83765	Formivibrio citricus	species
1121904	strain	70993	Flexithrix dorotheae	species
1121903	strain	1002	Hugenholtzia roseola	species
1121902	strain	997	Eisenibacter elegans	species
1121901	strain	150172	Flavobacterium tegetincola	species
1121900	strain	498292	Flavobacterium swingsii	species
1121899	strain	350894	Flavobacterium suncheonense	species
1121898	strain	426226	Flavobacterium subsaxonicum	species
1121897	strain	344881	Flavobacterium soli	species
1121896	strain	503361	Flavobacterium sasangense	species
1121895	strain	498301	Flavobacterium rivuli	species
1121894	strain	96345	Flavobacterium psychrophilum	species
1121891	strain	206041	Flavobacterium gelidilacus	species
1121890	strain	99286	Flavobacterium frigidarium	species
1121889	strain	370974	Flavobacterium filum	species
1121888	strain	281361	Flavobacterium denitrificans	species
1121887	strain	350893	Flavobacterium daejeonense	species
1121886	strain	370975	Flavobacterium croceum	species
1121885	strain	398045	Flavisolibacter ginsengiterrae	species
1121884	strain	462367	Flavisolibacter ginsengisoli	species
1121883	strain	44754	Fervidobacterium gondwanense	species
1121882	strain	310769	Fervidobacterium changbaicum	species
1121881	strain	209649	Ferrithrix thermotolerans	species
1121880	strain	394566	Ferrimonas senticii	species
1121879	strain	364763	Ferrimonas kyonanensis	species
1121878	strain	364764	Ferrimonas futtsuensis	species
1121877	strain	121039	Ferrimicrobium acidiphilum	species
1121875	strain	446681	Eudoraea adriatica	species
1121874	strain	38402	Erysipelothrix tonsillarum	species
1121873	strain	225084	Erysipelothrix inopinata	species
1121872	strain	65700	Erwinia tracheiphila	species
1121871	strain	88132	Eremococcus coleocola	species
1121869	strain	188144	Enterovibrio norvegicus	species
1121868	strain	504469	Enterovibrio nigricans	species
1121867	strain	91359	Enterovibrio calviensis	species
1121866	strain	580026	Adlercreutzia mucosicola	species
1121865	strain	1355	Enterococcus columbae	species
1121864	strain	44008	Enterococcus cecorum	species
1121863	strain	435910	Franconibacter pulveris	species
1121862	strain	305900	Endozoicomonas elysicola	species
1121861	strain	457934	Elioraea tepidiphila	species
1121860	strain	570835	Edaphobacter aggregans	species
1121859	strain	346377	Echinicola pacifica	species
1121832	species	1121829	Fodinicurvata	genus
1121721	species	2767345	Jongsikchunia	genus
1121485	strain	45254	Dysgonomonas capnocytophagoides	species
1121484	strain	363850	Dyadobacter ginsengisoli	species
1121483	strain	292407	Dyadobacter crusticola	species
1121482	strain	365489	Dyadobacter beijingensis	species
1121481	strain	492736	Dyadobacter alkalitolerans	species
1121480	strain	246602	Pseudoduganella violaceinigra	species
1121479	strain	337702	Pseudodonghicola xiamenensis	species
1121478	strain	491745	Diaphorobacter oryzae	species
1121477	strain	288995	Devosia limi	species
1121476	strain	332095	Dethiosulfatibacter aminovorans	species
1121475	strain	57664	Desulfuromonas thiophila	species
1121473	strain	240166	Desulfurobacterium pacificum	species
1121472	strain	265470	Desulfurispora thermophila	species
1121470	strain	79269	Desulfurella multipotens	species
1121468	strain	348842	Desulfovirgula thermocuniculi	species
1121466	strain	201571	Oleidesulfovibrio vietnamensis	species
1121465	strain	463192	Pseudodesulfovibrio tunisiensis	species
1121462	strain	270496	Fundidesulfovibrio putealis	species
1121461	strain	415242	Desulfovibrio psychrotolerans	species
1121459	strain	63560	Desulfovibrio oxyclinae	species
1121458	strain	147047	Humidesulfovibrio mexicanus	species
1121457	strain	458711	Halodesulfovibrio marinisediminis	species
1121456	strain	889	Paucidesulfovibrio longus	species
1121455	strain	466107	Desulfovibrio litoralis	species
1121454	strain	58621	Desulfovibrio intestinalis	species
1121453	strain	102109	Desulfovibrio inopinatus	species
1121452	strain	575978	Humidesulfovibrio idahonensis	species
1121451	strain	191026	Maridesulfovibrio hydrothermalis	species
1121450	strain	45629	Pseudodesulfovibrio halophilus	species
1121449	strain	47158	Paucidesulfovibrio gracilis	species
1121448	strain	879	Megalodesulfovibrio gigas	species
1121447	strain	340956	Maridesulfovibrio frigidus	species
1121446	strain	246191	Maridesulfovibrio ferrireducens	species
1121445	strain	876	Desulfovibrio desulfuricans	species
1121443	strain	159728	Desulfovibrio cuneatus	species
1121442	strain	376490	Desulfobaculum bizertense	species
1121441	strain	47157	Maridesulfovibrio bastinii	species
1121440	strain	81425	Desulfovibrio aminophilus	species
1121439	strain	293256	Alkalidesulfovibrio alkalitolerans	species
1121438	strain	81406	Solidesulfovibrio alcoholivorans	species
1121436	strain	58180	Oleidesulfovibrio alaskensis	species
1121435	strain	873	Desulfocurvibacter africanus	species
1121434	strain	126333	Halodesulfovibrio aestuarii	species
1121433	strain	339722	Desulfovermiculus halophilus	species
1121432	strain	348840	Desulfofundulus thermosubterraneus	species
1121431	strain	58137	Desulfallas thermosapovorans	species
1121430	strain	42471	Desulfofundulus thermocisternus	species
1121428	strain	412895	Desulforamulus hydrothermalis	species
1121427	strain	57172	Desulfohalotomaculum halophilum	species
1121425	strain	1566	Desulfofundulus australicus	species
1121423	strain	105483	Desulfofalx alkaliphila	species
1121422	strain	265477	Desulfotruncus alcoholivorax	species
1121420	strain	329936	Desulfosporosinus lacus	species
1121419	strain	569859	Desulfosporosinus hippei	species
1121418	strain	91360	Desulforhopalus singaporensis	species
1121416	strain	231440	Desulfopila aestuarii	species
1121415	strain	564288	Desulfonauticus autotrophicus	species
1121414	strain	159290	Desulfonatronum thiodismutans	species
1121413	strain	53245	Desulfonatronovibrio hydrogenovorans	species
1121412	strain	380392	Thermodesulfomicrobium thermophilum	species
1121411	strain	29503	Desulfomicrobium escambiense	species
1121410	strain	231438	Desulfoluna butyratoxydans	species
1121409	strain	51195	Desulfofustis glycolicus	species
1121406	strain	399548	Desulfocurvus vexinensis	species
1121405	strain	897	Desulfococcus multivorans	species
1121402	strain	53332	Desulfobulbus elongatus	species
1121401	strain	888	Desulfobotulus sapovorans	species
112140	species	89583	Gluconacetobacter	genus
1121399	strain	90728	Desulfatiglans anilini	species
1121398	strain	34031	Desulfobacter vibrioformis	species
1121397	strain	2292	Desulfobacter latus	species
1121396	strain	2290	Desulfobacter curvatus	species
1121395	strain	51616	Desulfitobacterium chlororespirans	species
1121394	strain	340467	Desulfatirhabdium butyrativorans	species
1121393	strain	259354	Desulfatibacillum alkenivorans	species
1121392	strain	218208	Desulfatibacillum aliphaticivorans	species
1121391	strain	35837	Desulfacinum infernum	species
1121390	strain	109258	Desulfacinum hydrothermale	species
1121389	strain	500615	Desmospora activa	species
1121388	strain	203699	Derxia gummosa	species
1121387	strain	1863	Dermatophilus congolensis	species
1121386	strain	146817	Dendrosporobacter quercicolus	species
1121385	strain	63959	Demetria terragena	species
1121383	strain	68910	Deinococcus murrayi	species
1121382	strain	392413	Deinococcus misasensis	species
1121381	strain	249408	Deinococcus marmoris	species
1121380	strain	249403	Deinococcus frigens	species
1121379	strain	317577	Deinococcus ficus	species
1121378	strain	519440	Deinococcus aquatilis	species
1121377	strain	309886	Deinococcus apachensis	species
1121375	strain	400948	Deefgea rivuli	species
1121374	strain	471499	Dasania marina	species
1121373	strain	29530	Cytophaga aurantiaca	species
1121372	strain	444608	Gryllotalpicola ginsengisoli	species
1121371	strain	80872	Cryptosporangium japonicum	species
1121370	strain	487732	Corynebacterium ulceribovis	species
1121369	strain	203264	Corynebacterium suicordis	species
1121368	strain	37637	Corynebacterium pseudodiphtheriticum	species
1121367	strain	43769	Corynebacterium propinquum	species
1121366	strain	35756	Corynebacterium pilosum	species
1121365	strain	161890	Corynebacterium mastitidis	species
1121364	strain	441501	Corynebacterium massiliense	species
1121363	strain	541095	Corynebacterium lubricantis	species
1121362	strain	225326	Corynebacterium halotolerans	species
1121361	strain	39791	Corynebacterium glucuronolyticum	species
1121360	strain	556548	Corynebacterium freiburgense	species
1121358	species	1716	Corynebacterium	genus
1121357	strain	35757	Corynebacterium cystitidis	species
1121356	strain	227319	Corynebacterium ciconiae	species
1121355	strain	234828	Corynebacterium caspium	species
1121354	strain	131081	Corynebacterium capitovis	species
1121353	strain	1721	Corynebacterium callunae	species
1121352	strain	153493	Conchiformibius steedae	species
1121351	strain	211502	Conchiformibius kuhniae	species
1121350	strain	108437	Comamonas nitrativorans	species
1121349	strain	408558	Comamonas composti	species
1121348	strain	265291	Comamonas badia	species
1121347	strain	329858	Cohnella thermotolerans	species
1121346	strain	380174	Cohnella laeviribosi	species
1121345	strain	100134	Anaerocolumna xylanovorans	species
1121344	strain	47246	[Clostridium] viride	species
1121343	strain	119641	Clostridium uliginosum	species
1121342	strain	1519	Clostridium tyrobutyricum	species
1121341	strain	84032	Pseudoclostridium thermosuccinogenes	species
1121340	strain	29373	Clostridium thermopalmarium	species
1121339	strain	29372	Clostridium thermobutyricum	species
1121338	strain	420412	Clostridium tepidiprofundi	species
1121337	strain	396504	Ruminiclostridium sufflavum	species
1121336	strain	1510	Thermoclostridium stercorarium	species
1121335	strain	1510	Thermoclostridium stercorarium	species
1121334	strain	1549	Faecalispora sporosphaeroides	species
1121333	strain	341225	Thomasclavelia saccharogumia	species
1121331	strain	29365	Hathewaya proteolytica	species
1121330	strain	37658	Anaeromicropila populeti	species
1121329	strain	29364	[Clostridium] polysaccharolyticum	species
1121328	strain	29346	Alkalithermobacter thermoalcaliphilus	species
1121327	strain	36847	Anaerotignum neopropionicum	species
1121326	strain	33954	Clostridium magnum	species
1121325	strain	1537	Romboutsia lituseburensis	species
1121324	strain	1557	Peptoclostridium litorale	species
1121323	strain	160404	Anaerotignum lactatifermentans	species
1121322	strain	259063	Anaerocolumna jejuensis	species
1121321	strain	29359	Asaccharospora irregularis	species
1121320	strain	36845	Clostridium intestinale	species
1121319	strain	349933	Clostridium hydrogeniformans	species
1121318	strain	36844	Clostridium homopropionicum	species
1121317	strain	36842	Maledivibacter halophilus	species
1121316	strain	40575	Clostridium grantii	species
1121315	strain	36841	Terrisporobacter glycolicus	species
1121314	strain	94869	Clostridium gasigenes	species
1121312	strain	84698	Clostridium frigidicarnis	species
1121311	strain	99656	[Clostridium] fimetarium	species
1121310	strain	36839	Clostridium felsineum	species
1121309	strain	1533	Clostridium fallax	species
1121307	strain	1495	Clostridium cylindrosporum	species
1121306	strain	29357	Clostridium collagenovorans	species
1121305	strain	179628	Clostridium colicanis	species
1121304	strain	69824	Thomasclavelia cocleata	species
1121302	strain	349931	Clostridium cavendishii	species
1121301	strain	191027	Paramaledivibacter caminithermalis	species
1121300	strain	659425	Thermoclostridium caenicola	species
1121299	strain	1121298	Clostridium amylolyticum	species
1121297	strain	1527	Anaerocolumna aminovalerica	species
1121296	strain	1526	[Clostridium] aminophilum	species
1121295	strain	37659	Clostridium algidicarnis	species
1121293	strain	91623	Clostridium akagii	species
1121291	strain	91624	Clostridium acidisoli	species
1121290	strain	76489	Clostridium acetireducens	species
1121289	strain	408753	Clostridiisalibacter paucivorans	species
1121288	strain	493376	Kaistella palustris	species
1121287	strain	456299	Chryseobacterium gregarium	species
1121286	strain	412438	Chryseobacterium daeguense	species
1121283	strain	394935	Chromobacterium haemolyticum	species
1121282	strain	1004	Chitinophaga sancti	species
1121281	strain	104662	Chitinophaga japonensis	species
1121280	strain	553088	Chitiniphilus shinanonensis	species
1121279	strain	240412	Chitinimonas taiwanensis	species
1121278	strain	356302	Chitinimonas koreensis	species
1121275	strain	362520	Chitinilyticum aquatile	species
1121274	strain	230667	Chitinibacter tainanensis	species
1121273	strain	76595	Cellulophaga fucicola	species
1121272	strain	129052	Catelliglobosispora koreensis	species
1121271	strain	220343	Gemmobacter nectariphilus	species
1121270	strain	285110	Carboxydocella sporoproducens	species
1121269	strain	28080	Campylobacter upsaliensis	species
1121268	strain	200	Campylobacter curvus	species
1121267	strain	374106	Campylobacter cuniculorum	species
1121266	strain	166485	Caminicella sporogenes	species
1121264	strain	116090	Caloranaerobacter azorensis	species
1121263	strain	112729	Caloramator viterbiensis	species
1121262	strain	53342	Caloramator proteoclasticus	species
1121261	strain	29344	Caloramator fervidus	species
1121259	strain	301953	Caldicellulosiruptor acetigenus	species
1121258	strain	447595	Caldanaerovirga acetigignens	species
1121257	strain	160792	Caldanaerobius zeae	species
1121256	strain	456330	Caldanaerobius fijiensis	species
1121255	strain	367474	Caenimonas koreensis	species
1121252	species	1121251	Cucumibacter	genus
1121132	strain	185008	Butyrivibrio hungatei	species
1121131	strain	831	Butyrivibrio fibrisolvens	species
1121130	strain	544645	Butyricimonas virosa	species
1121129	strain	544644	Butyricimonas synergistica	species
1121128	strain	501571	Butyricicoccus pullicaecorum	species
1121127	strain	392320	Paraburkholderia nodosa	species
1121126	strain	2756	Brochothrix thermosphacta	species
1121125	strain	588932	Brevundimonas naejangsanensis	species
1121124	strain	74311	Brevundimonas bacteroides	species
1121123	strain	370977	Brevundimonas aveniformis	species
1121122	strain	417948	Brevibacterium album	species
1121121	strain	1465	Brevibacillus laterosporus	species
1121120	strain	55210	Brenneria nigrifluens	species
1121119	strain	71656	Brenneria alni	species
1121118	strain	124225	Brackiella oedipodis	species
1121117	strain	28220	Brachymonas denitrificans	species
1121116	strain	491919	Brachymonas chironomi	species
1121115	strain	418240	Blautia wexlerae	species
1121114	strain	33035	Blautia producta	species
1121113	strain	34014	Pararhizobium capsulatum	species
1121112	strain	356829	Bifidobacterium tsurumiense	species
1121110	strain	77635	Bifidobacterium subtile	species
1121109	strain	1693	Bifidobacterium minimum	species
1121108	strain	1692	Bifidobacterium magnum	species
1121107	strain	35760	Bifidobacterium choerinum	species
1121106	strain	365533	Belnapia moabensis	species
1121104	strain	287535	Balneola vulgaris	species
1121103	strain	75684	Balneatrix alpica	species
1121102	strain	827	Campylobacter ureolyticus	species
1121101	strain	291644	Bacteroides salyersiae	species
1121100	strain	310300	Bacteroides pyogenes	species
1121099	strain	392838	Bacteroides propionicifaciens	species
1121097	strain	477666	Bacteroides graminisolvens	species
1121096	strain	376806	Bacteroides gallinarum	species
1121093	strain	363872	Ectobacillus panaciterrae	species
1121092	strain	356658	Peribacillus kribbensis	species
1121091	strain	225985	Fictibacillus gelatini	species
1121090	strain	254759	Siminovitchia fordii	species
1121089	strain	135735	Priestia endophytica	species
1121088	strain	1398	Heyndrickxia coagulans	species
1121087	strain	427072	Alkalicoccus chagannorensis	species
1121086	strain	254410	Alteribacter aurantiacus	species
1121085	strain	384933	Salibacterium aidingense	species
1121084	species	2837504	Heyndrickxia	genus
1121035	strain	146938	Azovibrio restrictus	species
1121034	strain	34011	Niveispirillum irakense	species
1121033	strain	34010	Azospirillum halopraeferens	species
1121032	strain	418702	Azonexus hydrophilus	species
1121031	strain	116849	Azomonas agilis	species
1121030	strain	364039	Azohydromonas australica	species
1121029	strain	41977	Parazoarcus communis	species
1121028	strain	401562	Aureimonas ureilytica	species
1121027	strain	182270	Aurantimonas coralicida	species
1121026	strain	370622	Aureimonas altamirensis	species
1121025	strain	180295	Atopostipes suicloacalis	species
1121024	strain	269774	Atopococcus tabaci	species
1121023	strain	39487	Atopobium fossor	species
1121022	strain	347481	Asticcacaulis benevestitus	species
1121021	strain	446660	Adlercreutzia equolifaciens	species
1121020	strain	479106	Haematomicrobium sanguinis	species
1121019	strain	271431	Arthrobacter castelli	species
1121018	strain	638	Arsenophonus nasoniae	species
1121017	strain	229480	Arsenicicoccus bolidensis	species
1121016	strain	2369	Arhodomonas aquaeolei	species
1121015	strain	498055	Arenimonas oryziterrae	species
1121014	strain	375061	Arenimonas donghaensis	species
1121013	strain	370776	Arenimonas composti	species
1121012	strain	86104	Arenibacter latericius	species
1121011	strain	228955	Arenibacter certesii	species
1121010	strain	217141	Arcicella aquatica	species
1121009	strain	403219	Archaeoglobus infectus	species
1121008	strain	265719	Aquimonas voraii	species
1121007	strain	279356	Aquimarina muelleri	species
1121006	strain	987	Aquimarina latercula	species
1121005	strain	323412	Aquimarina brevivitae	species
1121004	strain	190	Aquaspirillum serpens	species
1121003	strain	561088	Aquamicrobium aerolatum	species
1121002	strain	278991	Aneurinibacillus terranovensis	species
1121001	strain	1121000	Andreprevotia lacus	species
1120999	strain	396808	Andreprevotia chitinilytica	species
1120998	strain	109327	Anaerovorax odorimutans	species
1120997	strain	82374	Anaerovibrio lipolyticus	species
1120996	strain	264463	Anaerosporobacter mobilis	species
1120995	strain	1120994	Anaerosphaera aminiphila	species
1120992	strain	81464	Anaeromusa acidaminophila	species
1120991	strain	436000	Anaerobranca zavarzinii	species
1120990	strain	108328	Anaerobranca gottschalkii	species
1120989	strain	182411	Anaerobranca californiensis	species
1120988	strain	13335	Anaerobiospirillum succiniciproducens	species
1120987	strain	1120986	Acetomicrobium thermoterrenum	species
1120985	strain	82376	Anaeroarcus burkinensis	species
1120984	strain	342230	Amycolatopsis taiwanensis	species
1120983	strain	340680	Amorphus coralli	species
1120981	strain	194196	Alysiella filiformis	species
1120980	strain	153491	Alysiella crassa	species
1120979	strain	419015	Alloscardovia omnicolens	species
1120978	strain	166939	Allofustis seminis	species
1120977	strain	197183	Alkanindiges illinoisensis	species
1120976	strain	426129	Alkaliphilus peptidifermentans	species
1120975	strain	235931	Alkalibacter saccharofermentans	species
1120973	strain	232270	Effusibacillus pohliae	species
1120972	strain	122960	Alicyclobacillus herbarius	species
1120971	strain	392016	Alicyclobacillus contaminans	species
1120970	strain	561966	Aliagarivorans taiwanensis	species
1120969	strain	561965	Aliagarivorans marinus	species
1120968	strain	426371	Algoriphagus vanfongensis	species
1120967	strain	344884	Algoriphagus terrigena	species
1120966	strain	264027	Algoriphagus marincola	species
1120965	strain	226504	Algoriphagus mannitolivorans	species
1120964	strain	308111	Algoriphagus boritolerans	species
1120963	strain	163869	Algicola sagamiensis	species
1120962	strain	232846	Alcaligenes phenolicus	species
1120961	strain	76980	Ahrensia kielensis	species
1120960	strain	293890	Agromyces subbeticus	species
1120959	strain	279572	Agromyces italicus	species
1120958	strain	341722	Agrococcus lahaulensis	species
1120957	strain	714	Aggregatibacter actinomycetemcomitans	species
1120956	strain	209897	Afifella pfennigii	species
1120955	strain	1080	Afifella marina	species
1120954	strain	396389	Aestuariimicrobium kwangyangense	species
1120953	strain	226010	Aestuariibacter salexigens	species
1120952	strain	51665	Aerococcus urinaeequi	species
1120951	strain	487317	Aequorivita capsosiphonis	species
1120950	strain	533267	Actinopolymorpha alba	species
1120949	strain	113565	Actinoplanes globisporus	species
1120948	strain	402650	Actinomycetospora chiangmaiensis	species
1120947	strain	183916	Schaalia vaccimaxillae	species
1120946	strain	121163	Schaalia suimastitidis	species
1120945	strain	33007	Winkia neuii	species
1120944	strain	1659	Actinomyces israelii	species
1120943	strain	52769	Actinomyces gerencseriae	species
1120942	strain	52768	Schaalia georgiae	species
1120941	strain	272548	Actinomyces dentalis	species
1120940	strain	111805	Actinomadura pelletieri	species
1120938	species	1988	Actinomadura	genus
1120937	strain	31962	Actinomadura rifamycini	species
1120936	strain	1990	Actinomadura atramentaria	species
1120935	strain	103730	Actinokineospora inagensis	species
1120934	strain	155975	Actinokineospora enzanensis	species
1120933	strain	190146	Actinotignum urinale	species
1120932	strain	59505	Actinotignum schaalii	species
1120931	strain	717	Actinobacillus capsulatus	species
1120930	strain	2893586	Actinoalloteichus caeruleus	species
1120929	strain	202956	Acinetobacter towneri	species
1120928	strain	202955	Acinetobacter tjernbergiae	species
1120927	strain	202954	Acinetobacter tandoii	species
1120926	strain	202952	Acinetobacter gerneri	species
1120925	strain	202951	Acinetobacter bouvetii	species
1120924	strain	202950	Acinetobacter baylyi	species
1120923	strain	33998	Acidocella aminolytica	species
1120921	strain	187327	Acidaminococcus intestini	species
1120920	strain	65403	Acidaminobacter hydrogenoformans	species
1120919	strain	285268	Acetobacter nitrogenifigens	species
1120918	strain	2382	Acetitomaculum ruminis	species
1120917	strain	291968	Acaricomes phytoseiuli	species
1120797	species	1763	Mycobacterium	genus
1120568	species	238783	Pseudorhodobacter	genus
112040	genus	49546	Flavobacteriaceae	family
112009	species	112008	Ignatzschineria	genus
112008	genus	3018589	Ignatzschineriaceae	family
1120045	species	379	Rhizobium	genus
112002	species	497	Psychrobacter	genus
111955	species	69655	Sulfurisphaera	genus
1119529	strain	54265	Carboxydothermus ferrireducens	species
1119528	species	378210	Methyloversatilis	genus
1118964	strain	2100	Mesomycoplasma hyorhinis	species
1118963	species	1663	Arthrobacter	genus
1118959	strain	1280	Staphylococcus aureus	species
1118469	species	379	Rhizobium	genus
1118467	species	379	Rhizobium	genus
1118466	species	379	Rhizobium	genus
1118465	species	379	Rhizobium	genus
1118464	species	286	Pseudomonas	genus
1118463	species	286	Pseudomonas	genus
1118462	species	286	Pseudomonas	genus
1118461	species	286	Pseudomonas	genus
1118460	species	286	Pseudomonas	genus
1118459	species	286	Pseudomonas	genus
1118458	species	286	Pseudomonas	genus
1118457	species	286	Pseudomonas	genus
1118456	species	286	Pseudomonas	genus
1118455	species	286	Pseudomonas	genus
1118454	species	286	Pseudomonas	genus
1118453	species	286	Pseudomonas	genus
1118452	species	286	Pseudomonas	genus
111831	species	111830	Defluviicoccus	genus
111830	genus	41295	Rhodospirillaceae	family
1118230	species	613	Serratia	genus
1118153	species	2745	Halomonas	genus
1118100	species	44249	Paenibacillus	genus
111807	species	1988	Actinomadura	genus
1118062	strain	1472765	Peptoniphilus obesi	species
1118060	strain	1472761	Enorma massiliensis	species
1118059	strain	1472764	Kallipyga massiliensis	species
1118057	strain	1465756	Peptoniphilus grossensis	species
1118056	strain	1287640	Anaerococcus obesiensis	species
1118054	species	55080	Brevibacillus	genus
111805	species	1988	Actinomadura	genus
111803	species	58108	Actinocorallia	genus
1117955	strain	359110	Pseudomonas extremaustralis	species
1117943	strain	380	Sinorhizobium fredii	species
1117942	strain	1719	Corynebacterium pseudotuberculosis	species
1117941	strain	1358	Lactococcus lactis	species
111781	species	3079908	Picosynechococcus	genus
111780	strain	102116	Stanieria cyanosphaera	species
111769	species	1030	Thiothrix	genus
1117647	strain	447471	Simiduia agarivorans	species
1117645	species	308865	Elizabethkingia	genus
1117644	strain	29555	Mycoplasmopsis canis	species
1117379	strain	220685	Neobacillus bataviensis	species
1117320	strain	43660	Pseudoalteromonas undina	species
1117319	strain	298657	Pseudoalteromonas spongiae	species
1117318	strain	43658	Pseudoalteromonas rubra	species
1117316	strain	267375	Pseudoalteromonas marina	species
1117315	strain	228	Pseudoalteromonas haloplanktis	species
1117314	strain	43655	Pseudoalteromonas citrea	species
1117313	strain	394751	Pseudoalteromonas arctica	species
1117109	strain	44250	Paenibacillus alvei	species
1116472	strain	1410681	Methyloglobulus morosus	species
1116391	strain	61624	Paenibacillus mucilaginosus	species
1116389	strain	408174	Devosia insulae	species
1116375	species	662	Vibrio	genus
1116231	strain	59310	Streptococcus macedonicus	species
111590	species	32008	Burkholderia	genus
1115834	species	16	Methylophilus	genus
1115758	species	1501226	Romboutsia	genus
111564	species	211469	Kineosphaera	genus
1115515	strain	566	Pseudescherichia vulneris	species
1115512	strain	565	Atlantibacter hermannii	species
1115511	strain	208962	Escherichia albertii	species
111504	species	773	Bartonella	genus
111501	species	111500	Allomuricauda	genus
111500	genus	49546	Flavobacteriaceae	family
1114981	genus	2975441	Sphaerotilaceae	family
1114980	species	2132	Spiroplasma	genus
1114972	strain	231049	Furfurilactobacillus rossiae	species
1114970	species	286	Pseudomonas	genus
1114969	strain	1747	Cutibacterium acnes	species
1114967	strain	1747	Cutibacterium acnes	species
1114966	strain	1747	Cutibacterium acnes	species
1114965	strain	1318	Streptococcus parasanguinis	species
1114964	strain	1332080	Sphingobium baderi	species
1114963	strain	1420591	Novosphingobium barchaimii	species
1114962	strain	252394	Actinoalloteichus spitiensis	species
1114958	strain	492670	Bacillus velezensis	species
1114880	species	642	Aeromonas	genus
1114874	species	237	Flavobacterium	genus
1114873	species	237	Flavobacterium	genus
1114856	strain	63128	Natronorubrum tibetense	species
1114263	strain	136992	Methylomicrobium lacus	species
1113728	species	59753	Alcanivorax	genus
1113551	species	1827	Rhodococcus	genus
1113550	species	1827	Rhodococcus	genus
111292	species	58050	Moritella	genus
1112912	strain	29461	Brucella suis	species
111291	species	58050	Moritella	genus
1112856	strain	2104	Mycoplasmoides pneumoniae	species
1112273	species	16	Methylophilus	genus
1112267	strain	83554	Chlamydia psittaci	species
1112254	strain	83554	Chlamydia psittaci	species
1112252	strain	83554	Chlamydia psittaci	species
1112250	strain	83554	Chlamydia psittaci	species
1112215	species	235888	Salinibacterium	genus
1112214	species	13687	Sphingomonas	genus
1112212	strain	59803	Sphingomonas echinoides	species
1112209	species	497	Psychrobacter	genus
1112204	strain	84595	Gordonia polyisoprenivorans	species
1112	species	1041	Erythrobacter	genus
1111738	strain	37925	Thermocrispum agreste	species
1111737	strain	37926	Thermocrispum municipale	species
1111736	strain	34071	Telluria mixta	species
1111735	strain	191960	Sedimenticola selenatireducens	species
1111734	strain	1748	Acidipropionibacterium acidipropionici	species
1111733	strain	286638	Massilia alkalitolerans	species
1111732	strain	112009	Ignatzschineria larvae	species
1111731	strain	58116	Glycomyces tenuis	species
1111730	strain	271155	Flavobacterium antarcticum	species
1111729	strain	489915	Corynebacterium sputi	species
1111728	strain	82979	Budvicia aquatica	species
1111678	strain	1359	Lactococcus cremoris	species
1111676	strain	136241	Mycoplasma haemocanis	species
1111479	strain	204470	Alicyclobacillus pomorum	species
1111454	species	906	Megasphaera	genus
111142	genus	72275	Alteromonadaceae	family
1111137	species	84108	Slackia	genus
1111134	species	162289	Peptoniphilus	genus
1111126	species	428711	Jonquetella	genus
1111121	species	1380	Atopobium	genus
1111120	species	904	Acidaminococcus	genus
1111071	strain	81479	Rhodoferax antarcticus	species
1111069	species	270	Thermus	genus
1111068	strain	33941	Geobacillus thermoleovorans	species
111105	species	836	Porphyromonas	genus
1111	genus	335929	Erythrobacteraceae	family
1110697	strain	1824	Nocardia asteroides	species
1110509	strain	301375	Methanothrix harundinacea	species
1110502	strain	171437	Tistrella mobilis	species
1110389	species	364316	Verminephrobacter	genus
111015	species	1654	Actinomyces	genus
1109412	species	71655	Brenneria	genus
110937	species	33886	Rathayibacter	genus
110936	species	33886	Rathayibacter	genus
110935	species	110934	Agreia	genus
110934	genus	85023	Microbacteriaceae	family
110933	species	110932	Leifsonia	genus
110932	genus	85023	Microbacteriaceae	family
1109253	species	1386	Bacillus	genus
1109	genus	1508635	Roseiflexaceae	family
1108969	strain	488731	Burkholderia seminalis	species
1108595	species	535	Chromobacterium	genus
110845	species	3076175	Phocicoccus	genus
1108045	strain	83341	Gordonia rhizosphera	species
1108044	strain	249058	Gordonia otitidis	species
1108	species	1107	Chloroflexus	genus
1107882	strain	475067	Mesorhizobium alhagi	species
1107880	strain	1245	Leuconostoc mesenteroides	species
1107315	species	1485	Clostridium	genus
1107311	strain	1341165	Flavobacterium enshiense	species
1107	genus	1106	Chloroflexaceae	family
110662	species	1129	Synechococcus	genus
110539	species	1866885	Mycolicibacterium	genus
1105271	strain	1311	Streptococcus agalactiae	species
1105270	strain	1311	Streptococcus agalactiae	species
1105269	strain	1311	Streptococcus agalactiae	species
1105268	strain	1311	Streptococcus agalactiae	species
1105267	strain	1311	Streptococcus agalactiae	species
1105266	strain	1311	Streptococcus agalactiae	species
1105265	strain	1311	Streptococcus agalactiae	species
1105264	strain	1311	Streptococcus agalactiae	species
1105263	strain	1311	Streptococcus agalactiae	species
1105262	strain	1311	Streptococcus agalactiae	species
1105261	strain	1311	Streptococcus agalactiae	species
1105260	strain	1311	Streptococcus agalactiae	species
1105259	strain	1311	Streptococcus agalactiae	species
1105258	strain	1311	Streptococcus agalactiae	species
1105257	strain	1311	Streptococcus agalactiae	species
1105256	strain	1311	Streptococcus agalactiae	species
1105255	strain	1311	Streptococcus agalactiae	species
1105254	strain	1311	Streptococcus agalactiae	species
1105253	strain	1311	Streptococcus agalactiae	species
1105252	strain	1311	Streptococcus agalactiae	species
1105114	strain	33991	Rickettsia montanensis	species
1105113	strain	33992	Rickettsia rhipicephali	species
1105112	strain	35791	Rickettsia massiliae	species
1105111	strain	33989	Rickettsia amblyommatis	species
1105110	strain	787	Rickettsia australis	species
1105109	strain	35794	Rickettsia slovaca	species
1105108	strain	35792	Rickettsia parkeri	species
1105107	strain	788	Rickettsia canadensis	species
1105106	species	780	Rickettsia	genus
1105105	strain	783	Rickettsia rickettsii	species
1105104	strain	783	Rickettsia rickettsii	species
1105103	strain	783	Rickettsia rickettsii	species
1105102	strain	783	Rickettsia rickettsii	species
1105101	strain	783	Rickettsia rickettsii	species
1105100	strain	783	Rickettsia rickettsii	species
1105099	strain	782	Rickettsia prowazekii	species
1105098	strain	782	Rickettsia prowazekii	species
1105097	strain	782	Rickettsia prowazekii	species
1105096	strain	782	Rickettsia prowazekii	species
1105095	strain	782	Rickettsia prowazekii	species
1105094	strain	782	Rickettsia prowazekii	species
110505	species	1763	Mycobacterium	genus
110500	species	191373	Pelotomaculum	genus
110479	species	91914	Asaia	genus
1104777	species	2706529	Segeticoccus	genus
1104774	species	182269	Aurantimonas	genus
1104446	strain	229155	Borrelia turcica	species
1104326	strain	550	Enterobacter cloacae	species
1104324	species	2276	Pyrobaculum	genus
1104322	strain	1359	Lactococcus cremoris	species
1104321	strain	36855	Brucella canis	species
1104320	strain	235	Brucella abortus	species
110322	species	28105	Sinorhizobium	genus
110321	species	28105	Sinorhizobium	genus
110319	species	1839	Nocardioides	genus
1102	species	1101	Prosthecochloris	genus
1101192	species	407	Methylobacterium	genus
1101190	species	61653	Methylopila	genus
1101	genus	191412	Chlorobiaceae	family
1100891	genus	506	Alcaligenaceae	family
1100841	strain	470	Acinetobacter baumannii	species
1100832	strain	813	Chlamydia trachomatis	species
1100720	species	665874	Limnohabitans	genus
1100711	species	665874	Limnohabitans	genus
1100708	species	665874	Limnohabitans	genus
1100706	species	665874	Limnohabitans	genus
1100	species	1099	Pelodictyon	genus
110	species	279	Xanthobacter	genus
11	species	1707	Cellulomonas	genus
1099853	species	1348911	Coprobacter	genus
1099	genus	191412	Chlorobiaceae	family
1098	species	1101	Prosthecochloris	genus
109790	species	1578	Lactobacillus	genus
1097677	strain	31963	Clavibacter nebraskensis	species
1097669	strain	1773	Mycobacterium tuberculosis	species
1097668	species	32008	Burkholderia	genus
1097667	species	361607	Patulibacter	genus
1097466	genus	31989	Paracoccaceae	family
1097366	species	237	Flavobacterium	genus
1097	species	256319	Chlorobaculum	genus
1096997	strain	470	Acinetobacter baumannii	species
1096996	strain	470	Acinetobacter baumannii	species
1096995	strain	470	Acinetobacter baumannii	species
1096868	species	1847	Pseudonocardia	genus
1096856	species	1847	Pseudonocardia	genus
1096779	species	469	Acinetobacter	genus
1096546	species	407	Methylobacterium	genus
1096243	species	135575	Idiomarina	genus
1096091	strain	298598	Labrys methylaminiphilus	species
1096	species	1091	Chlorobium	genus
1095955	strain	160	Treponema pallidum	species
1095900	strain	111504	Bartonella birtlesii	species
1095774	strain	553	Pantoea ananatis	species
1095770	strain	1268254	Peptoniphilus timonensis	species
1095769	strain	1465823	Noviherbaspirillum massiliense	species
1095768	strain	1485952	Phytobacter massiliensis	species
1095767	strain	1465811	Cellulomonas massiliensis	species
1095750	strain	467210	Lachnoanaerobaculum saburreum	species
1095749	strain	752	Pasteurella bettyae	species
1095747	strain	859	Fusobacterium necrophorum	species
1095744	strain	735	Haemophilus parahaemolyticus	species
1095731	strain	1338	Streptococcus intermedius	species
1095729	strain	1328	Streptococcus anginosus	species
1095191	species	182709	Oceanobacillus	genus
1095113	species	1163	Anabaena	genus
1095024	species	1279	Staphylococcus	genus
1095012	species	1485	Clostridium	genus
1095009	species	1485	Clostridium	genus
1094980	strain	420950	Methanolobus psychrophilus	species
1094755	species	773	Bartonella	genus
109472	species	109471	Bisgaardia	genus
109465	species	1839	Nocardioides	genus
1094555	strain	807	Bartonella elizabethae	species
1094553	strain	33044	Bartonella doshiae	species
1094551	strain	52764	Bartonella alsatica	species
1094508	strain	28896	Thermoanaerobacterium saccharolyticum	species
1094497	strain	33047	Bartonella vinsonii	species
1094491	strain	155194	Bartonella bovis	species
1094489	strain	388640	Bartonella australis	species
1094466	strain	312277	Flavobacterium indicum	species
1094342	species	3020832	Alloalcanivorax	genus
1094188	strain	1515	Acetivibrio thermocellus	species
1094170	strain	573	Klebsiella pneumoniae	species
1094	species	1091	Chlorobium	genus
1093787	strain	287	Pseudomonas aeruginosa	species
109330	species	2013	Nocardiopsis	genus
109329	species	2013	Nocardiopsis	genus
109326	genus	3030910	Anaerovoracaceae	family
109324	genus	68298	Syntrophomonadaceae	family
1093099	strain	196	Campylobacter fetus	species
1093097	strain	408015	Streptomyces xiamenensis	species
109266	species	110103	Anabaenopsis	genus
109262	genus	255526	Halothiobacillaceae	family
109232	species	780	Rickettsia	genus
1092	species	1091	Chlorobium	genus
109169	genus	2904606	Desulfofabaceae	family
109168	genus	2886822	Desulfocapsaceae	family
109166	genus	213119	Desulfobacteraceae	family
1091501	strain	1773	Mycobacterium tuberculosis	species
1091500	strain	1773	Mycobacterium tuberculosis	species
1091497	strain	29575	Taylorella equigenitalis	species
1091495	strain	84590	Taylorella asinigenitalis	species
1091494	strain	271065	Methylotuvimicrobium alcaliphilum	species
1091046	strain	36809	Mycobacteroides abscessus	species
1091045	strain	1747	Cutibacterium acnes	species
1091042	strain	305	Ralstonia solanacearum	species
1091041	strain	1390	Bacillus amyloliquefaciens	species
1091	genus	191412	Chlorobiaceae	family
1090974	strain	33970	Melissococcus plutonius	species
1090322	strain	2221	Methanolobus tindarius	species
1090320	strain	152682	Sphingomonas melonis	species
1090319	strain	257003	Sphingomonas phyllosphaerae	species
1090317	strain	152682	Sphingomonas melonis	species
1090316	strain	152682	Sphingomonas melonis	species
109	genus	41294	Nitrobacteraceae	family
108981	species	469	Acinetobacter	genus
108980	species	469	Acinetobacter	genus
1089553	strain	85874	Thermacetogenium phaeum	species
1089552	strain	1087	Rhodovibrio salinarum	species
1089551	strain	404900	Geminicoccus roseus	species
1089550	strain	503170	Salisaeta longa	species
1089549	strain	526067	Haloglycomyces albus	species
1089548	strain	94009	Thermicanus aegyptius	species
1089547	strain	451374	Rudanella lutea	species
1089546	strain	1850	Actinopolyspora halophila	species
1089545	strain	208443	Amycolatopsis balhimycina	species
1089544	strain	346045	Amycolatopsis benzoatilytica	species
1089456	strain	287	Pseudomonas aeruginosa	species
1089455	strain	746032	Mobilicoccus pelagius	species
1089454	strain	2055	Gordonia terrae	species
1089453	strain	36823	Gordonia sputi	species
1089446	strain	1719	Corynebacterium pseudotuberculosis	species
1089444	species	204037	Dickeya	genus
1089439	strain	270495	Fangia hongkongensis	species
1088883	strain	622488	Francisella hispaniensis	species
1088875	strain	28110	Francisella philomiragia	species
1088869	strain	479935	Gluconobacter morbifer	species
1088868	strain	479936	Commensalibacter intestini	species
1088721	strain	205844	Novosphingobium pentaromativorans	species
1088720	strain	47715	Lacticaseibacillus rhamnosus	species
108819	species	68335	Coprothermobacter	genus
1087481	strain	59893	Paenibacillus peoriae	species
1087479	strain	2751	Carnobacterium maltaromaticum	species
1087454	strain	1719	Corynebacterium pseudotuberculosis	species
1087453	strain	1719	Corynebacterium pseudotuberculosis	species
1087452	strain	1719	Corynebacterium pseudotuberculosis	species
1087451	strain	1719	Corynebacterium pseudotuberculosis	species
1087449	species	290174	Aquimarina	genus
1087448	strain	132920	Exiguobacterium antarcticum	species
1086726	strain	954	Francisella persica	species
1085623	strain	300231	Glaciecola nitratireducens	species
1085622	genus	31957	Propionibacteriaceae	family
1085	species	1081	Rhodospirillum	genus
108486	species	1716	Corynebacterium	genus
108437	species	283	Comamonas	genus
1084	species	1612157	Pararhodospirillum	genus
1083	species	13134	Magnetospirillum	genus
1082934	strain	470	Acinetobacter baumannii	species
1082933	strain	71433	Mesorhizobium amorphae	species
1082931	strain	531813	Pelagibacterium halotolerans	species
1082851	species	283	Comamonas	genus
1081940	strain	303	Pseudomonas putida	species
1081646	strain	29519	Borreliella garinii	species
1081644	species	529881	Aquiluna	genus
1081620	species	1883	Streptomyces	genus
1081619	species	1386	Bacillus	genus
1081613	strain	1888	Streptomyces albus	species
1081606	species	1883	Streptomyces	genus
1081605	species	1883	Streptomyces	genus
1081604	species	1883	Streptomyces	genus
1081603	species	1883	Streptomyces	genus
108150	species	1754	Thermoanaerobacter	genus
1081093	strain	28901	Salmonella enterica	species
1081	genus	41295	Rhodospirillaceae	family
1080712	species	1080709	Methanomassiliicoccus	genus
1080709	genus	1577788	Methanomassiliicoccaceae	family
1080226	species	261827	Algibacter	genus
108015	species	374	Bradyrhizobium	genus
108007	species	81461	Thermanaerovibrio	genus
1080068	species	47251	Leptolyngbya	genus
1080	species	643217	Afifella	genus
108	species	107	Spirosoma	genus
1079994	species	55968	Leucobacter	genus
1079988	strain	1718	Corynebacterium glutamicum	species
1079985	strain	1969	Streptomyces chartreusis	species
1079859	species	1664383	Pseudarcicella	genus
1079800	species	379	Rhizobium	genus
1079	species	59282	Blastochloris	genus
1078905	species	1078904	Nitrosotalea	genus
1078860	genus	204434	Acidobacteriaceae	family
1078846	strain	645578	Methylovulum miyakonense	species
1078830	genus	204434	Acidobacteriaceae	family
1078829	genus	204434	Acidobacteriaceae	family
1078773	strain	80842	Herbaspirillum rubrisubalbicans	species
1078764	species	1716	Corynebacterium	genus
1078505	species	44249	Paenibacillus	genus
1078471	species	265976	Serinicoccus	genus
1078091	species	33042	Coprococcus	genus
1078090	species	33042	Coprococcus	genus
1078089	species	816	Bacteroides	genus
1078086	species	1883	Streptomyces	genus
1078085	species	651660	Paenisporosarcina	genus
1078083	species	1279	Staphylococcus	genus
107806	strain	9	Buchnera aphidicola	species
1078020	strain	1797	Mycolicibacterium thermoresistibile	species
1077976	strain	84595	Gordonia polyisoprenivorans	species
1077975	strain	36822	Gordonia rubripertincta	species
1077974	strain	263908	Gordonia effusa	species
1077972	strain	1665	Arthrobacter globiformis	species
1077285	strain	674529	Bacteroides faecis	species
1077265	genus	1077264	Chthonomonadaceae	family
1077144	strain	665550	Dietzia alimentaria	species
107709	species	178440	Opitutus	genus
1076934	strain	150055	Streptococcus lutetiensis	species
1076596	species	434	Acetobacter	genus
1076588	species	1608298	Thiolapillus	genus
1076550	species	53335	Pantoea	genus
1076524	species	75309	Rhodanobacter	genus
1076523	species	75309	Rhodanobacter	genus
1076522	species	1612198	Asinibacterium	genus
1076414	strain	79883	Sutcliffiella horikoshii	species
107637	species	416	Methylomonas	genus
107636	species	425	Methylosinus	genus
107635	species	425	Methylosinus	genus
1076	species	1073	Rhodopseudomonas	genus
1075399	species	34098	Blattabacterium	genus
1075398	genus	2236	Halobacteriaceae	family
1075397	genus	1963271	Halorubraceae	family
1075106	strain	28025	Bifidobacterium animalis	species
1075090	strain	36821	Gordonia amarae	species
1075089	strain	747	Pasteurella multocida	species
1075087	strain	813	Chlamydia trachomatis	species
1075086	strain	813	Chlamydia trachomatis	species
1075085	strain	813	Chlamydia trachomatis	species
1075	species	2818469	Fuscovulum	genus
1074919	strain	1280	Staphylococcus aureus	species
1074889	strain	39768	Blattabacterium sp. (Mastotermes darwiniensis)	species
1074493	strain	13690	Sphingobium yanoikuyae	species
1074488	strain	661979	Brachybacterium squillarum	species
1074485	strain	1719	Corynebacterium pseudotuberculosis	species
1074467	species	2767879	Companilactobacillus	genus
1074454	strain	1764	Mycobacterium avium	species
1074451	strain	28038	Latilactobacillus curvatus	species
1074252	strain	1280	Staphylococcus aureus	species
107401	species	104267	Tenacibaculum	genus
1074000	strain	535744	Cronobacter universalis	species
107400	species	407	Methylobacterium	genus
1074	species	168658	Rhodoblastus	genus
1073999	strain	1163710	Cronobacter condimenti	species
1073987	genus	1963268	Haloarculaceae	family
1073986	genus	1644056	Haloferacaceae	family
1073969	strain	2426	Teredinibacter turnerae	species
1073842	strain	189382	Rossellomorea aquimaris	species
1073574	strain	263909	Gordonia araii	species
1073571	strain	483937	Paenibacillus riograndensis	species
1073376	strain	46228	[Ruminococcus] lactaris	species
1073330	species	1883	Streptomyces	genus
107327	species	53246	Pseudoalteromonas	genus
1073250	strain	1246637	Desulfamplus magnetovallimortis	species
1073	genus	41294	Nitrobacteraceae	family
1072685	strain	1472345	Basilea psittacipulmonis	species
1072583	strain	223527	Halomonas boliviensis	species
1072467	strain	367806	Blattabacterium sp. (Blatta orientalis)	species
1072463	species	33882	Microbacterium	genus
1072459	strain	562	Escherichia coli	species
1072256	species	1716	Corynebacterium	genus
1071886	species	1301	Streptococcus	genus
1071783	strain	813	Chlamydia trachomatis	species
1071782	strain	813	Chlamydia trachomatis	species
1071781	strain	813	Chlamydia trachomatis	species
1071780	strain	813	Chlamydia trachomatis	species
1071779	strain	813	Chlamydia trachomatis	species
1071778	strain	813	Chlamydia trachomatis	species
1071777	strain	813	Chlamydia trachomatis	species
1071776	strain	813	Chlamydia trachomatis	species
1071775	strain	813	Chlamydia trachomatis	species
1071774	strain	813	Chlamydia trachomatis	species
1071773	strain	813	Chlamydia trachomatis	species
1071772	strain	813	Chlamydia trachomatis	species
1071771	strain	813	Chlamydia trachomatis	species
1071770	strain	813	Chlamydia trachomatis	species
1071769	strain	813	Chlamydia trachomatis	species
1071768	strain	813	Chlamydia trachomatis	species
1071767	strain	813	Chlamydia trachomatis	species
1071766	strain	813	Chlamydia trachomatis	species
1071765	strain	813	Chlamydia trachomatis	species
1071764	strain	813	Chlamydia trachomatis	species
1071763	strain	813	Chlamydia trachomatis	species
1071762	strain	813	Chlamydia trachomatis	species
1071761	strain	813	Chlamydia trachomatis	species
1071760	strain	813	Chlamydia trachomatis	species
1071759	strain	813	Chlamydia trachomatis	species
1071758	strain	813	Chlamydia trachomatis	species
1071757	strain	813	Chlamydia trachomatis	species
1071756	strain	813	Chlamydia trachomatis	species
1071755	strain	813	Chlamydia trachomatis	species
1071754	strain	813	Chlamydia trachomatis	species
1071753	strain	813	Chlamydia trachomatis	species
1071400	strain	1581	Lentilactobacillus buchneri	species
1071390	species	469	Acinetobacter	genus
1071080	species	1386	Bacillus	genus
1071079	species	1386	Bacillus	genus
1071078	species	1386	Bacillus	genus
1071	species	1070	Rhodopila	genus
1070314	genus	3064797	Haladaptataceae	family
1070130	species	1906661	Candidatus Gullanella	genus
1070	genus	433	Acetobacteraceae	family
107	genus	89373	Cytophagaceae	family
1069827	species	1637	Listeria	genus
1069642	strain	959	Bdellovibrio bacteriovorus	species
1069534	strain	1623	Ligilactobacillus ruminis	species
1069533	strain	102684	Streptococcus infantarius	species
1069494	genus	2049	Actinomycetaceae	family
1069448	strain	427918	Nitriliruptor alkaliphilus	species
1069083	strain	667126	Methanocaldococcus villosus	species
1069082	strain	437163	Halomicrobium katesii	species
1069081	strain	269259	Nitratiruptor tergarcus	species
1069080	strain	78120	Succinispira mobilis	species
1069073	species	1425377	Haloechinothrix	genus
1069	species	1068	Rhodomicrobium	genus
1068980	strain	381445	Amycolatopsis nigrescens	species
1068979	strain	84480	Amycolatopsis thermoflava	species
1068978	strain	1814	Amycolatopsis methanolica	species
1068975	strain	82116	Acetobacterium dehalogenans	species
1068	genus	45401	Hyphomicrobiaceae	family
106654	species	469	Acinetobacter	genus
106649	species	469	Acinetobacter	genus
106648	species	469	Acinetobacter	genus
106634	species	106633	Thioalkalivibrio	genus
106633	genus	72276	Ectothiorhodospiraceae	family
106592	species	106591	Ensifer	genus
106591	genus	82115	Rhizobiaceae	family
106590	species	106589	Cupriavidus	genus
106589	genus	119060	Burkholderiaceae	family
106588	species	1017280	Pseudoflavonifractor	genus
106578	species	1754	Thermoanaerobacter	genus
1064551	strain	28901	Salmonella enterica	species
1064539	species	191	Azospirillum	genus
1064535	strain	907	Megasphaera elsdenii	species
1064513	genus	1046	Chromatiaceae	family
1064	genus	75787	Rhodocyclaceae	family
106370	species	1854	Frankia	genus
1063	species	1653176	Cereibacter	genus
106147	species	106146	Pelistega	genus
106146	genus	506	Alcaligenaceae	family
1061	species	1060	Rhodobacter	genus
1060	genus	31989	Paracoccaceae	family
106	species	105	Runella	genus
105973	species	160800	Methylosarcina	genus
105972	species	160800	Methylosarcina	genus
105850	genus	871007	Acidilobaceae	family
105843	species	2569097	Anaerobutyricum	genus
105841	species	207244	Anaerostipes	genus
1058	species	1056	Thiocapsa	genus
105751	species	642	Aeromonas	genus
1057002	species	106591	Ensifer	genus
1056982	species	2053	Gordonia	genus
1056820	strain	2426	Teredinibacter turnerae	species
1056817	strain	2426	Teredinibacter turnerae	species
1056810	species	206375	Prolinoborus	genus
1056496	species	2901164	Stutzerimonas	genus
1056495	strain	200415	Caldisphaera lagunensis	species
105612	species	2767880	Dellaglioa	genus
1056	genus	1046	Chromatiaceae	family
1055688	genus	1055686	Sandaracinaceae	family
105560	species	316612	Methylibium	genus
105559	strain	473531	Nitrosococcus watsonii	species
1055532	strain	210	Helicobacter pylori	species
1055531	strain	210	Helicobacter pylori	species
1055530	strain	210	Helicobacter pylori	species
1055529	strain	210	Helicobacter pylori	species
1055528	strain	210	Helicobacter pylori	species
1055527	strain	210	Helicobacter pylori	species
1055524	strain	95486	Burkholderia cenocepacia	species
1055487	species	359407	Methylotenera	genus
1055352	species	1883	Streptomyces	genus
1054862	strain	42235	Streptomyces bottropensis	species
1054860	strain	1951	Streptomyces purpureus	species
1054460	strain	257758	Streptococcus pseudopneumoniae	species
1054211	genus	2008793	Sterolibacteriaceae	family
1054034	species	28196	Arcobacter	genus
1054	species	1051	Ectothiorhodospira	genus
1053692	strain	39152	Methanococcus maripaludis	species
1053688	strain	103817	Janibacter terrae	species
1053648	strain	189385	Candidatus Tremblaya princeps	species
1053551	species	1434011	Komagataeibacter	genus
105351	species	5052	Aspergillus	genus
105312	species	1485	Clostridium	genus
1053	species	85108	Halorhodospira	genus
1052684	strain	1406	Paenibacillus polymyxa	species
1052588	strain	1423	Bacillus subtilis	species
1052585	strain	96241	Bacillus spizizenii	species
105229	species	2675232	Neobacillus	genus
1052257	species	1648491	Aquihabitans	genus
105219	species	48736	Ralstonia	genus
1052095	strain	364410	Granulibacter bethesdensis	species
1052014	species	29287	Natronococcus	genus
1052004	strain	364410	Granulibacter bethesdensis	species
1052	species	85108	Halorhodospira	genus
1051985	strain	28091	Neisseria weaveri	species
1051981	strain	1336	Streptococcus equi	species
1051974	strain	364410	Granulibacter bethesdensis	species
1051973	strain	1828	Rhodococcus fascians	species
1051972	strain	28091	Neisseria weaveri	species
1051650	strain	1582	Lacticaseibacillus casei	species
1051649	strain	28173	Vibrio nigripulchritudo	species
1051646	strain	29498	Vibrio tubiashii	species
1051632	strain	53633	Sulfobacillus acidophilus	species
1051502	strain	72361	Bacillus vallismortis	species
1051501	strain	72360	Bacillus mojavensis	species
1051139	strain	1304158	Salinisphaera halophila	species
1051074	strain	1308	Streptococcus thermophilus	species
1051072	strain	1336	Streptococcus equi	species
1051	genus	72276	Ectothiorhodospiraceae	family
1050221	strain	83554	Chlamydia psittaci	species
1050219	strain	83554	Chlamydia psittaci	species
1050202	strain	33906	Actinopolyspora mortivallis	species
1050201	strain	174709	Allobaculum stercoricanis	species
1050198	strain	351187	Salinispora pacifica	species
1050174	species	1716	Corynebacterium	genus
105	genus	2896860	Spirosomataceae	family
1049565	strain	573	Klebsiella pneumoniae	species
1049	species	85072	Allochromatium	genus
1048834	strain	405212	Alicyclobacillus acidocaldarius	species
1048830	strain	2116	Malacoplasma iowae	species
1048758	species	1048757	Moranella	genus
1048689	strain	562	Escherichia coli	species
1048339	strain	35751	Sporichthya polymorpha	species
1048332	strain	1304	Streptococcus salivarius	species
1048260	strain	178606	Leptospirillum ferriphilum	species
1048245	strain	78331	Mycobacterium canetti	species
1047	genus	1046	Chromatiaceae	family
1046714	strain	1234606	Gayadomonas joobiniege	species
104663	species	79328	Chitinophaga	genus
1046629	strain	1304	Streptococcus salivarius	species
1046624	strain	1358	Lactococcus lactis	species
104662	species	79328	Chitinophaga	genus
1046599	strain	89059	Ligilactobacillus acidipiscis	species
1046596	strain	1618	Liquorilactobacillus mali	species
1046593	strain	1252	Leuconostoc carnosum	species
1046555	species	1696	Brevibacterium	genus
104628	species	209	Helicobacter	genus
104623	species	613	Serratia	genus
1046128	species	662	Vibrio	genus
1046117	species	1207070	Oceaniovalibus	genus
104609	species	662	Vibrio	genus
1045858	strain	84377	Brachyspira intermedia	species
1045856	strain	550	Enterobacter cloacae	species
1045855	strain	415229	Pseudoxanthomonas spadix	species
1045854	strain	165096	Weissella koreensis	species
1045773	species	1663	Arthrobacter	genus
1045009	species	169133	Citricoccus	genus
1045004	strain	336988	Oenococcus kitaharae	species
1044	species	1041	Erythrobacter	genus
1043596	species	1696	Brevibacterium	genus
104336	species	33882	Microbacterium	genus
1043206	species	522	Acidiphilium	genus
1043205	strain	1078471	Serinicoccus profundi	species
1043168	species	1873	Micromonospora	genus
1042878	strain	106590	Cupriavidus necator	species
1042877	species	2263	Thermococcus	genus
1042876	strain	303	Pseudomonas putida	species
104270	species	104267	Tenacibaculum	genus
104269	species	104267	Tenacibaculum	genus
104268	species	104267	Tenacibaculum	genus
104267	genus	49546	Flavobacteriaceae	family
104264	genus	49546	Flavobacteriaceae	family
1042417	strain	52584	Brachyspira pilosicoli	species
1042403	strain	28025	Bifidobacterium animalis	species
1042376	species	1916646	Ochrovirga	genus
1042315	genus	1042314	Armatimonadaceae	family
1042163	strain	1465	Brevibacillus laterosporus	species
1042156	species	1485	Clostridium	genus
104205	species	104204	Streptomonospora	genus
104204	genus	83676	Nocardiopsaceae	family
1041930	strain	1175444	Methanocella conradii	species
1041826	strain	996	Flavobacterium columnare	species
104176	species	104175	Oscillochloris	genus
104175	genus	104174	Oscillochloridaceae	family
1041522	strain	339268	Mycobacterium colombiense	species
1041504	species	49082	Candidatus Arthromitus	genus
1041147	strain	29450	Rhizobium leucaenae	species
1041	genus	335929	Erythrobacteraceae	family
1040989	species	374	Bradyrhizobium	genus
1040986	species	68287	Mesorhizobium	genus
1040983	strain	1777866	Mesorhizobium erdmanii	species
104087	species	286	Pseudomonas	genus
104	species	68288	Cyclobacterium	genus
1038929	strain	1038928	Streptomyces xinghaiensis	species
1038928	species	1883	Streptomyces	genus
103892	species	29465	Veillonella	genus
103891	species	29465	Veillonella	genus
1038869	strain	312026	Paraburkholderia mimosarum	species
1038867	species	374	Bradyrhizobium	genus
1038858	strain	281091	Azorhizobium doebereinerae	species
1038856	species	1372	Planococcus	genus
1038845	species	237	Flavobacterium	genus
103855	species	517	Bordetella	genus
103838	species	83681	Nonomuraea	genus
103836	species	359169	Thermopolyspora	genus
103817	species	53457	Janibacter	genus
103816	species	1827	Rhodococcus	genus
103815	species	44249	Paenibacillus	genus
103810	species	34084	Riemerella	genus
1037911	strain	294	Pseudomonas fluorescens	species
1037889	strain	1258573	Profundibacterium mesophilum	species
1037409	strain	375	Bradyrhizobium japonicum	species
103732	species	165301	Lentzea	genus
103731	species	2071	Saccharothrix	genus
103690	species	1177	Nostoc	genus
1036743	strain	1085	Rhodospirillum rubrum	species
1036674	species	135575	Idiomarina	genus
1036673	strain	61624	Paenibacillus mucilaginosus	species
1036672	strain	310575	Advenella kashmirensis	species
103621	species	1654	Actinomyces	genus
103618	species	2692113	Gleimia	genus
1036172	strain	28197	Aliarcobacter butzleri	species
1036171	strain	1406	Paenibacillus polymyxa	species
1036132	genus	2066474	Endozoicomonadaceae	family
1035839	strain	1078480	Haemophilus sputorum	species
1035817	strain	216816	Bifidobacterium longum	species
1035585	species	933	Thiomicrospira	genus
1035377	strain	632	Yersinia pestis	species
1035353	species	54304	Planktothrix	genus
1035196	strain	1261	Peptostreptococcus anaerobius	species
1035194	strain	714	Aggregatibacter actinomycetemcomitans	species
1035188	strain	249188	Haemophilus pittmaniae	species
1035067	species	31988	Aminobacter	genus
1035	species	1033	Afipia	genus
1034944	species	445	Legionella	genus
1034883	species	2013	Nocardiopsis	genus
1034870	species	2013	Nocardiopsis	genus
1034836	strain	1390	Bacillus amyloliquefaciens	species
1034809	strain	28035	Staphylococcus lugdunensis	species
1034807	strain	55197	Flavobacterium branchiophilum	species
1034769	species	44249	Paenibacillus	genus
103441	species	1847	Pseudonocardia	genus
1034347	strain	1287657	Robertmurraya massiliosenegalensis	species
1034346	species	1472649	Dielma	genus
1034345	strain	1473216	Senegalimassilia anaerobia	species
1034015	species	497726	Nitrososphaera	genus
1034	species	1033	Afipia	genus
1033991	strain	384	Rhizobium leguminosarum	species
1033967	species	662	Vibrio	genus
1033854	species	106633	Thioalkalivibrio	genus
1033846	species	2742	Marinobacter	genus
1033837	strain	267818	Lactobacillus kefiranofaciens	species
1033813	strain	562	Escherichia coli	species
1033810	strain	471825	Haloplasma contractile	species
1033806	strain	430914	Halorhabdus tiamatea	species
1033802	strain	180542	Salinisphaera shabanensis	species
1033744	strain	1465757	Peptoniphilus senegalensis	species
1033743	strain	1465766	Paenibacillus senegalensis	species
1033740	species	1649	Kurthia	genus
1033739	species	1649	Kurthia	genus
1033738	species	1649	Kurthia	genus
1033737	strain	1465809	Clostridium senegalense	species
1033734	species	1386	Bacillus	genus
1033733	strain	1288120	Anaerococcus senegalensis	species
1033732	strain	1288121	Alistipes senegalensis	species
1033731	strain	1465754	Alistipes timonensis	species
1033730	strain	1464554	Aeromicrobium massiliense	species
1033	genus	41294	Nitrobacteraceae	family
1032851	species	1716	Corynebacterium	genus
1032845	strain	781	Rickettsia conorii	species
1032727	species	13687	Sphingomonas	genus
1032527	species	1032526	Pedosphaera	genus
1032488	strain	607712	Neisseria shayeganii	species
1032480	strain	29405	Microlunatus phosphovorus	species
103232	species	1883	Streptomyces	genus
1032241	strain	708186	Aliarcobacter trophiarum	species
1032240	strain	544718	Aliarcobacter thereius	species
1032239	strain	28200	Aliarcobacter skirrowii	species
1032238	strain	603050	Malaciobacter mytili	species
1032070	strain	28198	Aliarcobacter cryaerophilus	species
1032069	strain	827	Campylobacter ureolyticus	species
1032067	strain	202	Campylobacter mucosalis	species
1031920	strain	206	Campylobacter sputorum	species
1031753	strain	75658	Campylobacter lanienae	species
1031752	strain	198	Campylobacter hyointestinalis	species
1031746	strain	198	Campylobacter hyointestinalis	species
1031739	strain	28898	Campylobacter helveticus	species
1031711	strain	305	Ralstonia solanacearum	species
1031710	strain	40137	Afipia carboxidovorans	species
1031709	strain	1747	Cutibacterium acnes	species
1031564	strain	260714	Campylobacter insulaenigrae	species
1031536	strain	201	Campylobacter lari	species
1031288	species	44258	Caloramator	genus
1031	species	1030	Thiothrix	genus
1030843	strain	837	Porphyromonas gingivalis	species
1030842	strain	1265	Ruminococcus flavefaciens	species
1030841	strain	607711	Neisseria wadsworthii	species
1030272	species	42054	Chromohalobacter	genus
1030271	species	2745	Halomonas	genus
1030157	species	13687	Sphingomonas	genus
1030009	strain	1639	Listeria monocytogenes	species
1030	genus	135617	Thiotrichaceae	family
103	species	101	Flectobacillus	genus
1029825	strain	29459	Brucella melitensis	species
1029756	strain	1427356	Hyphomicrobium nitrativorans	species
1029631	genus	85023	Microbacteriaceae	family
1028989	species	286	Pseudomonas	genus
102897	species	2994362	Parafrankia	genus
102886	species	1301	Streptococcus	genus
102884	species	1847	Pseudonocardia	genus
1028801	strain	399	Neorhizobium galegae	species
1028800	strain	399	Neorhizobium galegae	species
1028799	strain	1280	Staphylococcus aureus	species
1028749	species	48073	Microbulbifer	genus
102862	species	583	Proteus	genus
1028567	strain	2285	Sulfolobus acidocaldarius	species
1028566	strain	2285	Sulfolobus acidocaldarius	species
1028416	species	497	Psychrobacter	genus
1028307	strain	548	Klebsiella aerogenes	species
1027371	strain	84096	Gordonia alkanivorans	species
1027360	strain	67780	Edwardsiella ictaluri	species
1027292	strain	759851	Sporosarcina newyorkensis	species
1027250	species	84406	Virgibacillus	genus
1027	species	1023	Microscilla	genus
1026882	strain	230105	Methylophaga aminisulfidivorans	species
102684	species	1301	Streptococcus	genus
102619	strain	210	Helicobacter pylori	species
102618	strain	210	Helicobacter pylori	species
102608	strain	210	Helicobacter pylori	species
1025	species	59739	Flammeovirga	genus
1023	genus	1937962	Microscillaceae	family
102235	species	102234	Cyanobacterium	genus
102234	genus	2815910	Geminocystaceae	family
102231	genus	1890464	Chroococcaceae	family
102227	species	1847	Pseudonocardia	genus
1022	species	1021	Beggiatoa	genus
102148	species	123375	Solobacterium	genus
102134	species	2867376	Desulfoscipio	genus
102129	species	47251	Leptolyngbya	genus
102126	species	1152	Pseudanabaena	genus
102122	strain	1124	Chlorogloeopsis fritschii	species
102116	species	102115	Stanieria	genus
102115	genus	1890498	Dermocarpellaceae	family
102106	genus	84107	Coriobacteriaceae	family
1021	genus	135617	Thiotrichaceae	family
102	species	52959	Polaribacter	genus
1019	species	1016	Capnocytophaga	genus
1018	species	1016	Capnocytophaga	genus
1017277	species	33986	Exiguobacterium	genus
1017273	species	1433999	Domibacillus	genus
1017264	strain	520	Bordetella pertussis	species
1017184	species	1017183	Camelimonas	genus
1017	species	1016	Capnocytophaga	genus
1016998	strain	28901	Salmonella enterica	species
101689	species	367298	Phycicoccus	genus
1016	genus	49546	Flavobacteriaceae	family
101571	species	32008	Burkholderia	genus
101564	species	286	Pseudomonas	genus
101534	species	203804	Blochmannia	genus
101510	strain	132919	Rhodococcus jostii	species
1015	species	59735	Bergeyella	genus
1014	species	1013	Weeksella	genus
101385	species	153265	Aequorivita	genus
101383	species	246876	Cryomorpha	genus
1013	genus	2762318	Weeksellaceae	family
101192	species	101191	Methanomethylovorans	genus
101191	genus	2206	Methanosarcinaceae	family
1011	genus	89373	Cytophagaceae	family
1010840	strain	1314	Streptococcus pyogenes	species
1010836	strain	1773	Mycobacterium tuberculosis	species
1010835	strain	1773	Mycobacterium tuberculosis	species
1010834	strain	1773	Mycobacterium tuberculosis	species
101070	species	648802	Rummeliibacillus	genus
101059	species	496496	Viridibacillus	genus
1010	species	28453	Sphingobacterium	genus
101	genus	2896860	Spirosomataceae	family
1009859	strain	9	Buchnera aphidicola	species
1009858	strain	9	Buchnera aphidicola	species
1009857	strain	9	Buchnera aphidicola	species
1009856	strain	9	Buchnera aphidicola	species
1009852	strain	285	Comamonas testosteroni	species
1009846	strain	292	Burkholderia cepacia	species
1009464	strain	2702	Gardnerella vaginalis	species
1009370	strain	2374	Acetonema longum	species
100901	species	953	Wolbachia	genus
100886	species	135858	Catenibacterium	genus
100884	species	100883	Coprobacillus	genus
100883	genus	2810280	Coprobacillaceae	family
100868	species	13134	Magnetospirillum	genus
1008460	species	2260	Pyrococcus	genus
1008459	strain	84590	Taylorella asinigenitalis	species
1008297	strain	28901	Salmonella enterica	species
1008195	genus	1644056	Haloferacaceae	family
1008	species	1007	Saprospira	genus
1007871	strain	813	Chlamydia trachomatis	species
1007870	strain	813	Chlamydia trachomatis	species
1007676	species	2767879	Companilactobacillus	genus
100716	species	100715	Chloroherpeton	genus
100715	genus	2968741	Chloroherpetonaceae	family
1007105	species	305976	Pusillimonas	genus
1007104	species	13687	Sphingomonas	genus
1007096	strain	1263547	Oscillibacter ruminantium	species
1007082	genus	338190	Nitrosopumilaceae	family
1007064	strain	1307	Streptococcus suis	species
1007	genus	89374	Saprospiraceae	family
1006581	strain	2096	Mycoplasmoides gallisepticum	species
1006579	strain	3026968	Corynebacterium ramonii	species
1006576	species	1511648	Defluviitoga	genus
1006551	strain	1134687	Klebsiella michiganensis	species
1006543	strain	1280	Staphylococcus aureus	species
1006007	strain	1404	Priestia megaterium	species
1006006	strain	1006005	Metallosphaera cuprina	species
1006005	species	41980	Metallosphaera	genus
1006004	strain	82977	Buttiauxella agrestis	species
1006003	strain	546	Citrobacter freundii	species
1006000	strain	51288	Kluyvera ascorbata	species
1006	species	869806	Marivirga	genus
1005999	strain	82981	Leminorella grimontii	species
1005996	strain	575	Raoultella planticola	species
1005995	strain	82987	Tatumella ptyseos	species
1005994	strain	158852	Trabulsiella guamensis	species
1005945	species	1839	Nocardioides	genus
1005941	strain	1215089	Planococcus halocryophilus	species
1005703	species	1743	Propionibacterium	genus
1005090	strain	9	Buchnera aphidicola	species
1005058	strain	750	Gallibacterium anatis	species
1005057	strain	9	Buchnera aphidicola	species
1005048	strain	158899	Collimonas fungivorans	species
1005042	strain	1307	Streptococcus suis	species
1005041	strain	1307	Streptococcus suis	species
1004954	strain	29461	Brucella suis	species
1004952	strain	1307	Streptococcus suis	species
1004951	strain	1307	Streptococcus suis	species
1004901	species	2053	Gordonia	genus
1004836	species	89583	Gluconacetobacter	genus
1004788	strain	28108	Alteromonas macleodii	species
1004787	strain	28108	Alteromonas macleodii	species
1004786	strain	314275	Alteromonas mediterranea	species
1004785	strain	28108	Alteromonas macleodii	species
100469	species	2529408	Schaalia	genus
1004303	genus	563835	Chitinophagaceae	family
1004301	genus	563835	Chitinophagaceae	family
1004300	genus	563835	Chitinophagaceae	family
1004156	species	380240	Brocadia	genus
1004	species	79328	Chitinophaga	genus
100379	species	33926	Phytoplasma	genus
1003202	strain	785	Rickettsia typhi	species
1003201	strain	785	Rickettsia typhi	species
1003195	strain	29303	Streptantibioticus cattleyicolor	species
1003191	strain	28901	Salmonella enterica	species
1003110	species	1873	Micromonospora	genus
1002809	strain	76853	Solibacillus silvestris	species
1002805	strain	56877	Helicobacter bizzozeronii	species
1002804	strain	56877	Helicobacter bizzozeronii	species
1002672	species	198251	Pelagibacter	genus
1002369	strain	1496	Clostridioides difficile	species
1002368	strain	158877	Yokenella regensburgei	species
1002367	strain	363265	Leyella stercorea	species
1002366	strain	1642	Listeria innocua	species
1002365	strain	47715	Lacticaseibacillus rhamnosus	species
100226	strain	1902	Streptomyces coelicolor	species
100225	species	1184606	Austwickia	genus
1002220	strain	320502	Acetivibrio alkalicellulosi	species
1002	species	1937999	Hugenholtzia	genus
1001994	strain	1088740	Nitrosarchaeum koreense	species
100177	species	64895	Borreliella	genus
100175	genus	216572	Oscillospiraceae	family
1001714	strain	36809	Mycobacteroides abscessus	species
1001585	strain	300	Pseudomonas mendocina	species
1001583	strain	1580	Levilactobacillus brevis	species
1001582	strain	1390	Bacillus amyloliquefaciens	species
1001534	strain	263	Francisella tularensis	species
100132	genus	186803	Lachnospiraceae	family
1000999	genus	204434	Acidobacteriaceae	family
1000569	species	906	Megasphaera	genus
1000568	species	906	Megasphaera	genus
1000565	strain	378211	Methyloversatilis universalis	species
100053	species	171	Leptospira	genus
10	genus	1706371	Cellvibrionaceae	family
